Time,Probability,RiskPremium,T0,T1,T2,Z,Expected,CVaR
15.2914174,0.1,13.766862671792447,0.09999999999999609,27.245644033409096,27.245644033409096,4.361000942610891,6.257664850814745,27.24564403992696
17.4935077,0.1,24.4741869855826,0.09999999999999076,48.82313354721057,48.82313354721057,7.694781072693216,11.124630447992084,48.82313354730748
13.8361438,0.1,12.442543983072264,0.1,24.08027900602037,24.08027900602037,4.02315559302799,5.655701810487397,24.080279007533377
15.8695221,0.1,12.551628644837045,0.09999999999999609,24.431297847068755,24.431297847068755,4.037441081905163,5.705285747653202,24.431297849511086
21.9827362,0.1,18.40271060586366,0.1,32.67536990209107,32.67536990209107,6.39126693192164,8.364868457210719,32.675369902085805
12.2126039,0.1,29.753500394857568,0.1,53.03288098592301,53.03288099173269,10.302897639864996,13.524318361298972,53.03288098592301
