Time,Probability,RiskPremium,T0,T1,T2,Z,Expected,CVaR
16.2091753,0.05,6.186437028029779,0.10000000651786647,21.93060783595934,21.93060783595934,0.2676101147455507,3.0932185140148896,21.930607842477205
12.5099322,0.05,9.182828602976322,0.1,32.555125539408884,32.555125539408884,0.39685761594685776,4.591414301488158,32.55512553843014
12.1971078,0.05,6.195720897672076,0.09999999999999432,21.754632476143446,21.754632476143446,0.2993446445129938,3.097860448836038,21.75463247765646
12.3114477,0.05,6.246892068537734,0.1,21.84028881260101,21.84028881260101,0.31591961807917923,3.1234460342688664,21.840288808866756
25.9852149,0.05,8.88025856470425,0.1,31.156429472062985,31.156429472062985,0.4326842544452827,4.440129282352125,31.15642946839782
10.6903341,0.05,14.312440925938823,0.09999999999998721,50.44645516531204,50.44645516531204,0.6626852584894722,7.1562204629694115,50.44645515950236
