Time,Probability,RiskPremium,T0,T1,T2,Z,Expected,CVaR
11.3138547,0.05,-9.994060216437598e-12,2.0,-3.1845320252129264e-9,-3.1845320252129264e-9,-6.735127537164468e-12,-4.3452435723641734e-12,0.0
11.4370263,0.05,0.0,2.0,0.0,0.0,-0.0,0.0,0.0
17.1411301,0.05,-2.3199570856983575e-12,0.1,0.0,0.0,-1.5634493403619365e-12,-1.0086769937818947e-12,0.0
19.1683805,0.05,0.0,2.0,0.0,0.0,-0.0,0.0,0.0
24.4724332,0.05,0.0,2.0,0.0,0.0,-0.0,0.0,0.0
20.2062766,0.05,0.0,2.0,5.809681624668883e-9,5.809681624668883e-9,-0.0,0.0,0.0
