Time,Probability,RiskPremium,T0,T1,T2,Z,Expected,CVaR
8.9932248,0.25,32.47809950043526,0.1,63.17809376188807,156.54192510569595,10.949893839029672,15.46576166687393,45.77798163953224
9.577331,0.25,62.0353482144364,0.1,63.6545343968845,159.2186616820817,23.073797431506264,29.540642006874442,76.6451858871527
9.2852189,0.25,25.492087892257153,0.1,36.7901540834119,70.95489073513308,9.290877013618047,12.139089472503418,32.44969650318193
7.7982753,0.25,25.496877811876768,0.1,36.81050410629964,70.14192940826788,9.335895283340264,12.14137038660799,32.23943109625061
7.8368229,0.25,44.181780444247075,0.1,38.121498083200855,91.54684087940345,16.51279717526877,21.038943068689104,54.18914407013498
9.4692311,0.25,77.32283426618021,0.1,63.62646810097078,169.065317266968,28.99274396381485,36.820397269609536,94.36886243338787
