Time,Probability,RiskPremium,T0,T1,T2,Z,Expected,CVaR
13.0364733,0.1,17.732867213424885,0.1,63.178093761888086,109.79111751075695,6.273637891379401,7.7099422667064745,32.70518930229992
14.0237551,0.1,29.40564603671448,0.1,63.6545343968845,159.2186616820817,10.408265719404415,12.785063494223687,54.200508981466314
12.9329884,0.1,14.943081543786969,0.1,36.7901540834119,61.683831872068886,5.411552061725782,6.496991975559554,26.727242018903787
14.9245928,0.1,14.948142936605706,0.1,36.81050410629964,58.73116960119909,5.40045908382713,6.499192581132909,26.82246772543737
12.1959344,0.1,21.907252437593606,0.1,38.121498083200855,75.85949867597274,8.180888551783708,9.524892364171135,37.5347025084296
13.1422635,0.1,36.26277761254964,0.1,63.62646810097078,121.6785427124816,13.437953885030861,15.766425048934627,62.82241623949559
