Time,Probability,RiskPremium,T0,T1,T2,Z,Expected,CVaR
20.5236419,0.2,22.256104873780462,0.09999999999999432,27.352728866862588,27.352728866862588,7.830614177366829,10.116411306263872,27.352728866862588
23.4857845,0.2,44.23167518244166,0.09999999999999076,48.8178885528087,48.8178885528087,16.948222868328052,20.10530690110985,48.81788855312472
16.9857682,0.2,19.605242715110943,0.1,23.829911716978785,23.829911716978785,6.964159313021657,8.911473961414055,23.829911724115036
20.0948279,0.2,19.84219785811805,0.1,24.06173153192051,24.06173153192051,7.062379340358536,9.01918084459908,24.061731537240984
18.275398,0.2,31.564628474166877,0.1,32.66177332057337,32.66177332057337,12.638516345246343,14.347558397348585,32.66177332363595
21.9518753,0.2,52.45045580279229,0.1,53.54457334404379,53.54457334404379,21.183475261284045,23.841116273996274,53.54457334404379
