Time,Probability,RiskPremium,T0,T1,T2,Z,Expected,CVaR
16.636943,0.15,19.566261790106065,0.1,27.087573322115315,27.087573322115315,6.67991164853957,8.15260907921091,27.08757332863321
85.835021,0.15,37.82198651683973,0.09999999999999432,48.71795515825575,48.71795515825575,13.823139625940723,15.759161048683254,48.71790441754647
8.5618161,0.15,17.110654937156006,0.09999999999999609,22.05895710271173,22.05895710271173,6.248835993616783,7.1294395571483395,22.05895710271173
19.7003744,0.15,17.58210493618892,0.09999999999999609,23.08722174516611,23.08722174516611,6.315946353676056,7.325877056745408,23.087003159815012
17.6599752,0.15,27.49874296520836,0.1,31.383202378602363,31.383202378602363,11.059585193164558,11.457809568836787,31.38320238166504
17.7403082,0.15,44.61034790333079,0.1,52.02450842892459,52.02450842892459,17.663487077851805,18.587644959721157,52.02450842275262
