Time,Probability,RiskPremium,T0,T1,T2,Z,Expected,CVaR
55.0498436,0.1,9.793410296183334,0.1,15.803318970194551,15.803318970194551,0.9172800146960167,4.258004476601407,15.803318988816097
43.8666884,0.1,17.809692733996997,0.1,29.15527675337148,29.15527675337148,1.5015752324753122,7.7433446669552195,29.15527675337154
65.153764,0.1,9.485835200840325,0.1,15.065937023641478,15.065937023641478,0.9848946866654049,4.124276174278419,15.06593702401973
8.8384855,0.1,9.375177275039194,0.1,14.909881822242323,14.909881822242323,0.9655261265581873,4.076164032625689,14.909881822264031
30.8355864,0.1,17.896221998482,0.09999999999999076,28.845483403793146,28.845483403793146,1.6894489866529838,7.780966086296552,28.845483400127982
16.7179572,0.1,29.674705002538527,0.1,48.51292738278493,48.51292738278493,2.5283066597818253,12.90204565327762,48.51292737697525
