Time,Probability,RiskPremium,T0,T1,T2,Z,Expected,CVaR
21.1104608,0.2,39.287459821857674,0.1,63.17809376188807,156.54192510569598,17.870726660635608,13.095819940619208,54.70038604363338
18.9023868,0.2,72.56499373255677,0.1,63.6545343968845,159.2186616820817,35.947705779697806,24.188331244185548,86.3331147875522
18.1924333,0.2,31.19010796392723,0.1,36.7901540834119,70.95489073513308,15.443445356129367,10.396702654642404,37.14650242041974
16.5680374,0.2,31.196690882043598,0.1,36.81050410629964,70.1419294082679,15.586521399384154,10.3988969606812,36.45525957057242
17.3074555,0.2,52.1536266654907,0.1,38.121498083200855,91.54684087940345,26.25781874566003,17.384542221830234,59.9408707118324
15.276464,0.2,89.78401801585576,0.1,63.62646810097078,169.065317266968,44.97101673074896,29.92800600528522,104.35298240439263
