Time,Probability,RiskPremium,T0,T1,T2,Z,Expected,CVaR
16.7357159,0.15,24.901837430229225,0.1,63.178093761888086,109.79111751075698,8.830894406792448,10.375765595928852,48.34361511264845
14.0229615,0.15,44.50854141496288,0.1,63.6545343968845,159.2186616820817,17.39238494259966,18.54522558956784,75.68476480820352
15.0254477,0.15,20.467472886677243,0.1,36.7901540834119,61.68383187206888,7.990223293591547,8.528113702782191,34.85568630480569
14.2703536,0.15,20.472955502691754,0.1,36.81050410629964,59.60930820403673,8.096056982430119,8.530398126121549,34.17373408705541
14.3370702,0.15,32.62480917840738,0.1,38.121498083200855,91.54684087940345,13.32136456606776,13.59367049100308,51.658831299913444
14.0161962,0.15,54.973496818514384,0.1,63.62646810097078,169.06531726696798,21.549851110463244,22.905623674380998,93.02577056551507
