Time,Probability,RiskPremium,T0,T1,T2,Z,Expected,CVaR
37.8799433,0.15,18.480695525887153,0.1,26.338867150616537,26.338867150616537,5.86966497816208,8.035085011255287,26.338867157134544
14.230141,0.15,36.231616171307024,0.09999999999998721,48.67613997034554,48.67613997034554,12.247923731237282,15.752876596220394,48.67613997161805
14.2465752,0.15,16.11616457787757,0.09999999999999609,21.274268848014675,21.274268848014675,5.5423263078703755,7.007028077338014,21.274268848014675
39.5694425,0.15,16.403902609431068,0.1,21.840288808866756,21.84028880886673,5.594731730225991,7.132131569317834,21.840288808866756
11.9608421,0.15,26.08483185808294,0.1,30.63343676218505,30.63343676218505,9.920549234787412,11.341231242644794,30.63343676524763
23.0464439,0.15,42.41168626227642,0.09999999999998721,51.07972063887747,51.07972063887747,15.811858406793487,18.439863592294053,51.07972064504944
