Time,Probability,RiskPremium,T0,T1,T2,Z,Expected,CVaR
25.2677731,0.25,37.11782800049746,0.1,63.17809376188807,156.54192510569595,18.04489540231551,15.46576166687393,51.53747097995397
24.3360256,0.25,70.8975408164987,0.1,63.6545343968845,159.2186616820817,35.845879493661755,29.540642006874442,84.65083516649952
23.0908822,0.25,29.133814734008176,0.1,36.7901540834119,70.95489073513308,14.716236394789458,12.139089472503418,34.92397813965663
23.0017067,0.25,29.139288927859187,0.1,36.81050410629964,70.14192940826788,14.750177942130975,12.14137038660799,34.61877637781018
21.3177142,0.25,50.49346336485377,0.1,38.121498083200855,91.54684087940345,25.65969999068967,21.038943068689104,58.9871461234396
22.0411823,0.25,88.36895344706299,0.1,63.62646810097078,169.065317266968,44.842295622292,36.820397269609536,103.88300282122408
