Time,Probability,RiskPremium,T0,T1,T2,Z,Expected,CVaR
8.067837,0.15,9.066445066310703,0.09999999999999609,14.210363462041979,14.210363462041979,1.0700939410813803,5.333202980182764,14.210363463671452
6.7435166,0.15,18.680779628519435,0.09999999999999076,29.388744986027255,29.388744986027255,2.1720704029417077,10.988693899129125,29.38874498729134
24.8871146,0.15,9.236433658061221,0.1,13.93286599328433,13.93286599328433,1.25333647146251,5.433196269447715,13.93286599328433
15.9468052,0.15,9.292235197728735,0.1,13.977381088023193,13.977381088023193,1.2728063763616366,5.4660207045463025,13.97738109394897
23.7167164,0.15,18.174139282071536,0.1,27.714691940129104,27.714691940129104,2.376262582966877,10.690670165924494,27.714691943191685
35.9069949,0.15,30.245142930845944,0.09999999999999432,47.81761582900742,47.81761582900742,3.4459757988541737,17.791260547556575,47.81761582900742
