Time,Probability,RiskPremium,T0,T1,T2,Z,Expected,CVaR
21.4867292,0.2,20.416684777229985,0.1,27.895775861682694,27.895775861682694,6.670855693356712,10.208342388614987,27.89577586490637
23.1086148,0.2,40.24032657313081,0.09999999999999076,48.90594640605221,48.90594640605221,14.363006662414147,20.120163286565404,48.90594640732191
21.8879207,0.2,18.015884004278515,0.1,24.396856257798916,24.396856257798916,5.930159149580114,9.007942002139249,24.396856264935167
21.3320165,0.2,18.21396234599899,0.09999999999999076,24.584846497754402,24.584846497754402,6.011408106984365,9.106981172999491,24.584846503074875
21.4886728,0.2,28.70097851087387,0.1,32.679007257817666,32.679007257817666,10.68478565496077,14.350489255436909,32.679007257817666
15.055838,0.2,47.99138988214384,0.1,54.45610058432832,54.45610058432832,17.90361381242053,23.995694941071886,54.45610058432832
