Time,Probability,RiskPremium,T0,T1,T2,Z,Expected,CVaR
23.3428962,0.2,24.820733652959657,0.09999999999999432,26.31175203056182,26.31175203056182,9.158229692439654,9.92829346118383,26.31175203071584
35.6361419,0.2,50.152823202355854,0.1,48.57538608593669,48.57538608593669,20.111704039662584,20.061129280942186,48.57538608594501
18.0852548,0.2,21.40224353980482,0.1,21.883604831695514,21.883604831695514,8.178398528362056,8.56089741592196,21.883604831695514
16.4635772,0.2,21.74786391824837,0.1,22.284541706134604,22.284541706134604,8.293829702356641,8.699145567299386,22.284541706134604
13.551736,0.2,35.18015874034957,0.1,31.165738814684495,31.165738814684495,15.12530888164719,14.072063496139798,31.165738817747076
12.3631898,0.2,58.5706341765922,0.1,51.250689116928406,51.250689116928406,25.404528099753268,23.428253670637005,51.250689116928406
