Time,Probability,RiskPremium,T0,T1,T2,Z,Expected,CVaR
13.4489743,0.1,0.0,2.0,0.0,0.0,-0.0,0.0,0.0
12.895748,0.1,0.0,2.0,0.0,0.0,-0.0,0.0,0.0
10.4352629,0.1,0.0,2.0,0.0,0.0,-0.0,0.0,0.0
10.1248997,0.1,0.0,2.0,0.0,0.0,-0.0,0.0,0.0
9.8770733,0.1,0.0,2.0,0.0,0.0,-0.0,0.0,0.0
10.7472581,0.1,0.0,2.0,0.0,0.0,-0.0,0.0,0.0
