Time,Probability,RiskPremium,T0,T1,T2,Z,Expected,CVaR
12.125401,0.05,2.5028602976817634e-10,2.0,6.51786535854626e-9,0.0,-9.693522803355793e-26,1.0428584573674016e-10,5.214292286837008e-10
11.6458211,0.05,-1.6286302297885407e-10,2.0,0.0,0.0,-9.285714285714281e-11,-6.785959290785588e-11,-7.399184209029987e-11
13.6722622,0.05,7.746641017547515e-11,0.1,0.0,0.0,-3.877409121342317e-26,3.227767090644799e-11,1.6138835453223995e-10
11.4290031,0.05,-1.0754660024758778e-10,2.0,0.0,0.0,-7.841939601386609e-11,-4.4811083436494915e-11,0.0
12.9024901,0.05,-1.2901382433483375e-10,2.0,0.0,0.0,-9.166666666666666e-11,-5.375576013951408e-11,-6.874038792808478e-12
12.2100822,0.05,16.18393253678632,2.0,47.48806496084168,47.488064960841655,-5.417888360170764e-14,6.743305223661014,33.716526118305076
