Time,Probability,RiskPremium,T0,T1,T2,Z,Expected,CVaR
74.0999582,0.1,12.280286189951932,0.09999999999999432,18.72356147322694,18.72356147322694,1.843592915011849,4.912114475980772,18.723561473379025
29.0109565,0.1,19.990994438068526,0.1,30.310910065079977,30.310910065079977,3.0687917468983397,7.996397775227344,30.31091006508432
7.4830888,0.1,11.195769208479403,0.1,16.66965947846685,16.66965947846685,1.8409208070575938,4.478307683391772,16.66965947846685
23.2888066,0.1,11.062402842498264,0.09999999999999609,16.491571259243553,16.491571259243553,1.810797656541034,4.424961136999302,16.491571259394163
38.7592597,0.1,19.59470275253929,0.1,29.102131768554003,29.102131768554003,3.2511213845388705,7.837881101015681,29.102131768477363
28.121063,0.1,32.30638947380351,0.09999999999998721,48.60450511744866,48.60450511744866,5.111053955435086,12.922555789521391,48.60450511163898
