Time,Probability,RiskPremium,T0,T1,T2,Z,Expected,CVaR
26.2748206,0.2,13.285259963736845,0.1,16.531321079841405,16.531321079841405,2.701842597759025,7.380699979853792,16.53132108306508
35.8364791,0.2,35.24420170748226,0.1,46.59712072096091,46.59712072096091,6.208136615890197,19.58011205971255,46.59712072222499
73.3681021,0.2,12.140399510212474,0.1,14.155374371752142,14.155374364616044,2.8019853236335805,6.744666394562507,14.155374371752142
41.1592627,0.2,12.27564389754788,0.1,14.155480341722445,14.155480341722438,2.8883817512372367,6.819802165304406,14.155402111036395
23.2804326,0.2,23.954114122458712,0.09999999999999076,27.923800408137467,27.923800408137467,5.530687212899177,13.307841179143729,27.923800408903112
29.8805859,0.2,40.81445385228779,0.1,47.84246227201262,47.84246227201262,9.331039277090607,22.67469658460438,47.84246227201262
