Time,Probability,RiskPremium,T0,T1,T2,Z,Expected,CVaR
43.7483042,0.2,18.51290316010275,0.1,28.369639152380245,28.369639152380273,5.515253016230155,10.284946200057066,28.369639158827596
40.45731,0.2,36.543215864545054,0.09999999999998366,50.03362684452918,50.03362684452918,11.781653235163894,20.301786591413986,50.03362684452916
20.1133234,0.2,16.373850391805085,0.09999999999999609,24.94821331689681,24.94821331689681,4.899522375646978,9.096583551002833,24.94821331870466
17.7806185,0.2,16.469856005814826,0.09999999999999254,24.8523313209896,24.8523313209896,4.964574304122467,9.149920003230404,24.852331326310072
12.2715953,0.2,26.20356959693265,0.1,33.956582230004734,33.956582230004734,8.736174397213809,14.557538664962468,33.956582230004734
8.0760771,0.2,43.99914106720771,0.1,57.2127011935934,57.2127011935934,14.63986371754287,24.44396725955977,57.2127011935934
