Time,Probability,RiskPremium,T0,T1,T2,Z,Expected,CVaR
80.2263493,0.2,24.43135355391482,0.1,25.535930417556017,25.53593041755593,8.35345653395277,9.772541421565965,25.535930417556035
46.6083813,0.2,50.02442169972131,0.10000000063202918,48.32376915020632,48.32376915020632,18.68905283157929,20.00976867988856,48.32376915052234
11.3196235,0.2,20.52152995476511,0.1,20.10349611124976,20.10349611124976,7.554964321121531,8.208611981906024,20.10349611124976
26.2619758,0.2,20.572292639506383,0.1,19.91726137016964,19.91726137016964,7.668037856892991,8.22891705580253,19.917261372829735
30.9457392,0.2,34.66752581276873,0.09999999999999076,30.121872161586765,30.121872161586765,14.298570751844537,13.867010325107572,30.121872164649346
33.2325002,0.2,57.46678443103611,0.1,49.02222326774705,49.02222326774705,24.06586686110571,22.98671377241457,49.022223266204065
