Time,Probability,RiskPremium,T0,T1,T2,Z,Expected,CVaR
8.8390394,0.15,9.066445067743684,0.09999999999999609,14.210363463671452,14.210363463671452,1.070093941435451,5.333202981025713,14.210363465300926
7.928449,0.15,18.680779628519435,0.09999999999999076,29.388744986027255,29.388744986027255,2.1720704029417077,10.988693899129125,29.38874498729134
33.7824795,0.15,9.236433658061221,0.1,13.93286599328433,13.93286599328433,1.25333647146251,5.433196269447715,13.932865993284329
25.5461703,0.15,9.289824092661929,0.1,13.972642906170101,13.972642906170101,1.2728095351514517,5.464602407448257,13.972642907655692
54.9846999,0.15,18.17413928206807,0.1,27.714691940129104,27.714691940129104,2.3762625829648414,10.690670165922452,27.714691943191685
48.4880512,0.15,30.245142930852943,0.1,47.817615829007416,47.817615829007416,3.4459757988582975,17.79126054756069,47.817615829007416
