Time,Probability,RiskPremium,T0,T1,T2,Z,Expected,CVaR
13.4516852,0.1,18.503861440095537,0.1,63.178093761888086,109.79111751075695,5.696370554387247,7.7099422667064745,41.693599726718645
13.8599668,0.1,30.684152386136848,0.1,63.6545343968845,159.2186616820817,10.004654381798527,12.785063494223687,65.414626894988
11.5709426,0.1,15.592780741342924,0.1,36.7901540834119,61.683831872068886,5.20034326412166,6.496991975559554,32.46662865330432
11.225836,0.1,15.598062194718992,0.1,36.81050410629964,58.73116960119909,5.224333187535326,6.499192581132909,32.32943542147129
15.5836565,0.1,22.859741674010706,0.1,38.121498083200855,75.85949867597274,8.125549650601744,9.524892364171135,44.25355675909002
13.6208555,0.1,37.83942011744311,0.1,63.62646810097078,121.6785427124816,13.13329390556174,15.766425048934627,75.36443280191288
