Time,Probability,RiskPremium,T0,T1,T2,Z,Expected,CVaR
21.4538162,0.2,36.668295833733794,0.1,63.17809376188807,156.54192510569598,16.77266417516147,13.095819940619208,47.094878530384605
18.1772203,0.2,67.72732748371968,0.1,63.6545343968845,159.2186616820817,33.193754580136655,24.188331244185548,75.91453954117243
24.7823501,0.2,29.11076743299872,0.1,36.7901540834119,70.95489073513308,14.072849944022654,10.396702654642404,33.602776826310794
18.7810049,0.2,29.116911489907345,0.1,36.81050410629964,70.1419294082679,14.16429543352032,10.3988969606812,33.16749243921033
20.0354813,0.2,48.67671822112456,0.1,38.121498083200855,91.54684087940345,24.214099135811885,17.384542221830234,52.774926539242415
17.8722002,0.2,83.79841681479866,0.1,63.62646810097078,169.065317266968,41.110831615298366,29.92800600528522,93.7259019763601
