Time,Probability,RiskPremium,T0,T1,T2,Z,Expected,CVaR
66.8969365,0.2,9.982893680596957,0.1,13.092684334311862,13.092684334311862,1.0022348166484303,6.239308550372994,13.092684334311862
96.4800507,0.2,21.44955989258544,0.1,28.233624327493466,28.233624327493466,2.1125252017423186,13.405974932865812,28.233624327809487
78.3714687,0.2,10.109002136816502,0.1,12.927326998809004,12.927326998809004,1.147195533132182,6.318126335510294,12.927327005945255
64.9480431,0.2,10.236112507560355,0.1,12.94562608371318,12.94562608371318,1.219319879483487,6.397570317225199,12.945626094354123
41.6892922,0.2,20.202444420099425,0.09999999999999076,26.01355553338513,26.01355553338513,2.2211055492082066,12.626527762562231,26.01355553338513
23.9052619,0.2,35.917114907501606,0.1,47.17009285800003,47.17009285800003,3.580159673988481,22.44819681718849,47.17009285800003
