Time,Probability,RiskPremium,T0,T1,T2,Z,Expected,CVaR
6.7133749,0.2,27.50122187530035,0.1,63.17809376188807,156.54192510569598,7.144340512959861,13.095819940619208,42.140065627504306
7.0642637,0.2,50.79549561278972,0.1,63.6545343968845,159.2186616820817,15.351572823927382,24.188331244185548,69.21069742289262
6.5057925,0.2,21.833075574749035,0.1,36.7901540834119,70.95489073513308,6.2790649600451856,10.396702654642404,31.02593449488825
6.742882,0.2,21.83768361743051,0.1,36.81050410629964,70.1419294082679,6.352840934783038,10.3988969606812,30.742679848546288
5.8459582,0.2,36.507538665843455,0.1,38.121498083200855,91.54684087940345,11.543128261414902,17.384542221830234,47.70401495222346
6.7786849,0.2,62.84881261109902,0.1,63.62646810097078,169.065317266968,19.473930420617148,29.92800600528522,83.71551074607174
