Time,Probability,RiskPremium,T0,T1,T2,Z,Expected,CVaR
90.4954218,0.25,20.694693635350042,0.1,23.564145152204595,23.564145152204595,5.3674792199577475,10.891944018605097,23.564145152282844
93.3958861,0.25,44.8449146203629,0.09999999999999432,47.383242593722045,47.383242593722045,12.919098395067522,23.602586642296362,47.383242593722045
14.2432658,0.25,16.71480721407126,0.09999999999999609,17.155610733802543,17.155610733802543,4.992119936737879,8.797266954774255,17.155610733514706
34.2699865,0.25,17.01592468569183,0.1,17.747799526527288,17.747799526527288,4.98295745976242,8.955749834574727,17.747799524159575
12.3759232,0.25,30.195659532393556,0.09999999999999076,29.259028686918107,29.259028686918107,9.624905440344687,15.89245238547025,29.25902868998069
58.5047587,0.25,52.29506101258734,0.1,48.57489445358658,48.57489445358658,17.403432344802663,27.523716322414305,48.5748944520436
