Time,Probability,RiskPremium,T0,T1,T2,Z,Expected,CVaR
11.9067573,0.05,13.17904593083434,0.1,63.178093761888086,109.79111751075692,2.196507655139059,4.544498596839426,30.29665731226287
11.6355011,0.05,20.126211079666493,0.1,63.6545343968845,119.67234110440711,3.354368513277755,6.940072786091891,46.267151907279256
10.2751186,0.05,11.464201534360976,0.1,36.7901540834119,61.68383187206887,1.9107002557268273,3.953172942883093,26.35448628588731
14.8165283,0.05,11.470233262421226,0.1,36.81050410629964,58.05967081709798,1.9117055437368744,3.9552528491107646,26.3683523274051
46.7668561,0.05,14.928448739716236,0.1,38.12149808320086,75.85949867597273,2.488074789952705,5.147740944729735,34.31827296486488
22.0656096,0.05,24.549361437726827,0.1,63.6264681009708,121.67854271248154,4.0915602396211455,8.465297047492005,56.4353136499467
