Time,Probability,RiskPremium,T0,T1,T2,Z,Expected,CVaR
53.0197847,0.2,21.70821844509887,0.1,25.997826024380398,25.997826024380398,7.001710222468025,9.867372020499477,25.997826027604088
89.6932744,0.2,44.13200586662318,0.09999999999999432,48.569632162598126,48.569632162598126,15.519114350811623,20.060002666646874,48.56963216386221
11.4942217,0.2,18.321266818538064,0.09999999999999609,20.681663990385097,20.681663990385097,6.287273633359798,8.327848553880907,20.68166399153879
12.301554,0.2,18.640205208074086,0.1,21.11436362354905,21.114363623548776,6.374921735622274,8.472820549124577,21.114363626882106
18.2445757,0.2,30.662311468744985,0.1,30.468375362946876,30.468375362946876,11.765608847078418,13.9374143039749,30.468375362946876
14.3610506,0.2,50.90855528942381,0.1,49.7767427410627,49.7767427410627,19.777355784106724,23.14025240428337,49.7767427410627
