Time,Probability,RiskPremium,T0,T1,T2,Z,Expected,CVaR
10.5713646,0.1,0.0,2.0,0.0,0.0,-0.0,0.0,0.0
9.7779251,0.1,0.0,2.0,0.0,0.0,-0.0,0.0,0.0
8.4687671,0.1,0.0,2.0,0.0,0.0,-0.0,0.0,0.0
11.6136629,0.1,0.0,2.0,0.0,0.0,-0.0,0.0,0.0
7.9948042,0.1,0.0,2.0,0.0,0.0,-0.0,0.0,0.0
8.6420408,0.1,0.0,2.0,0.0,0.0,-0.0,0.0,0.0
