Time,Probability,RiskPremium,T0,T1,T2,Z,Expected,CVaR
6.0876103,0.05,-9.125011501964763e-12,2.0,0.0,-3.1845320252129264e-9,-6.08335994911613e-12,-4.3452435723641734e-12,6.315935428978667e-17
5.2698687,0.05,5.480977449678903e-12,2.0,3.91497678720043e-9,3.91497678720043e-9,3.653966018646316e-12,2.6099892617518586e-12,6.315935428978667e-17
6.171924,0.05,-2.118206765544528e-12,0.1,0.0,0.0,-1.4121615284542111e-12,-1.0086698883545369e-12,7.894919286223334e-17
5.9637044,0.05,5.22797023450039e-12,2.0,3.7342573477872065e-9,3.7342573477872065e-9,3.4853040157637837e-12,2.4895096354763763e-12,3.1579677144893335e-17
5.0073557,0.05,5.13119005063345e-12,2.0,3.6651641721618944e-9,3.6651641721618944e-9,3.4207838931858228e-12,2.4434238336349755e-12,3.1579677144893335e-17
4.6551381,0.05,2.984279490192421e-17,2.0,5.809681624668883e-9,5.809681624668883e-9,-2.747431911605719e-17,1.4210854715202004e-17,1.578983857244667e-16
