Time,Probability,RiskPremium,T0,T1,T2,Z,Expected,CVaR
29.8807281,0.25,15.666818876150394,0.1,18.087433856239006,18.087433856239006,3.345962750009496,9.215775809500286,18.087433857044918
29.6489033,0.25,39.70034152071291,0.09999999999999432,46.580857601789624,46.580857601789624,8.21749901393159,23.353142071007618,46.580857601789624
5.6319111,0.25,13.43958847891791,0.1,14.12801923095381,14.12801923095381,3.3561155649683583,7.905640281716354,14.12801923095381
23.5028867,0.25,13.466142993609443,0.1,14.216804120202326,14.216804120202326,3.3414421724577625,7.921260584476155,14.216804117834613
38.8485805,0.25,26.31435508089332,0.09999999999999076,27.94094365759448,27.94094365759448,6.473653740125622,15.479032400525794,27.940943658360126
84.199354,0.25,46.389566194885354,0.09999999999999432,47.8227441922013,47.8227441922013,11.914418655260274,27.287980114638817,47.82274418602936
