Time,Probability,RiskPremium,T0,T1,T2,Z,Expected,CVaR
50.0846521,0.25,35.06144858674324,0.09999999999999787,31.94859684364535,31.94859684364535,16.71150738671236,12.52194592383687,31.9485968444835
17.7326258,0.25,70.79447101426372,0.1,56.29084035375601,56.29084035375601,36.20860115457077,25.283739647951407,56.29084035375601
21.5059655,0.25,30.36243610611576,0.09999999999999609,26.294067885513645,26.294067885513645,14.883606714278146,10.84372718075564,26.294067884362295
20.0782147,0.25,30.62356012600176,0.1,26.60227629377116,26.60227629377116,14.986987207080336,10.936985759286324,26.602276291403435
19.8332533,0.25,55.507757885038664,0.1,38.12149808320086,50.906926778961875,26.358740380090385,19.824199244656786,50.906926778961875
16.2332833,0.25,98.58379028630618,0.1,63.62646810097078,93.15063864033213,45.99265112262974,35.20849653082364,93.15063864033213
