Time,Probability,RiskPremium,T0,T1,T2,Z,Expected,CVaR
40.6376866,0.2,17.769580653501148,0.1,26.020989392135814,26.020989392135814,4.667791372873204,9.871989251945061,26.02098939535949
47.6357802,0.2,36.08334770066112,0.09999999999999432,48.50056259143506,48.50056259143506,10.346191759604999,20.04630427814514,48.50056259269915
26.4677596,0.2,14.99012739713333,0.09999999999999609,20.681663990385097,20.681663990385097,4.1915157555291005,8.327848553962976,20.68166399216916
17.4612784,0.2,15.210581631338268,0.1,21.00112157365899,21.00112157365899,4.250098813257438,8.450323128521202,21.00112157631922
16.8843513,0.2,25.087345747178638,0.1,30.46837536218124,30.46837536218124,7.843739231398801,13.937414303988165,30.468375362946887
14.529195,0.2,41.65245432771051,0.1,49.776742747234636,49.77674274723464,13.184903856071271,23.14025240428337,49.7767427410627
