Time,Probability,RiskPremium,T0,T1,T2,Z,Expected,CVaR
16.6973188,0.1,10.268492250937225,0.09999999999999432,23.165617450331887,23.165617450331887,1.9446394036999834,5.7047179171873585,23.165617450853315
45.0751705,0.1,19.929156577703953,0.1,48.42401160226066,48.42401160226066,3.2545642310372918,11.071753654279922,48.42401160352475
26.3811067,0.1,9.323425860852346,0.10000000113472396,20.410400867070315,20.410400867070315,1.85913685199925,5.179681033806867,20.41040086744857
21.4307258,0.1,9.33926795622959,0.1,20.547567922804564,20.547567922804532,1.846922899589372,5.1884821979052935,20.54756792280458
8.2581928,0.1,14.44767875867424,0.1,30.18252997373671,30.18252997373671,3.097784293785913,8.026488199263431,30.18252997009598
7.4469693,0.1,23.437284243343658,0.09999999999998721,49.174351198109406,49.17435119810941,4.993525116253115,13.020713468524324,49.17435119229973
