Time,Probability,RiskPremium,T0,T1,T2,Z,Expected,CVaR
8.2510536,0.25,29.38494716706046,0.1,63.17809376188807,156.54192510569595,9.37235250428778,15.46576166687393,45.77798163953224
8.1878828,0.25,56.127219813061494,0.1,63.6545343968845,159.2186616820817,19.520896224145307,29.540642006874442,76.6451858871527
9.4770243,0.25,23.064269997756487,0.1,36.7901540834119,70.95489073513308,7.878589470651311,12.139089472503418,32.44969650318193
8.9983024,0.25,23.06860373455521,0.1,36.81050410629964,70.14192940826788,7.912524241500839,12.14137038660799,32.23943109625061
7.6034541,0.25,39.97399183050929,0.1,38.121498083200855,91.54684087940345,13.962518611603322,21.038943068689104,54.18914407013498
8.3409219,0.25,69.95875481225818,0.1,63.62646810097078,169.065317266968,24.506087768081915,36.820397269609536,94.36886243338787
