Time,Probability,RiskPremium,T0,T1,T2,Z,Expected,CVaR
16.5150247,0.05,6.8267402068032705,0.09999999999999432,23.177648342135306,23.177648342135306,0.5868885850784175,3.250828669906305,23.177648348696625
10.5185329,0.05,9.676335233622902,0.1,32.683191283049204,32.683191283049204,0.8572446608895686,4.607778682677583,32.683191283049204
14.1153312,0.05,6.668740191786407,0.09999999999999432,22.373637086965747,22.373637086965747,0.6134426463518204,3.1755905675173137,22.373637086965747
11.84355,0.05,6.855252438843227,0.1,22.9739961872678,22.9739961872678,0.634407976543303,3.264405923258686,22.973996183533544
20.6465164,0.05,9.618174924064856,0.1,32.2794602013054,32.2794602013054,0.8831850918211516,4.580083297173743,32.27946019764023
7.9061114,0.05,15.251196953647721,0.09999999999998721,51.29477729014677,51.29477729014677,1.383876832139787,7.2624747398322596,51.29477728433709
