Time,Probability,RiskPremium,T0,T1,T2,Z,Expected,CVaR
51.5591747,0.1,7.537835303451559,0.09999999999999609,15.505980327451017,15.505980327451017,0.5205755118171747,4.187686279695258,15.505980327451747
84.0805961,0.1,13.902833593472415,0.1,29.072697693970397,29.072697693970376,0.841811839366331,7.72379644081805,29.072697693970397
15.4924726,0.1,7.381806952985997,0.09999999999999609,14.96755945123936,14.96755945123936,0.5641641930040633,4.101003862770016,14.967559451617612
11.7622292,0.1,7.308401908241907,0.1,14.842673782339233,14.842673782339233,0.5525660008841697,4.060223282356672,14.842673782360942
24.0370185,0.1,14.001264347441817,0.1,28.83495507517848,28.83495507517848,0.9586654347960921,7.778480193023152,28.834955071513317
13.1115653,0.1,23.212405999591823,0.1,48.48645865088738,48.48645865088738,1.4189555051527099,12.895781110884293,48.486458645103525
