Time,Probability,RiskPremium,T0,T1,T2,Z,Expected,CVaR
71.5935407,0.25,23.349634297149006,0.09999999999999609,24.389809112179975,24.389809112179975,6.922386566087943,11.118873474832721,24.389809115403622
62.3928623,0.25,49.82098865727167,0.09999999999999076,47.82743006813699,47.82743006813699,16.455448442225048,23.72428031298633,47.82743006813699
77.5608579,0.25,19.364544246393752,0.1,18.705604306574422,18.705604306574422,6.3495755963380764,9.221211545901811,18.705604306286585
27.0738342,0.25,19.428422475913422,0.09999999999999609,18.82428448521327,18.82428448521327,6.347730831803995,9.251629750434912,18.82428448462134
24.2566975,0.25,33.44037669220192,0.1,29.37526838524651,29.37526838524651,12.13587599502419,15.923988901048336,29.375268391371677
21.8913353,0.25,57.866683637787084,0.1,48.69192712290145,48.69192712290145,21.85657460640173,27.555563637041153,48.69192712290145
