Time,Probability,RiskPremium,T0,T1,T2,Z,Expected,CVaR
21.1924483,0.2,37.97787782779568,0.1,63.17809376188807,156.54192510569598,18.082246169223357,13.095819940619208,47.094878530384605
17.743896,0.2,70.14616060813822,0.1,63.6545343968845,159.2186616820817,35.612587704555196,24.188331244185548,75.91453954117243
24.8366152,0.2,30.15043769846293,0.1,36.7901540834119,70.95489073513308,15.112520209486863,10.396702654642404,33.602776826310794
18.3743488,0.2,30.15680118597545,0.1,36.81050410629964,70.1419294082679,15.204185129588424,10.3988969606812,33.16749243921033
19.6929871,0.2,50.41517244330769,0.1,38.121498083200855,91.54684087940345,25.952553357995022,17.384542221830234,52.774926539242415
18.1577306,0.2,86.79121741532711,0.1,63.62646810097078,169.065317266968,44.10363221582682,29.92800600528522,93.7259019763601
