Time,Probability,RiskPremium,T0,T1,T2,Z,Expected,CVaR
33.6209358,0.1,11.987961071738598,0.1,20.256640268662554,20.25664026866255,2.262459098741148,5.212156987712419,20.256640271995884
11.0685188,0.1,19.754069829387095,0.1,33.25463717667314,33.25463717667314,3.7655704674412,8.588726012776936,33.25463717667314
69.3067731,0.1,11.25104983352897,0.1,18.725940363426897,18.725940363426897,2.209035166475688,4.891760797186547,18.725940363408977
15.2477096,0.1,11.23644227280415,0.1,18.777603993943995,18.777603993943995,2.183374295575109,4.885409683827866,18.77760399516516
18.4811171,0.1,18.136419006024404,0.1,29.34217131735895,29.34217131735895,3.813987914430544,7.88539956783669,29.342171313693786
21.4571311,0.1,29.795382539991802,0.09999999999998721,48.7659146675094,48.7659146675094,6.097448237994577,12.954514147822376,48.76591466173845
