Time,Probability,RiskPremium,T0,T1,T2,Z,Expected,CVaR
44.6627041,0.2,12.652015503959607,0.1,18.28564603548808,18.28564603548808,2.149971727606533,7.9075096899748285,18.28564603548808
108.9182107,0.2,31.38443535815253,0.09999999999999076,46.714926943004826,46.714926943004826,4.994249548165118,19.615272098845224,46.714926943413545
13.1402094,0.2,10.843620175546121,0.09999999999999609,14.263792890032924,14.263792890032924,2.194724995304637,6.7772626097162565,14.263792891816987
20.8459911,0.2,10.974854987419198,0.09999999999999609,14.287319180434134,14.287319180434134,2.2585619156277934,6.8592843671370325,14.287319185754606
15.4067248,0.2,21.44890906177127,0.1,28.252394585055104,28.252394585055075,4.331634292802357,13.405568163607015,28.252394585055104
44.1946706,0.2,36.410934783288404,0.1,48.1174727556155,48.1174727556155,7.3139409162611315,22.75683423955519,48.11747274944357
