Time,Probability,RiskPremium,T0,T1,T2,Z,Expected,CVaR
24.4720926,0.25,34.02467566712265,0.1,63.17809376188807,156.54192510569595,11.344572137632715,15.46576166687393,51.53747097995397
25.8142404,0.25,64.98941241512381,0.1,63.6545343968845,159.2186616820817,24.4267317763243,29.540642006874442,84.65083516649952
25.1148158,0.25,26.70599683950753,0.1,36.7901540834119,70.95489073513308,10.009929633573488,12.139089472503418,34.92397813965663
21.8521515,0.25,26.711014850537577,0.1,36.81050410629964,70.14192940826788,10.074163265689156,12.14137038660799,34.61877637781018
30.3584943,0.25,46.285674751116105,0.1,38.121498083200855,91.54684087940345,17.657091071476877,21.038943068689104,58.9871461234396
29.5761771,0.25,81.0048739931411,0.1,63.62646810097078,169.065317266968,30.77195561320851,36.820397269609536,103.88300282122408
