Time,Probability,RiskPremium,T0,T1,T2,Z,Expected,CVaR
8.6518982,0.25,24.93852590194341,0.09999999999999432,27.8735711746931,27.873571171469454,9.063516714718855,11.875488524734944,27.8735711746931
11.1807894,0.25,51.478828119247574,0.09999999999998366,51.578241530469995,51.578241530469995,20.198971979756077,24.513727675832055,51.578241530469995
9.785849,0.25,22.17590254743087,0.09999999999999609,24.573814737283016,24.573814737283016,8.11248366788308,10.559953594014798,24.57381473614703
9.6267663,0.25,22.279047094593384,0.09999999999999787,24.59090092094479,24.59090092094479,8.174519330573952,10.60907004504443,24.59090092094479
8.4854265,0.25,36.35581240416949,0.1,35.5929536609296,35.5929536609296,14.473355272396624,17.31229162103319,35.59295366399218
9.2222368,0.25,62.45986219695808,0.09999999999998721,59.09371740776734,59.09371741393929,25.379339203245497,29.742791522361134,59.09371740776734
