Time,Probability,RiskPremium,T0,T1,T2,Z,Expected,CVaR
77.4825314,0.15,9.996255018237331,0.1,14.996621643488652,14.996621643488652,1.6098360180984257,5.553475010131827,14.996621643488668
62.7425298,0.15,21.432663945815648,0.1,32.64039824218701,32.64039824218694,3.3056196053422737,11.907035525453104,32.64039824218703
27.8031514,0.15,9.972156976819317,0.09999999999999609,14.301816593064087,14.301816593064087,1.803550952359267,5.540087209344122,14.30181659306408
26.0499361,0.15,10.008662732645469,0.1,14.303591838637013,14.303591838637013,1.8253274516922782,5.560368184803029,14.303591838637015
38.9916458,0.15,19.547468132451435,0.1,28.313513297830625,28.313513297830625,3.4516209804822298,10.859704518028684,28.313513297830625
82.8913233,0.15,32.26910403965603,0.09999999999999432,48.29884230254825,48.298842302548245,5.230355333493276,17.927280022031116,48.29884230247009
