Time,Probability,RiskPremium,T0,T1,T2,Z,Expected,CVaR
38.8639857,0.15,22.453916576206286,0.1,26.241148745624937,26.241148745624937,8.056998166619284,8.01925592007374,26.24114874725441
14.9669704,0.15,44.10428129625188,0.09999999999999076,48.66723537665776,48.66723537665776,16.832255041634962,15.751529034375734,48.66723537792184
13.3402017,0.15,19.584203396601445,0.09999999999999609,21.196014978715905,21.196014978715905,7.61926522269699,6.994358355929088,21.196014978715905
19.4179767,0.15,19.87368144939576,0.09999999999999609,21.627616249019013,21.627616249019013,7.690482566549598,7.0977433747841925,21.627616254961374
23.6153648,0.15,31.828753023274174,0.1,30.797450210705755,30.797450210705755,13.660827782338105,11.367411794026507,30.797450213768336
29.2476347,0.15,51.51993132625062,0.09999999999998721,50.83345130528042,50.83345130528042,21.768239311522862,18.399975473660835,50.83345130528042
