Time,Probability,RiskPremium,T0,T1,T2,Z,Expected,CVaR
11.7464474,0.05,-9.559535859201181e-12,2.0,0.0,-3.1845320252129264e-9,-6.952414979524395e-12,-4.3452435723641734e-12,6.315935428978667e-17
12.5389709,0.05,5.7419763758540895e-12,2.0,3.91497678720043e-9,3.91497678720043e-9,4.1759575550612586e-12,2.6099892617518586e-12,6.315935428978667e-17
11.0458444,0.05,-2.2190737543799814e-12,0.1,0.0,0.0,-1.6139034010444041e-12,-1.0086698883545369e-12,7.894919286223334e-17
11.4371982,0.05,5.476921198048028e-12,2.0,3.7342573477872065e-9,3.7342573477872065e-9,3.983202784891345e-12,2.4895096354763763e-12,3.1579677144893335e-17
12.2904514,0.05,5.3755324339969475e-12,2.0,3.6651641721618944e-9,3.6651641721618944e-9,3.909465501945104e-12,2.4434238336349755e-12,3.1579677144893335e-17
12.2134387,0.05,3.126388037344441e-17,2.0,5.809681624668883e-9,5.809681624668883e-9,-4.0421986745463467e-17,1.4210854715202004e-17,1.578983857244667e-16
