Time,Probability,RiskPremium,T0,T1,T2,Z,Expected,CVaR
6.1421856,0.05,1.2775017097510502e-10,2.0,6.51786535854626e-9,0.0,-2.0277804916683008e-12,6.083341475004998e-11,4.0555609833366646e-10
5.5503298,0.05,-7.125256757944952e-11,2.0,0.0,0.0,-4.410873231108779e-11,-3.3929794085452155e-11,0.0
5.4857789,0.05,8.049243902519262e-11,0.1,0.0,0.0,-1.2776577623046779e-12,3.832973286913932e-11,2.55531552460929e-10
6.2919665,0.05,-5.227959292142259e-11,2.0,0.0,0.0,-3.2363557522785414e-11,-2.4895044248296476e-11,0.0
6.2241946,0.05,-5.644356804168637e-11,2.0,0.0,0.0,-3.494125640675822e-11,-2.687788954366018e-11,0.0
4.6049452,0.05,2.984279490192421e-17,2.0,5.809681624668883e-9,5.809681624668883e-9,-1.3105566015130733e-17,1.4210854715202004e-17,1.578983857244667e-16
