Time,Probability,RiskPremium,T0,T1,T2,Z,Expected,CVaR
23.2932418,0.25,44.850708833934355,0.1,63.17809376188807,156.54192510569595,20.55719903315767,15.46576166687393,59.60450233638771
22.4264383,0.25,85.66786181993596,0.1,63.6545343968845,159.2186616820817,42.599892165483745,29.540642006874442,97.1772802447629
34.4444829,0.25,35.203359470259855,0.1,36.7901540834119,70.95489073513308,17.72955026927699,12.139089472503418,38.81268811490056
26.3358504,0.25,35.20997412116312,0.1,36.81050410629964,70.14192940826788,17.851064410655045,12.14137038660799,38.22906700610842
24.6170187,0.25,61.01293489919847,0.1,38.121498083200855,91.54684087940345,31.702025131929297,21.038943068689104,62.39877656158932
21.7078812,0.25,106.77915208186772,0.1,63.62646810097078,169.065317266968,55.58229231859027,36.820397269609536,108.70270973794835
