Time,Probability,RiskPremium,T0,T1,T2,Z,Expected,CVaR
19.9888583,0.2,33.059842160730994,0.1,48.03487703675521,48.03487703675521,17.236407069822754,12.244385985455917,48.03487703997889
19.5149826,0.2,63.86791785249429,0.1,63.6545343968845,93.13768243479292,33.264843658183636,23.65478438981268,93.13768243479292
23.077991,0.2,26.785917778119785,0.1,33.89606709573682,33.89606709573682,14.467671808459242,9.920710288192524,33.89606710287307
28.2345894,0.2,26.772551920508715,0.1,33.15937213786234,33.15937213786234,14.532430733219599,9.91575997055875,33.15937213786234
17.8352139,0.2,45.920336371453985,0.1,38.121498083200855,57.4542979166493,24.8681277889982,17.007531989427445,57.454297919711884
15.8981345,0.2,78.78497799659027,0.1,63.62646810097078,97.41316110698878,42.782002553694625,29.179621480218614,97.41316110698878
