Time,Probability,RiskPremium,T0,T1,T2,Z,Expected,CVaR
14.3387683,0.15,21.668447591165137,0.09999999999999432,28.36041148485061,28.36041148485061,8.32783099010226,8.334018304294297,28.360411491368502
16.7122721,0.15,41.02837974243981,0.1,48.866054226149174,48.866054226149174,16.976756644497996,15.780146054784563,48.86605422741326
11.7541899,0.15,19.193208473291772,0.1,23.829911724115036,23.829911724115036,7.699228098044257,7.382003258958354,23.829911724115036
19.0637603,0.15,19.52787577912347,0.1,24.393751053300498,24.393751053300498,7.7963969241809865,7.510721453509037,24.39375105924286
16.0171454,0.15,30.28391766944255,0.1,32.66991658890103,32.66991658890103,13.380693039881724,11.647660642093241,32.66991659196361
18.5840733,0.15,49.11810744634192,0.09999999999998721,54.1637789889519,54.1637789889519,21.408477860355895,18.891579787054653,54.163778982779924
