Time,Probability,RiskPremium,T0,T1,T2,Z,Expected,CVaR
9.0151018,0.2,24.88205788717649,0.1,63.17809376188807,156.54192510569598,8.881813377868786,13.095819940619208,42.140065627504306
7.192764,0.2,45.957829363952634,0.1,63.6545343968845,159.2186616820817,17.26726150189636,24.188331244185548,69.21069742289262
7.8376313,0.2,19.753735043820555,0.1,36.7901540834119,70.95489073513308,7.294109205153586,10.396702654642404,31.02593449488825
8.6756639,0.2,19.757904225294297,0.1,36.81050410629964,70.1419294082679,7.324628975826599,10.3988969606812,30.742679848546288
6.9297395,0.2,33.03063022147739,0.1,38.121498083200855,91.54684087940345,12.614140726607845,17.384542221830234,47.70401495222346
6.8905545,0.2,56.863211410041956,0.1,63.62646810097078,169.065317266968,21.556454930678065,29.92800600528522,83.71551074607174
