Time,Probability,RiskPremium,T0,T1,T2,Z,Expected,CVaR
27.4551199,0.2,13.65894871193096,0.1,15.904738602388658,15.904738602388662,2.9837010461551956,7.188920374700406,15.90473860238871
24.5913687,0.2,37.18693104468848,0.1,46.57075332160386,46.57075332160386,6.815388333513729,19.572068970889088,46.57075332160386
55.0624678,0.2,12.7989210158696,0.1,14.128019230953786,14.128019230953768,3.1059487921608806,6.736274218878654,14.128019230953814
17.5355876,0.2,12.932542602875264,0.1,14.112304403756637,14.112304403756637,3.2036600194119567,6.806601369934333,14.112304403756637
10.2385511,0.2,25.24944708712148,0.09999999999999076,27.862751436557275,27.862751436557275,6.130836906039078,13.289182677432434,27.862751436557275
22.3730641,0.2,43.070073591770196,0.1,47.821993357153104,47.82199335098102,10.340200380292528,22.66845978514191,47.82199335098102
