Time,Probability,RiskPremium,T0,T1,T2,Z,Expected,CVaR
12.8647583,0.05,-7.82143843025551e-12,2.0,0.0,-3.1845320252129264e-9,-5.214311234643295e-12,-4.3452435723641734e-12,4.736951571734002e-17
10.6801433,0.05,4.697980671153346e-12,2.0,3.91497678720043e-9,3.91497678720043e-9,3.1319681662959433e-12,2.6099892617518586e-12,4.736951571734002e-17
22.330955,0.05,-1.8156057990381666e-12,0.1,0.0,0.0,-1.210427550783303e-12,-1.0086698883545369e-12,5.921189464667503e-17
16.6149211,0.05,4.481117343857477e-12,2.0,3.7342573477872065e-9,3.7342573477872065e-9,2.9874020886685077e-12,2.4895096354763763e-12,2.368475785867001e-17
14.5330442,0.05,4.398162900542956e-12,2.0,3.6651641721618944e-9,3.6651641721618944e-9,2.932099126458828e-12,2.4434238336349755e-12,2.368475785867001e-17
14.0105339,0.05,2.5579538487363606e-17,2.0,5.809681624668883e-9,5.809681624668883e-9,-3.031649005909762e-17,1.4210854715202004e-17,1.1842378929335005e-16
