Time,Probability,RiskPremium,T0,T1,T2,Z,Expected,CVaR
11.4990781,0.05,-8.690487144728347e-12,2.0,0.0,-3.1845320252129264e-9,-5.6488308549281425e-12,-4.3452435723641734e-12,4.736951571734002e-17
11.287167,0.05,5.219978523503717e-12,2.0,3.91497678720043e-9,3.91497678720043e-9,3.3929718294227014e-12,2.6099892617518586e-12,4.736951571734002e-17
11.9056063,0.05,1.412149212380124e-11,0.1,0.0,0.0,-1.4121563178074818e-12,7.06074606190062e-12,3.530375399426097e-11
18.6252514,0.05,4.9790192709527526e-12,2.0,3.7342573477872065e-9,3.7342573477872065e-9,3.2363554206919322e-12,2.4895096354763763e-12,2.368475785867001e-17
11.890802,0.05,4.8868476672699525e-12,2.0,3.6651641721618944e-9,3.6651641721618944e-9,3.1764438782981116e-12,2.4434238336349755e-12,2.368475785867001e-17
12.1494147,0.05,2.842170943040401e-17,2.0,5.809681624668883e-9,5.809681624668883e-9,-1.7053025658242403e-17,1.4210854715202004e-17,1.1842378929335005e-16
