Time,Probability,RiskPremium,T0,T1,T2,Z,Expected,CVaR
13.242453,0.1,14.683404827377675,0.09999999999999609,26.05867546424151,26.05867546424151,4.577201457433233,6.1180853447407,26.058675470759376
28.5393802,0.1,26.665867868897465,0.09999999999999076,48.706538132536195,48.706538132536195,8.035937619414746,11.110778278707235,48.706538132584654
12.213124,0.1,13.114258060186948,0.1,22.45221971189554,22.45221971189554,4.252394764109598,5.464274191744567,22.45221971340855
24.4512061,0.1,13.33064619557102,0.1,23.161938560528338,23.161938560528338,4.254709751608348,5.554435914821247,23.161938560528338
24.9847499,0.1,20.02918221740522,0.1,32.51691436347863,32.516914370808955,6.849405271508011,8.34549259058553,32.51691436714379
9.0531039,0.1,32.06989261789352,0.1,51.648862554741584,51.648862554741584,11.050155902142645,13.362455257455629,51.6488625489319
