Time,Probability,RiskPremium,T0,T1,T2,Z,Expected,CVaR
9.6481353,0.1,9.996562497037544,0.1,20.524659615826902,20.524659615826902,1.682551627751107,5.261348682651308,20.524659615826902
8.0832847,0.1,16.928472313473556,0.09999999999999076,34.98580799498021,34.98580799498021,2.80353289821491,8.909722270249235,34.985807995296234
6.6918831,0.1,9.35379254567256,0.09999999999999609,18.89552399111593,18.89552399111593,1.6362487805477728,4.923048708248742,18.895523992628938
13.0234416,0.1,9.35505851895861,0.1,18.987023984682992,18.987023984682992,1.6186817137952145,4.923715009978208,18.98702398590416
13.2533279,0.1,14.9815473567269,0.1,29.340171438768202,29.340171438768202,2.805493129299051,7.885024924593047,29.340171438766784
27.5741158,0.1,24.623285897428932,0.1,48.79440333076507,48.79440333076507,4.496705907204575,12.959624156541652,48.79440332495539
