Time,Probability,RiskPremium,T0,T1,T2,Z,Expected,CVaR
37.0256628,0.25,40.07398946041174,0.1,49.25991918530067,49.25991918530067,22.267072357533152,14.31213909300418,49.25991919174798
33.3626839,0.25,80.82932096882998,0.1,63.6545343968845,94.76870471791945,45.371597328485706,28.8676146317249,94.76870471791945
24.1421033,0.25,32.798885768672605,0.1,36.40867331510929,36.40867331510929,18.615519440088324,11.713887774525952,36.40867331510929
23.7204881,0.25,32.83421181976412,0.1,35.969470555463126,35.969470555463126,18.68341096524469,11.726504221344312,35.96947055309541
21.9209084,0.25,57.73663945325508,0.1,38.121498083200855,59.74179262027274,33.20425465268157,20.620228376162547,59.74179262027274
20.4384334,0.25,100.59861907084891,0.1,63.62646810097078,102.06230863948437,58.05711779127051,35.928078239588835,102.06230863948437
