Time,Probability,RiskPremium,T0,T1,T2,Z,Expected,CVaR
57.0938494,0.2,15.735538671412302,0.1,19.593193299269352,19.593193299269352,3.4947104182712145,8.281862458638065,19.593193300075274
54.6583372,0.2,37.438072251804236,0.1,47.025512251343905,47.025512251343905,8.171381403563554,19.704248553581188,47.02551225260799
14.1838863,0.2,12.963615710124772,0.1,14.423406265739033,14.423406265739033,3.4805023531260657,6.822955636907784,14.423406265739033
64.2221991,0.2,13.105225289734166,0.1,14.422242100476959,14.422242100476959,3.574074006228394,6.8974869945969335,14.422242105764893
45.8867841,0.2,25.77006438787099,0.1,28.79904769967434,28.79904769967434,6.874323032904465,13.563191783090083,28.79904770273692
54.6203159,0.2,43.41023011054772,0.09999999999999432,48.43164112397378,48.43164112397378,11.608287521443089,22.847489531867303,48.43164112397378
