Time,Probability,RiskPremium,T0,T1,T2,Z,Expected,CVaR
35.0563716,0.2,31.105378576381103,0.1,28.912655997535975,28.912655997535975,14.246450284565956,10.368459525460365,28.91265600075965
15.8470128,0.2,61.68155312192142,0.09999999999998366,51.730106307329805,51.730106307329805,30.211679404163867,20.560517707307145,51.73010630859389
15.8914475,0.2,27.494019575194333,0.1,25.38935165435965,25.38935165435965,12.650708921543009,9.16467319173146,25.38935165435965
23.220952,0.2,27.697505297958102,0.09999999999999609,25.39204146094962,25.39204146094962,12.809164638685168,9.232501765985985,25.392041461091498
16.9792585,0.2,44.14922303279887,0.1,34.987404123471,34.987404123471,22.337966599144224,14.71640767759965,34.987404123471
13.0736938,0.2,74.15699815788834,0.1,58.99957540562585,58.99957540562585,37.43979716504353,24.71899938596285,58.99957540562585
