Time,Probability,RiskPremium,T0,T1,T2,Z,Expected,CVaR
19.7336425,0.1,7.800340002541948,0.1,14.341348289219775,14.341348289219775,0.24575760047874218,3.9001700012709732,14.341348289248744
27.581673,0.1,15.181525638538817,0.1,28.543118255171567,28.543118255171567,0.25743841670366097,7.5907628192694085,28.543118255171567
15.2449837,0.1,7.890752839457884,0.10000000302601819,14.331739548696323,14.331739548696323,0.31014932406079476,3.945376419728942,14.331739550209331
23.802425,0.1,7.866784302058804,0.09999999999999609,14.322510319850448,14.322510319850448,0.29720079023241947,3.9333921510293997,14.32251032473511
44.0388429,0.1,15.397622702512486,0.1,28.5219254925604,28.52192549347669,0.4107214017998152,7.698811351256243,28.5219254925604
61.9962191,0.1,25.760195315516082,0.1,48.42262085247211,48.42262085247211,0.44021454011636196,12.880097657758041,48.42262085101969
