Time,Probability,RiskPremium,T0,T1,T2,Z,Expected,CVaR
7.1268952,0.1,22.358832573448762,0.1,63.17809376188807,109.79111751075689,10.19213037443723,7.709942266706473,52.2775415897571
5.7610668,0.1,37.07668413324866,0.1,63.654534396884486,159.21866168208157,17.904004209242,12.785063494223683,76.66122779205352
6.8721178,0.1,18.841276729122683,0.1,36.79015408341189,61.68383187206885,9.142457040142753,6.49699197555955,38.51526910976336
7.1354082,0.1,18.847658485285447,0.1,36.81050410629963,58.73116960119905,9.233736996995717,6.499192581132906,37.64648165270109
6.3538155,0.1,27.622187856096268,0.1,38.121498083200855,75.85949867597272,13.713196358107025,9.524892364171132,53.365883702352285
5.723752,0.1,45.72263264191039,0.1,63.62646810097078,121.67854271248153,22.360596105291545,15.766425048934616,91.72253992577687
