Time,Probability,RiskPremium,T0,T1,T2,Z,Expected,CVaR
20.9848587,0.2,15.25076964660529,0.09999999999999609,20.281975347453685,20.281975347453685,3.2353221798003844,8.472649803669645,20.281975347453685
107.474522,0.2,35.54393148644584,0.1,47.177797645893364,47.17779764589329,7.567952170170866,19.746628603581158,47.177797645893385
18.6983699,0.2,12.522819224160598,0.1,14.908450105687372,14.908450105687374,3.180298938614216,6.957121791200312,14.908450105687374
20.7378137,0.2,12.573483380802644,0.1,14.742241875388688,14.742241875388688,3.261122836762839,6.985268544890318,14.742241875388688
15.6228529,0.2,24.42445046147379,0.1,28.82061279054989,28.82061279054989,6.279869222624463,13.569139145263193,28.82061279054988
27.826829,0.2,41.14021734599765,0.09999999999998721,48.4615684733344,48.4615684733344,10.60277339351049,22.855676303331997,48.46156846718303
