Time,Probability,RiskPremium,T0,T1,T2,Z,Expected,CVaR
39.5597404,0.2,17.123436703689375,0.1,24.378661687021847,24.378661687021847,3.8940059887299237,9.513020390938632,24.378661687021847
82.3765266,0.2,35.64302567115938,0.1,47.39548676526949,47.39548676526949,8.942893283525645,19.80168092842187,47.39548676526949
21.2439436,0.2,13.974324889305269,0.09999999999999609,18.104371716053336,18.104371716053336,3.6255965879639875,7.763513827391878,18.104371723189587
7.5219866,0.2,13.95603552282616,0.1,17.806256609387674,17.806256609387674,3.689456567971501,7.753353068236841,17.806256614708147
16.9737716,0.2,24.609594177506807,0.1,29.223782278849132,29.223782278849132,7.049651033833445,13.671996765281568,29.223782278849132
36.2139993,0.2,41.27538008697805,0.09999999999999432,48.763152560926294,48.763152560926294,11.886516910891189,22.930766714987747,48.76315255938331
