Time,Probability,RiskPremium,T0,T1,T2,Z,Expected,CVaR
117.1892334,0.25,12.172845848172194,0.1,13.525199248041616,13.525199248041616,2.197948955568656,7.608028655107667,13.525199248847528
44.4887333,0.25,31.926656342406353,0.1,37.916334067437596,37.916334067437596,4.7876265869024595,19.954160214004062,37.91633406775362
44.1895608,0.25,12.027804613114238,0.1,13.06431514624415,13.064315146531982,2.291651824698688,7.517377883196531,13.064315146244144
119.8936806,0.25,12.148556030362066,0.1,13.311315882322152,13.311315882322152,2.2683211669945518,7.59284751897624,13.311315879954433
27.9256624,0.25,23.9314055490138,0.1,26.52388687450686,26.52388687450686,4.347573715880665,14.957128468133693,26.52388688063201
29.7000489,0.25,43.302176027140064,0.1,47.19469131878412,47.19469131878412,8.185983489448976,27.0638600169623,47.19469131878412
