Time,Probability,RiskPremium,T0,T1,T2,Z,Expected,CVaR
12.9386144,0.05,-7.82143843025551e-12,2.0,0.0,-3.1845320252129264e-9,-4.779782140455306e-12,-4.3452435723641734e-12,4.736951571734002e-17
10.1565967,0.05,4.697980671153346e-12,2.0,3.91497678720043e-9,3.91497678720043e-9,2.87097397707233e-12,2.6099892617518586e-12,4.736951571734002e-17
12.0673296,0.05,-1.8156057990381666e-12,0.1,0.0,0.0,-1.1095546407583847e-12,-1.0086698883545369e-12,5.921189464667503e-17
18.4571083,0.05,4.481117343857477e-12,2.0,3.7342573477872065e-9,3.7342573477872065e-9,2.7384534935966567e-12,2.4895096354763763e-12,2.368475785867001e-17
14.0312932,0.05,4.398162900542956e-12,2.0,3.6651641721618944e-9,3.6651641721618944e-9,2.687759111571115e-12,2.4434238336349755e-12,2.368475785867001e-17
9.9366817,0.05,2.5579538487363606e-17,2.0,5.809681624668883e-9,5.809681624668883e-9,-1.9895196601282805e-17,1.4210854715202004e-17,1.1842378929335005e-16
