Time,Probability,RiskPremium,T0,T1,T2,Z,Expected,CVaR
43.4246142,0.2,26.74086012008113,0.1,28.369639155603917,28.369639155603917,11.030506032411003,10.284946200031268,28.369639158827596
17.5337928,0.2,52.784645137676435,0.09999999999998366,50.03362684452918,50.03362684452918,23.56330647032785,20.301786591413986,50.03362684452916
20.784752,0.2,23.651117232963017,0.09999999999999432,24.94821331689681,24.94821331689681,9.799044751561034,9.096583551139618,24.94821331868087
18.6495687,0.2,23.78979200839926,0.09999999999999254,24.8523313209896,24.8523313209896,9.92914860824497,9.149920003230404,24.852331326310072
14.6967988,0.2,37.84960052890273,0.1,33.956582230004734,33.956582230004734,17.472348794427546,14.557538664962468,33.956582230004734
10.3539245,0.2,63.55431487485528,0.1,57.2127011935934,57.2127011935934,29.279727435085423,24.44396725955977,57.2127011935934
