Time,Probability,RiskPremium,T0,T1,T2,Z,Expected,CVaR
46.0750531,0.25,35.486704434267956,0.1,30.015207776923752,30.015207776923752,17.027465200087235,12.236794632506163,30.0152077801474
20.9085499,0.25,72.66781064218237,0.09999999999999076,54.77719194743187,54.77719194743187,37.20818073032413,25.057865738683514,54.77719194775421
23.8226876,0.25,31.281865304199894,0.1,25.91154181324273,25.91154181324273,15.201373101785155,10.786850104896589,25.911541812091382
27.0238777,0.25,31.48895460696818,0.09999999999999787,26.065928860761794,26.065928860761794,15.308010370485635,10.85826020929933,26.06592885839408
16.9757785,0.25,56.823569634092784,0.1,38.12149808320086,49.36808330389171,26.80842314595142,19.59433435658358,49.36808330389171
17.0197013,0.25,101.58007009508961,0.1,63.6264681009708,91.94217841381048,46.63236090480484,35.027610377617165,91.94217841381048
