Time,Probability,RiskPremium,T0,T1,T2,Z,Expected,CVaR
64.1622582,0.25,26.534745990399962,0.1,26.146018887512042,26.146018887512042,9.884689424833818,11.53684608278267,26.146018890735682
20.531941,0.25,55.161873325225,0.09999999999998366,48.88079870281595,48.88079870281595,22.46436870906705,23.983423184880525,48.88079870281595
27.4747258,0.25,23.646238033786673,0.1,23.188114582812045,23.188114582812045,8.847765442396192,10.280973058168078,23.188114581660695
39.7386076,0.25,24.045319646201285,0.09999999999999609,23.81721421615806,23.81721421615806,8.913878248793356,10.454486802696248,23.81721421615806
16.9909367,0.25,38.7363417081285,0.1,33.26401565548157,33.26401565548157,16.146709223166834,16.841887699186376,33.26401565854415
13.0796349,0.25,65.384301827227,0.1,52.49978823001381,52.49978823001381,28.53120369336143,28.427957316185612,52.49978822384187
