Time,Probability,RiskPremium,T0,T1,T2,Z,Expected,CVaR
11.9853237,0.05,13.633495790518289,0.1,63.178093761888086,109.79111751075692,0.07574164328066502,4.544498596839426,30.29665731226287
14.25431,0.05,20.82021835827569,0.1,63.6545343968845,119.67234110440711,0.11566787976820292,6.940072786091891,46.267151907279256
10.5938117,0.05,11.85951882864929,0.1,36.7901540834119,61.68383187206887,0.06588621571471842,3.953172942883093,26.35448628588731
18.2206363,0.05,11.865758547332305,0.1,36.81050410629964,58.05967081709798,0.0659208808185161,3.9552528491107646,26.3683523274051
16.2500277,0.05,15.443222834189218,0.1,38.12149808320086,75.85949867597273,0.08579568241217772,5.147740944729735,34.31827296486488
16.1185107,0.05,25.39589114247604,0.1,63.6264681009708,121.67854271248154,0.14108828412488172,8.465297047492005,56.4353136499467
