Time,Probability,RiskPremium,T0,T1,T2,Z,Expected,CVaR
17.0673077,0.15,22.82668431104349,0.1,63.178093761888086,109.79111751075698,6.144448273573138,10.375765595928852,41.90811780363635
15.3303558,0.15,40.79949629704927,0.1,63.6545343968845,159.2186616820817,12.504982220706163,18.54522558956784,67.29166802344398
16.7547176,0.15,18.761850146120807,0.1,36.7901540834119,61.68383187206888,5.662800014682152,8.528113702782191,31.38279584606454
19.8144231,0.15,18.766875877467445,0.1,36.81050410629964,59.60930820403673,5.719128652105663,8.530398126121549,31.11714362232266
18.8192939,0.15,29.906075080206772,0.1,38.121498083200855,91.54684087940345,9.90721580648446,13.59367049100308,45.61961440459937
14.511698,0.15,50.3923720836382,0.1,63.62646810097078,169.06531726696798,15.905802368976769,22.905623674380998,80.81035387578319
