Time,Probability,RiskPremium,T0,T1,T2,Z,Expected,CVaR
22.3680407,0.15,11.66448365709755,0.1,20.25664027199589,20.25664027199589,2.123986822887804,6.861460974763219,20.25664027199589
15.0043921,0.15,26.34888996420398,0.1,47.334074301629954,47.334074301629954,4.48259747366435,15.49934703776696,47.334074301629954
13.0017156,0.15,10.381720487630082,0.1,16.673278667984572,16.673278667984572,2.161549230442497,6.10689440448834,16.673278667984572
10.6613791,0.15,10.456783767960347,0.1,16.783425246401148,16.783425246401148,2.1792592996519855,6.151049275270735,16.783425240458776
19.6621018,0.15,18.811114632707703,0.1,29.121920059693544,29.121920059693544,4.134441380622659,11.065361548651671,29.121920065818692
32.3925774,0.15,30.621452085609118,0.1,48.635674083126396,48.635674083126396,6.48422216987672,18.01261887388771,48.63567408311108
