Time,Probability,RiskPremium,T0,T1,T2,Z,Expected,CVaR
22.9436932,0.2,28.60382675977499,0.1,33.903157740416525,33.903157740416525,13.02201774714547,11.001471830682757,33.903157740416525
18.2838304,0.2,55.149968279741294,0.1,56.714190937550114,56.714190937550114,26.83790908282733,21.211526261439,56.7141909388142
16.2042392,0.2,24.41207909848523,0.1,27.105718032289538,27.105718032289538,11.479526538647251,9.389261191725046,27.105718032289538
18.536861,0.2,24.635699655002327,0.09999999999999609,27.241189951066662,27.241189951066662,11.6072463863267,9.475269098077844,27.241189951066662
16.5657108,0.2,39.24746596269477,0.1,37.98344745853257,37.98344745853257,19.574633097851294,15.095179216421144,37.98344745853257
14.3175078,0.2,75.08870692687535,0.1,63.62646810097078,93.9491671398328,33.19465598294697,28.88027189495201,93.9491671398328
