Time,Probability,RiskPremium,T0,T1,T2,Z,Expected,CVaR
11.3817276,0.1,10.982153304068659,0.09999999999999609,20.350429609968884,20.350429609968884,1.97234829132162,5.229596811461222,20.35042961660453
9.3279409,0.1,18.45230986975375,0.1,34.31809173093079,34.31809173093079,3.2826762692517235,8.786814223692238,34.31809173093123
6.8440632,0.1,10.307811393339227,0.09999999999999609,18.815553116437084,18.815553116437084,1.9225619021339595,4.908481615875829,18.815553117193588
16.5321349,0.1,10.277643822261913,0.1,18.824284480328608,18.824284480328608,1.9009856228005244,4.894116105839005,18.824284480328608
5.8844032,0.1,16.56706468556684,0.09999999999999076,29.36193780071539,29.36193780163168,3.3097714191141274,7.8890784216984775,29.36193780071539
19.3339977,0.1,27.202206199220672,0.09999999999998721,48.76002083181201,48.76002083181201,5.297127350141256,12.953431523438416,48.76002082600233
