Time,Probability,RiskPremium,T0,T1,T2,Z,Expected,CVaR
14.0685087,0.1,15.193485133050723,0.1,31.106249052948773,31.106249052948773,6.137583435910291,6.605863101326428,31.106249059466638
13.0512257,0.1,26.677302233793018,0.1,54.37287946669938,54.37287946669938,10.80106993476934,11.59882705817086,54.37287946669938
11.2225838,0.1,13.503212903819698,0.1,26.453135562230546,26.453135562230546,5.5740334285593915,5.8709621320954986,26.453135563743555
15.1243122,0.1,13.712612584502121,0.09999999999999609,27.24485105432847,27.24485105432847,5.622322553721939,5.962005471522665,27.244851064097794
14.4639325,0.1,19.758816067500433,0.1,35.028040437100294,35.028040437100294,8.524301389048032,8.5907895945654,35.02804043343514
13.1869802,0.1,32.46283292958718,0.1,59.366586872557626,59.366586872557626,13.823326574232059,14.114275186777045,59.366586872557626
