Time,Probability,RiskPremium,T0,T1,T2,Z,Expected,CVaR
14.4538122,0.1,17.732867213424885,0.1,63.178093761888086,109.79111751075695,5.02387553959973,7.7099422667064745,32.70518930229992
13.7113563,0.1,29.40564603671448,0.1,63.6545343968845,159.2186616820817,8.337493445042277,12.785063494223687,54.200508981466314
19.9080845,0.1,14.943081543786969,0.1,36.7901540834119,61.683831872068886,4.4000395595585715,6.496991975559554,26.727242018903787
23.0828416,0.1,14.948142936605706,0.1,36.81050410629964,58.73116960119909,4.384295326611901,6.499192581132909,26.82246772543737
17.5340319,0.1,21.907252437593606,0.1,38.121498083200855,75.85949867597274,6.780398044570793,9.524892364171135,37.5347025084296
20.2320642,0.1,36.26277761254964,0.1,63.62646810097078,121.6785427124816,11.085154325502826,15.766425048934627,62.82241623949559
