Time,Probability,RiskPremium,T0,T1,T2,Z,Expected,CVaR
12.8331655,0.05,13.633495790518289,0.1,63.178093761888086,109.79111751075692,1.8177994387357712,4.544498596839426,22.722492984197146
10.9146087,0.05,20.82021835827569,0.1,63.6545343968845,119.67234110440711,2.776029114436768,6.940072786091891,34.700363930459446
22.2430446,0.05,11.85951882864929,0.1,36.7901540834119,61.68383187206887,1.5812691771532348,3.953172942883093,19.765864714415475
16.391232,0.05,11.865758547332305,0.1,36.81050410629964,58.05967081709798,1.5821011396443063,3.9552528491107646,19.77626424555384
14.7963963,0.05,15.443222834189218,0.1,38.12149808320086,75.85949867597273,2.0590963778918967,5.147740944729735,25.738704723648695
13.9002513,0.05,25.39589114247604,0.1,63.6264681009708,121.67854271248154,3.386118818996811,8.465297047492005,42.32648523746003
