Time,Probability,RiskPremium,T0,T1,T2,Z,Expected,CVaR
22.908233,0.25,40.21098033387221,0.1,63.17809376188807,156.54192510569595,14.135941676567889,15.46576166687393,45.77798163953224
29.0279792,0.25,76.80566921787369,0.1,63.6545343968845,159.2186616820817,30.778436852901855,29.540642006874442,76.6451858871527
20.5232327,0.25,31.56163262850889,0.1,36.7901540834119,70.95489073513308,12.313830695268015,12.139089472503418,32.44969650318193
19.2879726,0.25,31.567563005180766,0.1,36.81050410629964,70.14192940826788,12.391871370197858,12.14137038660799,32.23943109625061
25.0662747,0.25,54.701251978591635,0.1,38.121498083200855,91.54684087940345,22.059738559396482,21.038943068689104,54.18914407013498
21.3358611,0.25,95.73303290098482,0.1,63.62646810097078,169.065317266968,38.77067282405284,36.820397269609536,94.36886243338787
