Time,Probability,RiskPremium,T0,T1,T2,Z,Expected,CVaR
18.0084436,0.1,12.998053807310294,0.1,24.50499390753682,24.50499390753682,3.370490004962794,5.9082062760501834,24.50499390753682
41.195276,0.1,24.39898020504517,0.1,48.550564605025585,48.550564605025585,5.816510845841798,11.090445547747771,48.55056460502559
26.03976,0.1,11.665746298347683,0.09999999999999609,21.239607448576834,21.239607448576834,3.175735245294221,5.30261195379439,21.239607450089842
10.6907443,0.1,11.728748358787035,0.09999999999999609,21.505283745913736,21.505283745913736,3.162692205432087,5.331249253994085,21.505283750798398
16.4600576,0.1,17.836584869899177,0.1,30.723463256079423,30.723463256079423,5.205861357634757,8.10753857722693,30.72346325241426
9.7962,0.1,28.963169816577143,0.09999999999998721,50.16639407030975,50.16639407030975,8.397829252194533,13.165077189353209,50.16639406450007
