Time,Probability,RiskPremium,T0,T1,T2,Z,Expected,CVaR
11.9074314,0.05,-9.994060216437598e-12,2.0,0.0,-3.1845320252129264e-9,-6.735143327003039e-12,-4.3452435723641734e-12,6.315935428978667e-17
11.4243733,0.05,6.002975302029274e-12,2.0,3.91497678720043e-9,3.91497678720043e-9,4.0454675658768085e-12,2.6099892617518586e-12,6.315935428978667e-17
10.2439808,0.05,-2.319940743215435e-12,0.1,0.0,0.0,-1.5634580642477474e-12,-1.0086698883545369e-12,7.894919286223334e-17
13.4225625,0.05,-5.7258601771081874e-11,2.0,0.0,0.0,-3.858731858485953e-11,-2.4895044248296476e-11,0.0
45.1810708,0.05,-6.18191459504184e-11,2.0,0.0,0.0,-4.1660728792673276e-11,-2.687788954366018e-11,0.0
22.5502928,0.05,3.268496584496461e-17,2.0,5.809681624668883e-9,5.809681624668883e-9,-1.7447771622553564e-17,1.4210854715202004e-17,1.578983857244667e-16
