Time,Probability,RiskPremium,T0,T1,T2,Z,Expected,CVaR
12.2156749,0.05,-9.994060216437598e-12,2.0,-3.1845320252129264e-9,-3.1845320252129264e-9,-7.386914073019094e-12,-4.3452435723641734e-12,0.0
11.7204172,0.05,6.002964407040659e-12,2.0,3.91497678720043e-9,3.91497678720043e-9,4.436973692160487e-12,2.6099845248002867e-12,0.0
18.5179497,0.05,-2.3199570856983575e-12,0.1,0.0,0.0,-1.7147508894292207e-12,-1.0086769937818947e-12,0.0
23.101067,0.05,0.0,2.0,0.0,0.0,-0.0,0.0,0.0
22.638312,0.05,5.619918397314904e-12,2.0,3.6651641721618944e-9,3.6651641721618944e-9,4.153852728450147e-12,2.443442781441263e-12,0.0
22.7693736,0.05,0.0,2.0,5.809681624668883e-9,5.809681624668883e-9,-0.0,0.0,0.0
