Time,Probability,RiskPremium,T0,T1,T2,Z,Expected,CVaR
22.2978603,0.25,43.30413266724702,0.1,63.17809376188807,156.54192510569595,17.2290940099427,15.46576166687393,45.77798163953224
27.0645063,0.25,82.71379761924864,0.1,63.6545343968845,159.2186616820817,36.68656525427681,29.540642006874442,76.6451858871527
22.6743218,0.25,33.98945052300957,0.1,36.7901540834119,70.95489073513308,14.741648589768703,12.139089472503418,32.44969650318193
19.6162,0.25,33.99583708250236,0.1,36.81050410629964,70.14192940826788,14.820145447519494,12.14137038660799,32.23943109625061
24.5373189,0.25,58.90904059232944,0.1,38.121498083200855,91.54684087940345,26.267527173134287,21.038943068689104,54.18914407013498
20.9076978,0.25,103.09711235490673,0.1,63.62646810097078,169.065317266968,46.13475227797474,36.820397269609536,94.36886243338787
