Time,Probability,RiskPremium,T0,T1,T2,Z,Expected,CVaR
16.9291405,0.2,23.219110668149295,0.09999999999999609,25.079896307260594,25.079896307260594,7.382374478207708,9.674629445062147,25.079896307260594
46.4489654,0.2,47.78437694278423,0.1,47.85974158388322,47.85974158388318,16.694386073534883,19.910157059493514,47.85974158388324
15.0815186,0.2,19.141579111501446,0.1,19.020860459803533,19.020860459803533,6.7478401497046425,7.975657963125682,19.020860459803533
101.8777369,0.2,19.25763384190175,0.1,18.967545376166676,18.967545376166676,6.8562072309596145,8.024014100792431,18.967545376166676
37.9071309,0.2,32.943937216794914,0.1,29.462604766330134,29.462604766330134,12.922911005757811,13.726640506997885,29.46260476709578
86.2678122,0.2,55.0664497319024,0.09999999999998721,48.82364659612184,48.82364659612184,21.770378662946776,22.944354054959476,48.82364658994991
