Time,Probability,RiskPremium,T0,T1,T2,Z,Expected,CVaR
43.6580865,0.2,19.21826409371289,0.09999999999999609,24.788880436565854,24.788880436565854,5.055207528976531,9.609132046856441,24.78888043978953
44.313451,0.2,39.80352866337168,0.09999999999999076,47.82223819041049,47.82223819041049,11.525622173689229,19.90176433168584,47.822238191674614
19.7495237,0.2,15.809339877858857,0.1,18.70599725959325,18.70599725959325,4.664271742730237,7.904669938929423,18.70599725959325
33.9136667,0.2,15.934844684946507,0.1,18.716580310026313,18.7165803100263,4.742674952207318,7.967422342473244,18.716580310026313
15.448961,0.2,27.389996969522798,0.09999999999999076,29.322021345109277,29.322021345109277,9.00689162665701,13.694998484761399,29.322021345109285
35.3359028,0.2,45.871976583540885,0.09999999999999432,48.78616173271812,48.78616173271812,15.180936261770645,22.935988291770414,48.786161725103554
