Time,Probability,RiskPremium,T0,T1,T2,Z,Expected,CVaR
74.1324441,0.2,18.017413262260067,0.1,20.679352191923687,20.679352191923687,4.597840024844897,8.579720601076144,20.679352191923687
73.5088274,0.2,41.48673478362395,0.09999999999999432,47.211598205823236,47.211598205823236,10.748742705467794,19.7555879922019,47.21159820708732
42.0570268,0.2,14.701013713027917,0.1,15.068674023189473,15.068674023189473,4.473254471458487,7.000482720489414,15.068674023189473
21.6136966,0.2,14.784885275133139,0.09999999999999609,14.946166622979487,14.946166617659014,4.582165690189083,7.040421559587186,14.946166622979487
84.1705044,0.2,28.52789361445892,0.1,28.878532300373465,28.878532300373465,8.825653946096299,13.584711244980289,28.878532303436046
46.2108961,0.2,48.02587132485917,0.1,48.512927388964236,48.512927388964236,14.899022847885014,22.869462535647283,48.512927388964236
