Time,Probability,RiskPremium,T0,T1,T2,Z,Expected,CVaR
12.1098371,0.05,-8.255962787491929e-12,2.0,-3.1845320252129264e-9,-3.1845320252129264e-9,-5.648816644073425e-12,-4.3452435723641734e-12,0.0
11.5559874,0.05,4.958970597120545e-12,2.0,3.91497678720043e-9,3.91497678720043e-9,3.3929798822403728e-12,2.6099845248002867e-12,0.0
18.4882864,0.05,-1.9164862881855998e-12,0.1,0.0,0.0,-1.311280091916463e-12,-1.0086769937818947e-12,0.0
23.0016112,0.05,0.0,2.0,0.0,0.0,-0.0,0.0,0.0
22.7372405,0.05,4.6425412847383994e-12,2.0,3.6651641721618944e-9,3.6651641721618944e-9,3.176475615873642e-12,2.443442781441263e-12,0.0
22.6559535,0.05,0.0,2.0,5.809681624668883e-9,5.809681624668883e-9,-0.0,0.0,0.0
