Time,Probability,RiskPremium,T0,T1,T2,Z,Expected,CVaR
27.6994041,0.15,8.690949333659857,0.1,13.515114304773878,13.515114304773878,0.6376492870781549,5.112323137446998,13.515114306403351
31.1191463,0.15,17.979131614953886,0.1,28.09620710740852,28.09620710740852,1.271085274584438,10.575959773502206,28.09620710740852
8.7318502,0.15,9.04034421144188,0.1,13.572486183892828,13.572486183892828,0.8333718485869326,5.317849536142349,13.572486183892828
16.0045873,0.15,9.124260060970522,0.1,13.664900109469235,13.664900109469235,0.8528573523058035,5.367211800570934,13.664900109410473
33.6274324,0.15,17.84404922528601,0.1,27.104442303759626,27.104442303759626,1.5347697149164214,10.496499544286026,27.10444230452527
21.2406095,0.15,30.005967893160452,0.1,47.37145739741653,47.37145739741653,1.9530877272681288,17.650569348917763,47.37145739741653
