Time,Probability,RiskPremium,T0,T1,T2,Z,Expected,CVaR
14.1688898,0.1,16.26992861211832,0.09999999999999609,27.245644033409096,27.245644033409096,5.814667923481158,6.257664850814745,27.24564403992696
14.5231606,0.1,28.924039165130353,0.1,48.82313354721057,48.82313354721057,10.259708096933709,11.124630448127068,48.82313354847465
12.1105284,0.1,14.70482470726717,0.1,24.08027900602037,24.08027900602037,5.364207457370611,5.655701810487397,24.080279007533377
17.3517165,0.1,14.83374294381366,0.09999999999999609,24.431297847068755,24.431297847068755,5.383254775814925,5.7052857476206364,24.431297849511086
14.0847817,0.1,21.74899567416702,0.09999999999999076,32.6765472218204,32.6765472218204,8.521687561551683,8.364998336218102,32.67654721820411
11.7604561,0.1,35.163227739377085,0.1,53.03288098592301,53.03288099173269,13.737196853153373,13.524318361298972,53.03288098592301
