Time,Probability,RiskPremium,T0,T1,T2,Z,Expected,CVaR
38.3792687,0.15,13.351805239528518,0.1,22.94615716355147,22.94615716355147,2.828438143501264,7.417669577515898,22.946157170072826
79.0029468,0.15,28.080082063109998,0.09999999999999076,47.81818102346817,47.81818102346817,6.036409385859825,15.600045590616567,47.81818102378419
17.9003007,0.15,11.81683575523113,0.1,18.815553115680583,18.815553115680583,2.8017981294674286,6.564908752906196,18.815553117193584
21.6815319,0.15,11.875892092346827,0.1,18.857057494465657,18.857057494465657,2.826306330187983,6.597717829081578,18.857057494467618
13.4486667,0.15,20.00617811929429,0.1,29.356019211826318,29.356019211826318,5.243339557242649,11.114543399607976,29.356019211826318
25.9748351,0.15,32.48029322226618,0.1,48.78616173271807,48.78616173426105,8.28737499915978,18.044607345703422,48.78616173271806
