Time,Probability,RiskPremium,T0,T1,T2,Z,Expected,CVaR
22.5589179,0.25,30.28430090024639,0.1,29.245265308074472,29.245265308074472,13.031117054788034,12.113720360098611,29.24526531129812
16.0421666,0.25,62.21596664978364,0.1,53.70344867446606,53.70344867446606,28.684461385504335,24.886386659913413,53.70344867446606
20.4875633,0.25,26.747613266409527,0.1,25.365820978102178,25.365820978102178,11.648535258729629,10.699045306563896,25.36582097695083
65.7918915,0.25,26.87694195414965,0.1,25.392041460949624,25.392041460949624,11.733785768880528,10.750776781659846,25.392041460357696
14.0060776,0.25,44.35527888496494,0.1,38.01063329713089,38.01063329713089,20.532610807116683,17.742111553985975,38.01063330019347
13.2404782,0.25,76.01693055101366,0.1,62.83536123882864,62.83536123265668,35.88158162693266,30.406772220405543,62.83536123265668
