Time,Probability,RiskPremium,T0,T1,T2,Z,Expected,CVaR
13.7282961,0.1,12.88171117152354,0.1,29.029773456225012,29.029773456225012,4.181963797411868,6.44085558576177,29.029773469260746
14.7466641,0.1,22.54525857389804,0.09999999999999076,50.34512247418717,50.34512247418717,7.365379968212143,11.27262928694902,50.34512247431779
23.522195,0.1,11.555777775531283,0.1,25.312113870501467,25.312113870501467,3.8244663894920308,5.777888887765641,25.3121138705019
22.5339951,0.1,11.7088126889292,0.09999999999999432,25.910076416863077,25.910076416863077,3.8488393371026453,5.854406344464594,25.910076418084245
13.2426717,0.1,17.071575048459977,0.1,34.400939764668095,34.400939764668095,5.949272300552673,8.535787524229988,34.40093976100293
8.723866,0.1,27.807488557763282,0.09999999999998721,56.833161849766064,56.833161849766064,9.610802521793202,13.903744278881637,56.833161849766064
