Time,Probability,RiskPremium,T0,T1,T2,Z,Expected,CVaR
29.8476245,0.1,9.912077531721344,0.1,16.88083779339329,16.88083779339329,1.0752159423887615,4.505489787146035,16.880837793393287
38.240541,0.1,17.12926145741101,0.1,29.34194743087096,29.34194743087096,1.798661698734688,7.786027935186839,29.34194743087097
11.1717394,0.1,9.298031319605354,0.09999999999999609,15.511875477441025,15.511875477441025,1.1217292848153289,4.226377872547884,15.511875478954034
22.8841239,0.1,9.104081059550536,0.09999999999999609,15.179464386747835,15.179464386747835,1.1014263925200867,4.138218663432034,15.17946438799902
15.6739997,0.1,17.15814762941503,0.09999999999999076,28.924542091575198,28.924542091575198,1.9651051899556784,7.799158013370446,28.924542087910034
26.8002155,0.1,28.41540433042412,0.1,48.5736936677953,48.5736936677953,3.019151176343187,12.916092877465578,48.5736936677953
