Time,Probability,RiskPremium,T0,T1,T2,Z,Expected,CVaR
18.1733811,0.2,35.358713839671864,0.1,63.17809376188807,156.54192510569598,16.022208983600514,13.095819940619208,54.70038604363338
16.7532601,0.2,65.30849435930112,0.1,63.6545343968845,159.2186616820817,31.79844558361051,24.188331244185548,86.3331147875522
23.9607751,0.2,28.071097167534447,0.1,36.7901540834119,70.95489073513308,13.661924548025452,10.396702654642404,37.14650242041974
25.6935559,0.2,28.077021793839272,0.1,36.81050410629964,70.1419294082679,13.769670441674387,10.3988969606812,36.45525957057242
19.3913646,0.2,46.93826399894163,0.1,38.121498083200855,91.54684087940345,23.170272503611095,17.384542221830234,59.9408707118324
17.4547463,0.2,80.80561621427013,0.1,63.62646810097078,169.065317266968,39.71386374911884,29.92800600528522,104.35298240439263
