Time,Probability,RiskPremium,T0,T1,T2,Z,Expected,CVaR
82.4170063,0.25,26.133744588161072,0.1,25.368600146861006,25.368600146861006,9.168805941200684,11.362497647026714,25.36860014686101
23.2694284,0.25,55.096741540961666,0.09999999999999432,48.751280890246974,48.751280890246974,21.22316617367159,23.95510501780904,48.75128089151106
19.2161612,0.25,22.443337643219092,0.1,20.863191679094843,20.863191679094843,8.243277239488586,9.757972888356086,20.86319167679214
17.2320861,0.25,23.252781870851738,0.1,22.284541708502317,22.284541708502317,8.273022091653946,10.109905161239892,22.284541706134604
17.7634244,0.25,37.910249678849205,0.09999999999999076,31.657427936070754,31.657427936070754,15.357648152191873,16.482717251673638,31.657427939133335
39.8229302,0.25,63.85300518839283,0.1,49.542579320454024,49.542579320454024,27.378667758891492,27.762176168866304,49.542579320454024
