Time,Probability,RiskPremium,T0,T1,T2,Z,Expected,CVaR
39.0957402,0.25,27.548281032391433,0.1,31.948596841227616,31.948596841227616,11.141004924449742,12.521945923814284,31.948596844451263
20.4200863,0.25,55.62422722549311,0.1,56.29084035375601,56.29084035375601,24.139067436380863,25.283739647951407,56.29084035375601
24.3566237,0.25,23.856199797506573,0.09999999999999609,26.294067884362295,26.294067884362295,9.922404476086296,10.84372718068482,26.294067884362295
24.7910805,0.25,24.06136867042984,0.1,26.60227629377116,26.60227629377116,9.991324804720115,10.936985759286324,26.602276291403435
22.6034998,0.25,43.61323833824508,0.1,38.12149808320086,50.906926778961875,17.57249358672725,19.824199244656786,50.906926778961875
13.2059791,0.25,77.45869236781208,0.1,63.62646810097078,93.15063864033213,30.661767415086587,35.20849653082364,93.15063864033213
