Time,Probability,RiskPremium,T0,T1,T2,Z,Expected,CVaR
66.4669629,0.25,21.868786249444817,0.09999999999999254,26.020989391329913,26.020989391329913,6.73112327662997,11.509887499707869,26.020989392135824
25.3169464,0.25,45.54585227309779,0.0999999999999801,48.82529360616056,48.82529360616056,15.360902973966393,23.971501196367214,48.82529360742464
21.7214861,0.25,19.46804695897656,0.09999999999999432,23.026832774380782,23.026832774380782,6.026583387125908,10.246340504724396,23.026832773229433
17.9897973,0.25,19.68007156837519,0.09999999999999787,23.367196498480777,23.367196498480777,6.069823141040949,10.357932404408047,23.367196496113063
15.3043924,0.25,31.80998449124287,0.09999999999999432,32.79478265316882,32.79478265316882,11.054716001694473,16.742097100654064,32.7947826562314
12.5611049,0.25,53.819340912203316,0.1,52.02450842275262,52.02450842275262,19.56873713064567,28.325968901159396,52.02450842275262
