Time,Probability,RiskPremium,T0,T1,T2,Z,Expected,CVaR
52.1505034,0.25,31.772694068521925,0.1,29.90982518290828,29.90982518290828,14.245559648080238,12.220266949431585,29.90982518613191
21.0646539,0.25,64.97132456267015,0.1,54.338239975968506,54.338239975968506,31.17757287955088,24.988970985642254,54.33823997723259
19.7857197,0.25,28.04493149392821,0.09999999999999432,25.909356521126643,25.909356521126643,12.721566058801152,10.786512113049312,25.909356519975294
21.6481263,0.25,28.15913618201436,0.09999999999999609,25.88658493721128,25.88658493721128,12.811854805693223,10.830436993082454,25.886584937211275
15.2590954,0.25,50.840454573918066,0.1,38.121498083200855,49.11094352069799,22.419356824730823,19.554020989968294,49.11094352069799
15.445013,0.25,90.95641418321551,0.1,63.62646810097078,91.65948639510115,38.970302907665534,34.98323622431391,91.65948639510115
