Time,Probability,RiskPremium,T0,T1,T2,Z,Expected,CVaR
19.5234987,0.15,16.17249969933529,0.1,24.42738366515038,24.42738366515038,4.289761033285109,7.70119033301679,24.42738366515038
32.7639253,0.15,32.864146031030266,0.09999999999999788,48.080153016320274,48.080153016320274,9.106912765551952,15.649593348109564,48.08015301758436
6.6304416,0.15,14.112211905644973,0.1,19.62794749149328,19.62794749149328,4.165149351805903,6.720100907449986,19.627947493006282
21.4919787,0.15,14.359633983555275,0.1,20.11607055766281,20.11607055766281,4.202175634984173,6.837920944550168,20.116070560633993
6.9729805,0.15,23.45151848534352,0.1,29.63350899060222,29.63350899060222,7.66759892149893,11.167389754925484,29.63350899060222
8.9252676,0.15,38.06593562169995,0.09999999999999432,49.226693232923914,49.226693232923914,12.16428530726192,18.126636010333197,49.22669322675194
