Time,Probability,RiskPremium,T0,T1,T2,Z,Expected,CVaR
14.3013843,0.1,13.877896080071647,0.1,63.17809376188807,109.79111751075689,1.1689044062464822,7.709942266706473,32.705189302299914
13.550008,0.1,23.01311428960262,0.1,63.6545343968845,159.21866168208157,1.9449616979304238,12.785063494223685,54.20050898146629
20.0880109,0.1,11.69082720440764,0.1,36.79015408341189,58.55187220426251,1.1515435717787983,6.494904002448689,26.71680215334947
23.0196523,0.1,11.698546646039249,0.1,36.81050410629963,58.73116960119909,1.1346990360454465,6.499192581132909,26.82246772543736
18.0803145,0.1,15.75947269138735,0.1,38.07178307306462,38.07178307306462,2.0179518624852273,8.75526260632629,33.686553719205406
20.0011977,0.1,28.37956508808233,0.1,63.62646810097078,121.67854271248153,3.2019418010355185,15.76642504893462,62.82241623949557
