Time,Probability,RiskPremium,T0,T1,T2,Z,Expected,CVaR
15.0180528,0.25,19.555884559814572,0.09999999999999609,25.991512352290606,25.991512352290606,5.15481288409309,11.50346150577319,25.991512355514253
5.8686688,0.25,40.756605593140264,0.09999999999999432,48.839013676705875,48.839013676705875,11.809223754892145,23.974473878317614,48.83901367796996
13.8186174,0.25,17.1556628920492,0.1,22.32216037401212,22.32216037401212,4.617977691576501,10.091566407087834,22.32216037401212
7.7111336,0.25,17.58058577563575,0.09999999999999432,23.29221315287908,23.29221315287908,4.6489263099369715,10.34152104449159,23.29221315052715
7.0605702,0.25,28.4102189507541,0.09999999999999432,32.65391696264939,32.65391696264939,8.509920757256765,16.711893500443622,32.65391696571197
7.8939389,0.25,47.91479373433713,0.09999999999999432,51.38622079910924,51.38622079910924,15.089411346900507,28.185172784904083,51.38622079756625
