Time,Probability,RiskPremium,T0,T1,T2,Z,Expected,CVaR
56.1702133,0.25,38.29558606684693,0.10000000000000009,41.7168359063641,41.7168359063641,19.01062286647418,13.676995023873879,41.71683590636784
21.2085275,0.25,73.22422647584844,0.1,63.28595473261966,63.28595473261966,39.64582796479627,26.151509455660193,63.28595473261966
19.3691302,0.25,31.22467144611967,0.1,28.938477127159487,28.938477127159487,16.515641322026717,11.15166837361417,28.938477126008138
24.0031927,0.25,31.417748765206376,0.09999999999999432,29.027568781530942,29.027568781530942,16.635735361698423,11.220624559002232,29.027568781530942
20.2032465,0.25,56.54730369097172,0.1,38.121498083200855,53.96400191388241,29.598130825060487,20.19546560391845,53.96400191388241
14.2649657,0.25,99.43934893931146,0.1,63.62646810097078,95.63926896796524,51.90025259162939,35.514053192611165,95.63926896796524
