Time,Probability,RiskPremium,T0,T1,T2,Z,Expected,CVaR
55.0474078,0.1,11.289384561889646,0.1,18.706094840602006,18.706094840602006,1.5517731196462832,4.908428070386779,18.70609484711987
30.8976741,0.1,18.359102839848205,0.09999999999999076,30.243924276310345,30.243924276310345,2.585287236115287,7.982218626020961,30.243924276626366
43.6344892,0.1,10.213113835958785,0.1,16.490789984962706,16.490789984962706,1.5550225615170226,4.440484276503809,16.490789984897948
14.9158941,0.1,10.147578309172324,0.1,16.430255517431654,16.430255517431654,1.5291950080740935,4.411990569205391,16.43025551747066
27.3692906,0.1,18.02074648202113,0.1,29.08896694203282,29.08896694203282,2.746788394347091,7.835107166096204,29.08896694203282
19.4043408,0.1,29.707803016115594,0.1,48.575255643437394,48.575255643437394,4.310780081869748,12.916436093963311,48.57525563762771
