Time,Probability,RiskPremium,T0,T1,T2,Z,Expected,CVaR
10.2545543,0.1,0.0,2.0,0.0,0.0,-0.0,0.0,0.0
9.5436688,0.1,0.0,2.0,0.0,0.0,-0.0,0.0,0.0
9.3764159,0.1,0.0,2.0,0.0,0.0,-0.0,0.0,0.0
10.2450604,0.1,0.0,2.0,0.0,0.0,-0.0,0.0,0.0
8.7963199,0.1,0.0,2.0,0.0,0.0,-0.0,0.0,0.0
9.634253,0.1,0.0,2.0,0.0,0.0,-0.0,0.0,0.0
