Time,Probability,RiskPremium,T0,T1,T2,Z,Expected,CVaR
21.3273536,0.2,39.287459821857674,0.1,63.17809376188807,156.54192510569598,18.930578459517193,13.095819940619208,42.140065627504306
19.7063792,0.2,72.56499373255677,0.1,63.6545343968845,159.2186616820817,37.12107094369438,24.188331244185548,69.21069742289262
17.4713365,0.2,31.19010796392723,0.1,36.7901540834119,70.95489073513308,15.636097349223377,10.396702654642404,31.02593449488825
25.5565491,0.2,31.196690882043598,0.1,36.81050410629964,70.1419294082679,15.711848199396124,10.3988969606812,30.742679848546288
27.466241,0.2,52.1536266654907,0.1,38.121498083200855,91.54684087940345,27.189216261062146,17.384542221830234,47.70401495222346
15.1144854,0.2,89.78401801585576,0.1,63.62646810097078,169.065317266968,46.40913582537395,29.92800600528522,83.71551074607174
