Time,Probability,RiskPremium,T0,T1,T2,Z,Expected,CVaR
27.8310384,0.15,17.736606341438378,0.09999999999999609,29.24526530155659,29.24526530155659,6.1707139801524775,8.446003019732565,29.245265296755075
14.2640164,0.15,33.559508940426,0.1,50.46557324484466,50.46557324484466,12.406062192098391,15.980718543059922,50.46557324484466
13.8887947,0.15,15.75944819508749,0.1,24.785145081235054,24.785145081235054,5.662852163462026,7.504499140517898,24.785145081235054
14.7588477,0.15,16.059544204169704,0.1,25.47247251302049,25.47247251302049,5.738381624637551,7.647402001985589,25.472472518962853
13.1936225,0.15,24.795941421002354,0.1,33.95658223000473,33.95658223000473,9.66600160657217,11.807591152858212,33.95658223000473
20.3441732,0.15,40.66568704686029,0.1,57.889466314997904,57.889466314997904,15.522346152997592,19.364612879457276,57.889466308825945
