Time,Probability,RiskPremium,T0,T1,T2,Z,Expected,CVaR
33.9508355,0.15,23.071609649672563,0.1,27.678829332647748,27.678829332647748,9.000058437460165,8.239860589168755,27.678829332647755
19.7845106,0.15,44.16604845140832,0.09999999999998721,48.81785499969683,48.81785499969683,18.479179838267864,15.7735887326458,48.81785500096091
14.3518547,0.15,20.339135001936917,0.1,22.97442640489606,22.97442640489606,8.362023329983838,7.2639767864060465,22.97442640489606
11.3424997,0.15,20.64236322188142,0.1,23.405686126503145,23.405686126503145,8.460066574894684,7.37227257924337,23.405686138387868
13.4971446,0.15,32.5785349815253,0.1,32.581470638167026,32.581470638167026,14.659460044693834,11.635191064830455,32.581470638167026
13.9325076,0.15,52.45824750037025,0.1,53.03288098592299,53.03288098592299,23.4338213313524,18.73508839298945,53.03288097975102
