Time,Probability,RiskPremium,T0,T1,T2,Z,Expected,CVaR
79.8296153,0.25,16.596867719533655,0.1,18.10155262542658,18.10155262542658,3.823957428229055,9.220482066407651,18.101552628650236
101.7651145,0.25,42.034644805489044,0.1,46.579172731020016,46.579172731020016,9.391427444458305,23.352580447493793,46.57917273133604
43.9659306,0.25,14.230152507103412,0.1,14.128019232105164,14.128019232105164,3.8355606456874543,7.905640281724032,14.128019230953814
97.9796221,0.25,14.258269052057287,0.1,14.216804118426538,14.216804118426538,3.8187910542377073,7.921260584476155,14.21680411783461
85.8133762,0.25,27.862258320940853,0.1,27.940943655297534,27.940943655297534,7.398461417283349,15.479032400522732,27.940943658360116
36.3891329,0.25,49.116171798929194,0.1,47.8190724178091,47.8190724178091,13.616485567964535,27.28676211051665,47.81907241163716
