Time,Probability,RiskPremium,T0,T1,T2,Z,Expected,CVaR
12.8184698,0.05,13.633495790518289,0.1,63.178093761888086,109.79111751075692,3.6355988774715478,4.544498596839426,22.722492984197146
10.0809191,0.05,20.82021835827569,0.1,63.6545343968845,119.67234110440711,5.552058228873532,6.940072786091891,34.700363930459446
11.6272768,0.05,11.85951882864929,0.1,36.7901540834119,61.68383187206887,3.1625383543064807,3.953172942883093,19.765864714415475
18.3525496,0.05,11.865758547332305,0.1,36.81050410629964,58.05967081709798,3.164202279288616,3.9552528491107646,19.77626424555384
11.4145379,0.05,15.443222834189218,0.1,38.12149808320086,75.85949867597273,4.118192755783799,5.147740944729735,25.738704723648695
12.5315519,0.05,25.39589114247604,0.1,63.6264681009708,121.67854271248154,6.7722376379936255,8.465297047492005,42.32648523746003
