Time,Probability,RiskPremium,T0,T1,T2,Z,Expected,CVaR
12.1671866,0.05,-1.1732157645383267e-11,2.0,0.0,-3.1845320252129264e-9,-8.907771429120555e-12,-4.3452435723641734e-12,6.315935428978667e-17
14.3743752,0.05,7.0469710067300186e-12,2.0,3.91497678720043e-9,3.91497678720043e-9,5.3504558808173095e-12,2.6099892617518586e-12,6.315935428978667e-17
10.573433,0.05,2.178744225034279e-11,0.1,0.0,0.0,-2.2863420588868772e-12,8.069423055682515e-12,5.379616949438867e-11
18.4754048,0.05,6.7216760157862155e-12,2.0,3.7342573477872065e-9,3.7342573477872065e-9,5.10348369983957e-12,2.4895096354763763e-12,3.1579677144893335e-17
15.9566172,0.05,6.597244350814435e-12,2.0,3.6651641721618944e-9,3.6651641721618944e-9,5.009007806064701e-12,2.4434238336349755e-12,3.1579677144893335e-17
16.1674329,0.05,3.836930773104541e-17,2.0,5.809681624668883e-9,5.809681624668883e-9,-2.6132182837399224e-17,1.4210854715202004e-17,1.578983857244667e-16
