Time,Probability,RiskPremium,T0,T1,T2,Z,Expected,CVaR
11.3312422,0.05,-6.952389715782678e-12,2.0,-3.1845320252129264e-9,-3.1845320252129264e-9,-3.476194857891339e-12,-4.3452435723641734e-12,0.0
13.0521695,0.05,4.175975239680459e-12,2.0,3.91497678720043e-9,3.91497678720043e-9,2.0879876198402296e-12,2.6099845248002867e-12,0.0
10.3111849,0.05,-1.6138831900510317e-12,0.1,0.0,0.0,-8.069415950255158e-13,-1.0086769937818947e-12,0.0
12.5459011,0.05,0.0,2.0,0.0,0.0,-0.0,0.0,0.0
11.8183008,0.05,3.909508450306021e-12,2.0,3.6651641721618944e-9,3.6651641721618944e-9,1.9547542251530106e-12,2.443442781441263e-12,0.0
12.5698046,0.05,0.0,2.0,5.809681624668883e-9,5.809681624668883e-9,-0.0,0.0,0.0
