Time,Probability,RiskPremium,T0,T1,T2,Z,Expected,CVaR
15.4462381,0.15,31.127296787786555,0.1,63.178093761888086,109.79111751075698,17.598295971086962,10.375765595928852,41.90811780363635
16.9388281,0.15,55.63567676870356,0.1,63.6545343968845,159.2186616820817,32.21580693574812,18.54522558956784,67.29166802344398
16.7212749,0.15,25.58434110834659,0.1,36.7901540834119,61.68383187206888,14.770759191236179,8.528113702782191,31.38279584606454
15.8220467,0.15,25.591194378364673,0.1,36.81050410629964,59.60930820403673,14.802121702623005,8.530398126121549,31.11714362232266
14.5886583,0.15,40.7810114730092,0.1,38.121498083200855,91.54684087940345,23.984746590646537,13.59367049100308,45.61961440459937
12.69415,0.15,68.71687102314303,0.1,63.62646810097078,169.06531726696798,40.02077432862182,22.905623674380998,80.81035387578319
