Time,Probability,RiskPremium,T0,T1,T2,Z,Expected,CVaR
13.747058,0.1,19.1717186647158,0.1,35.02665743720304,35.02665743720304,9.50671477811364,6.847042380255649,35.02665744372091
13.1215583,0.1,33.41776673141202,0.1,59.66429177655589,59.66429177655589,16.70991253281901,11.934916689790024,59.664291777819976
11.5923095,0.1,16.751419177941685,0.1,28.232580128659496,28.232580128659496,8.543776429157495,5.982649706407724,28.232580130172504
15.0125262,0.1,16.927079313040778,0.1,28.578163602453188,28.578163602453188,8.628416030258196,6.045385468943121,28.57816360733785
14.6044718,0.1,24.361454922824297,0.1,36.88408263871638,36.88408263871638,12.84257900445469,8.70051961529439,36.88408264604671
12.6494859,0.1,40.033714421855954,0.1,62.355002388930956,62.355002388930956,20.930234547947254,14.297755150662844,62.355002383121274
