Time,Probability,RiskPremium,T0,T1,T2,Z,Expected,CVaR
10.8647973,0.05,11.361246492098571,0.1,63.178093761888086,109.79111751075692,0.45444985968394214,4.544498596839426,22.722492984197146
11.7220143,0.05,17.35018196522973,0.1,63.6545343968845,119.67234110440711,0.6940072786091847,6.940072786091891,34.700363930459446
13.635873,0.05,9.882932357207741,0.1,36.7901540834119,61.68383187206887,0.39531729428830764,3.953172942883093,19.765864714415475
11.7104648,0.05,9.888132122776918,0.1,36.81050410629964,58.05967081709798,0.3955252849110751,3.9552528491107646,19.77626424555384
12.9244117,0.05,12.869352361824347,0.1,38.12149808320086,75.85949867597273,0.5147740944729848,5.147740944729735,25.738704723648695
12.0683653,0.05,21.16324261873002,0.1,63.6264681009708,121.67854271248154,0.8465297047491975,8.465297047492005,42.32648523746003
