Time,Probability,RiskPremium,T0,T1,T2,Z,Expected,CVaR
23.0360021,0.25,24.93852590194341,0.09999999999999432,27.8735711746931,27.873571171469454,9.063516714718855,11.875488524734944,27.8735711746931
22.006138,0.25,51.478828119247574,0.09999999999998366,51.578241530469995,51.578241530469995,20.198971979756077,24.513727675832055,51.578241530469995
22.7504992,0.25,22.17590254741113,0.09999999999999609,24.573814736131677,24.573814736131677,8.112483667874221,10.559953594005396,24.573814736131677
19.1503451,0.25,22.279047094593384,0.09999999999999787,24.59090092094479,24.59090092094479,8.174519330573952,10.60907004504443,24.59090092094479
18.4235406,0.25,36.35581240416949,0.1,35.5929536609296,35.5929536609296,14.473355272396624,17.31229162103319,35.59295366399218
19.77077,0.25,62.45986219695808,0.09999999999998721,59.09371740776734,59.09371741393929,25.379339203245497,29.742791522361134,59.09371740776734
