Time,Probability,RiskPremium,T0,T1,T2,Z,Expected,CVaR
25.6266163,0.25,34.02467566712265,0.1,63.17809376188807,156.54192510569595,14.145039933297333,15.46576166687393,59.60450233638771
23.858162,0.25,64.98941241512381,0.1,63.6545343968845,159.2186616820817,28.685106584460517,29.540642006874442,97.1772802447629
23.0452078,0.25,26.70599683950753,0.1,36.7901540834119,70.95489073513308,11.899547502764413,12.139089472503418,38.81268811490056
25.9248866,0.25,26.711014850537577,0.1,36.81050410629964,70.14192940826788,11.960874801979546,12.14137038660799,38.22906700610842
26.1957668,0.25,46.285674751116105,0.1,38.121498083200855,91.54684087940345,21.11074833313703,21.038943068689104,62.39877656158932
20.7314883,0.25,81.0048739931411,0.1,63.62646810097078,169.065317266968,36.99624547669767,36.820397269609536,108.70270973794835
