Time,Probability,RiskPremium,T0,T1,T2,Z,Expected,CVaR
42.1160899,0.15,16.467506339432763,0.1,20.256640272087022,20.25664027208702,4.247973645775566,6.861460974763587,20.256640271997735
83.0770674,0.15,37.19968341229465,0.09999999999999076,47.336421376791506,47.336421376791506,8.965194008497944,15.499868088456168,47.33642137680738
15.2647981,0.15,14.656546570745324,0.1,16.67327866647157,16.67327866647157,4.323098460865167,6.106894404477243,16.673278667984572
21.0185447,0.15,14.762518260649786,0.1,16.783425246401148,16.783425246401148,4.35851859930378,6.151049275270735,16.783425240458776
45.0632943,0.15,26.548596061716676,0.09999999999999076,29.10638671190538,29.10638671190538,8.26889236145087,11.061915025715196,29.106386712091687
71.5328133,0.15,43.23028529405172,0.1,48.635674083126396,48.635674083126396,12.968444339756786,18.012618872521738,48.635674076954416
