Time,Probability,RiskPremium,T0,T1,T2,Z,Expected,CVaR
56.3089073,0.15,10.134711166848344,0.09999999999999609,18.012853122917427,18.012853122917427,1.4647849562335584,6.334194479280181,18.012853135953215
45.6506966,0.15,20.354311618990003,0.09999999999999076,35.76595215611197,35.76595215611197,3.0239653782093554,12.721444761868803,35.76595215642799
23.0775408,0.15,9.084053568547603,0.1,14.841586242657714,14.841586242657714,1.5737095356666235,5.677533480342214,14.841586243035964
16.6124905,0.15,9.135778743570153,0.1,14.887822183103971,14.887822183103971,1.5903249351643074,5.70986171473139,14.887822183103971
37.2578788,0.15,17.594620859669345,0.1,28.82815939608466,28.82815939608466,3.0316785500052803,10.996638037293245,28.828159399147243
22.7378744,0.15,28.76830958386324,0.1,48.49858333098398,48.49858333098398,4.684438126969072,17.980193489914715,48.49858332481201
