Time,Probability,RiskPremium,T0,T1,T2,Z,Expected,CVaR
102.3959301,0.25,20.34665621603662,0.1,25.120036604273857,25.120036604273857,5.588873641614499,11.30369789779821,25.12003660429391
28.6307086,0.25,43.04604029349715,0.09999999999998366,48.57512938456597,48.57512938456597,12.966651349140639,23.914466829720723,48.57415528826338
43.5571056,0.25,17.475246658847954,0.1,20.65344044985237,20.65344044985237,5.0305337721526415,9.70847036602664,20.65344044870102
10.9568802,0.25,17.98064957424728,0.1,21.774876129025838,21.774876129025838,5.044993219979714,9.989249763470777,21.774876126658125
35.4011003,0.25,29.302059246031213,0.1,30.791077562458717,30.791077562458717,9.395098502903501,16.278921803350542,30.791077562458717
16.3188333,0.25,49.82209279205558,0.1,49.18986045326018,49.18986045326018,16.765422348717454,27.678940440030768,49.18986045326018
