Time,Probability,RiskPremium,T0,T1,T2,Z,Expected,CVaR
84.7516811,0.2,12.02288921433756,0.09999999999999609,14.294533725569933,14.294533725569933,2.297445984706867,6.679382896854329,14.294533728795455
33.5487121,0.2,28.613368390056763,0.1,35.179409588768735,35.179409588768735,5.003815090691335,15.896315772253613,35.17940959003282
78.6823694,0.2,11.914405960286716,0.1,13.7591663663571,13.7591663663571,2.4392707603149124,6.619114422381638,13.759166366357103
37.720721,0.2,12.0661740770389,0.10000000000000142,13.786763858086784,13.786763858086784,2.5294105081104106,6.703430042799325,13.786763858122255
27.0828423,0.2,23.666954713203886,0.1,27.423904828637955,27.423904828637955,4.808407877347484,13.148308174002135,27.423904828637955
53.8181311,0.2,40.553899710310205,0.1,47.39540050906539,47.39540050906539,8.077772937197869,22.529944283505987,47.3954005075224
