Time,Probability,RiskPremium,T0,T1,T2,Z,Expected,CVaR
256.9639161,0.2,9.983408788329204,0.09999999999999609,13.093489186941357,13.093489186941357,1.002234816639791,6.239630492705786,13.093489190165062
87.1093651,0.2,21.449559892544976,0.1,28.233624328813377,28.233624328813377,2.112525201843453,13.405974932840579,28.233624327493466
40.153383,0.2,10.100056804337427,0.1,12.913285933578077,12.913285933578077,1.1472211285660592,6.3125355027109,12.91328593536214
34.7993565,0.2,10.236112500750139,0.1,12.945626078392706,12.945626078392706,1.219319879483592,6.3975703129688455,12.94562608371318
37.0049267,0.2,20.2031442488588,0.1,26.01464943852531,26.01464943852531,2.2211053789015285,12.626965155536636,26.014649441587892
27.9030259,0.2,35.91711490752464,0.1,47.17009285800005,47.17009285954302,3.5801596740028745,22.44819681720289,47.17009285800003
