Time,Probability,RiskPremium,T0,T1,T2,Z,Expected,CVaR
19.3783474,0.25,24.217105310659008,0.1,26.123133143747133,26.123133143747133,8.307796930648609,11.53195490983764,26.123133143747133
9.0038456,0.25,50.3586010449831,0.09999999999998366,48.86605422741327,48.86605422741327,18.912584428052185,23.98028621189675,48.866054228677356
9.5141197,0.25,21.57388148778525,0.09999999999999609,23.152010887334725,23.152010887334725,7.436984392409411,10.273276898945374,23.152010887046888
8.792257,0.25,21.85469486324028,0.09999999999999787,23.594751441366586,23.594751441366586,7.491371143083615,10.40699755392401,23.594751441366586
10.9040558,0.25,35.15840391034111,0.09999999999999076,32.79478265316882,32.79478265316882,13.600501144047039,16.742097100162496,32.79478265393446
10.4743943,0.25,59.570005636698674,0.1,52.212736585343634,52.212736585343634,24.049516115529396,28.366669350809207,52.212736585343634
