Time,Probability,RiskPremium,T0,T1,T2,Z,Expected,CVaR
57.517778,0.1,11.264578716623163,0.1,17.716216784096467,17.716216784096467,1.3619473238096427,4.693574465259674,17.71621678414422
25.2949546,0.1,18.711623044007684,0.1,29.388744986027255,29.388744986027255,2.278219288594709,7.796509601669761,29.388744986027714
37.5291361,0.1,10.28576827172459,0.1,15.777620288291756,15.777620288291756,1.4032780878715347,4.285736779885227,15.777620289804764
19.0420166,0.1,10.101491615353012,0.1,15.494314666153024,15.494314666153024,1.378392843105493,4.2089548397304615,15.494314671023231
11.2523875,0.1,18.732770496410666,0.1,28.952016663785027,28.952016663785027,2.468771211192201,7.805321040171094,28.95201665278953
39.7699023,0.1,30.999132095794423,0.09999999999998721,48.574717827165394,48.574717827165394,3.8194898666044006,12.916305039914338,48.57464801310331
