Time,Probability,RiskPremium,T0,T1,T2,Z,Expected,CVaR
24.7450043,0.25,18.953504578803344,0.09999999999999609,24.50499390753682,24.50499390753682,4.465415845758873,11.149120340472422,24.50499391076047
6.2891797,0.25,40.418586799081666,0.1,48.023415943057266,48.023415943057266,10.581003343045127,23.775639293577395,48.02341594341332
10.400495,0.25,15.719568694580614,0.09999999999999609,18.802648522966543,18.802648522966543,4.083802727994493,9.246805114459338,18.802648522966543
5.783891,0.25,15.792041212020031,0.1,18.967545376166676,18.967545376166676,4.083077862675403,9.289436007070575,18.967545376166676
15.6620511,0.25,27.117181612921545,0.1,29.478507797606213,29.478507797606213,7.784092186465377,15.951283301718739,29.47850780066879
30.6097003,0.25,46.869154121633294,0.0999999989725065,48.74680222054506,48.746802220545064,14.004885570358207,27.570090659784388,48.74680222574635
