Time,Probability,RiskPremium,T0,T1,T2,Z,Expected,CVaR
24.5572029,0.25,40.21098033387221,0.1,63.17809376188807,156.54192510569595,17.53087680438226,15.46576166687393,51.53747097995397
26.0018794,0.25,76.80566921787369,0.1,63.6545343968845,159.2186616820817,36.24298857907413,29.540642006874442,84.65083516649952
25.1876756,0.25,31.56163262850889,0.1,36.7901540834119,70.95489073513308,14.865565422574845,12.139089472503418,34.92397813965663
22.0342274,0.25,31.567563005180766,0.1,36.81050410629964,70.14192940826788,14.930711420332347,12.14137038660799,34.61877637781018
29.0326501,0.25,54.701251978591635,0.1,38.121498083200855,91.54684087940345,26.072668298952408,21.038943068689104,58.9871461234396
30.0587716,0.25,95.73303290098482,0.1,63.62646810097078,169.065317266968,45.50011452105223,36.820397269609536,103.88300282122408
