Time,Probability,RiskPremium,T0,T1,T2,Z,Expected,CVaR
29.0413465,0.25,29.42495066854864,0.09999999999999432,30.16860497655316,30.16860497655316,12.687502340287335,12.260396111895325,30.16860497735907
18.3017089,0.25,60.295652260512284,0.1,55.20226254890321,55.20226254890321,27.652695291876313,25.123188441880256,55.20226254890321
17.750426,0.25,25.983239494722216,0.09999999999999432,26.173612358831736,26.173612359983075,11.320074062909715,10.826349789467686,26.173612358847077
23.8453227,0.25,26.082793943991696,0.1,26.12869650736366,26.12869650736366,11.399746710245298,10.86783080999651,26.128696504995947
22.5478391,0.25,47.188552595806975,0.1,38.121498083200855,49.807071332988116,19.990362076370168,19.661896914919513,49.807071332988116
17.6970786,0.25,84.23327563364619,0.1,63.62646810097078,92.39588200627607,34.81140649656275,35.097198180685716,92.39588200627607
