Time,Probability,RiskPremium,T0,T1,T2,Z,Expected,CVaR
48.2135057,0.2,22.419691370783838,0.09999999999999432,25.41855906349516,25.41855906349516,7.187195963338985,9.74769190034083,25.41855906349516
19.6716138,0.2,45.946851429841345,0.09999999999999998,48.167564024935295,48.167564024935295,16.103224268759874,19.97689192601799,48.16756402619938
19.9386729,0.2,18.743681659735376,0.1,19.82365425938929,19.82365425938929,6.508275243371772,8.149426808580536,19.82365425938929
14.1784228,0.2,18.804473314542314,0.1,19.666283532337722,19.666283532337722,6.606966402375205,8.175857962844496,19.666283532337722
38.535724,0.2,31.742216751895995,0.1,29.805941211209543,29.805941211209543,12.339511030406854,13.800963805171966,29.805940708935246
34.0417289,0.2,52.82916527963894,0.1,48.93925235677095,48.93925235677095,20.77044546269281,22.969202295494963,48.939252356783975
