Time,Probability,RiskPremium,T0,T1,T2,Z,Expected,CVaR
18.739772,0.1,14.832266584687005,0.09999999999999432,23.165617450331887,23.165617450331887,3.889278807399883,5.7047179171873585,23.165617450853315
55.0468068,0.1,28.788629189818575,0.1,48.429069010046476,48.429069010046476,6.509123704551174,11.072549688391742,48.429069011310546
23.7008574,0.1,13.443535105467468,0.09999999999999609,20.352621574472185,20.352621574472185,3.7183353354969277,5.170590425179831,20.35262157448227
41.0123825,0.1,13.498089124160158,0.1,20.567211194337116,20.567211194337116,3.6938248463504872,5.1915727400616305,20.567211199221777
12.7353999,0.1,20.868690162177817,0.09999999999999076,30.182092008236406,30.182092008236406,6.195569054780046,8.026419293145263,30.182092007320115
8.6395329,0.1,33.85385501816307,0.09999999999998721,49.174351198109406,49.17435119810941,9.987050232506162,13.020713468524324,49.17435119229973
