Time,Probability,RiskPremium,T0,T1,T2,Z,Expected,CVaR
15.2980617,0.15,28.014567109007896,0.1,63.178093761888086,109.79111751075698,8.179095850766798,10.375765595928852,41.90811780363635
16.2297789,0.15,50.0721090918332,0.1,63.6545343968845,159.21866168208157,16.902950772102514,18.54522558956784,67.29166802344398
14.3398419,0.15,23.025906997511896,0.1,36.7901540834119,61.68383187206885,7.641388651745011,8.528113702782191,31.38279584606454
11.5705711,0.15,23.03207494052824,0.1,36.81050410629964,59.60930820403673,7.725653165546356,8.530398126121549,31.11714362232266
12.4250135,0.15,36.702910325708295,0.1,38.121498083200855,91.54684087940345,13.501456660626387,13.59367049100308,45.61961440459937
10.3861754,0.15,61.84518392082874,0.1,63.62646810097078,169.06531726696798,21.568141186027077,22.905623674380998,80.81035387578319
