Time,Probability,RiskPremium,T0,T1,T2,Z,Expected,CVaR
14.1259589,0.1,0.0,2.0,0.0,0.0,-0.0,0.0,0.0
11.9810719,0.1,0.0,2.0,0.0,0.0,-0.0,0.0,0.0
10.6355955,0.1,0.0,2.0,0.0,0.0,-0.0,0.0,0.0
12.3657758,0.1,0.0,2.0,0.0,0.0,-0.0,0.0,0.0
11.7405106,0.1,0.0,2.0,0.0,0.0,-0.0,0.0,0.0
12.5514212,0.1,0.0,2.0,0.0,0.0,-0.0,0.0,0.0
