Time,Probability,RiskPremium,T0,T1,T2,Z,Expected,CVaR
20.2400865,0.2,31.429967857486098,0.1,63.17809376188807,156.54192510569598,13.97751106383413,13.095819940619208,42.140065627504306
18.5521129,0.2,58.051994986045436,0.1,63.6545343968845,159.2186616820817,27.110308815053802,24.188331244185548,69.21069742289262
19.3252621,0.2,24.952086371141746,0.1,36.7901540834119,70.95489073513308,11.460998940462478,10.396702654642404,31.02593449488825
18.7537127,0.2,24.9573527056349,0.1,36.81050410629964,70.1419294082679,11.50688831177394,10.3988969606812,30.742679848546288
19.1777813,0.2,41.722901332392496,0.1,38.121498083200855,91.54684087940345,19.790438201003308,17.384542221830234,47.70401495222346
17.718962,0.2,71.82721441268458,0.1,63.62646810097078,169.065317266968,33.83108269628144,29.92800600528522,83.71551074607174
