Time,Probability,RiskPremium,T0,T1,T2,Z,Expected,CVaR
22.0649989,0.2,19.882668390049446,0.09999999999999432,29.57586259260376,29.575862589380083,6.551411037189462,10.464562310552324,29.57586259260376
19.0605283,0.2,39.35569628661012,0.1,52.77808920626828,52.77808920626828,13.832487198502317,20.713524361373743,52.77808920626828
18.7156607,0.2,17.55276874066731,0.09999999999999254,25.895514329318523,25.895514329318523,5.815887153584735,9.238299337193311,25.895514336454774
39.0382422,0.2,17.68002288022947,0.10000001064089048,25.89802015613359,25.89802015613359,5.88583593590863,9.305275200120807,25.898020161454063
17.5120161,0.2,27.970431565737602,0.1,35.02081460309224,35.02081460309224,10.20422156954898,14.721279771440852,35.02081460309224
14.3642507,0.2,47.111859334744054,0.1,59.52498075468261,59.52498075468261,17.106754098103515,24.79571543933893,59.52498075468261
