Time,Probability,RiskPremium,T0,T1,T2,Z,Expected,CVaR
53.3605721,0.25,30.31254407082108,0.09999999999999787,26.74252728430626,26.74252728430626,12.620330677927255,11.658670796469764,26.742527287529906
19.7671915,0.25,62.9676585157094,0.0999999999999801,50.033626844529174,50.033626844529174,28.423209658887817,24.218330198349687,50.033626844529174
17.9728594,0.25,27.209451929206015,0.09999999999999609,24.080279006020376,24.080279006020376,11.298236035903098,10.465173818925381,24.080279004869027
37.7892777,0.25,27.398974745635236,0.09999999999999609,24.22291521308913,24.22291521308913,11.386968334720507,10.53806720985965,24.222915212497202
19.399149,0.25,44.737105528923685,0.09999999999999076,35.02804043343514,35.02804043343514,20.401941924572863,17.206579049586086,35.02804043649772
12.6190878,0.25,75.62968764130673,0.1,55.70858308785318,55.70858308785318,35.893249565863684,29.08834140050245,55.70858308785318
