Time,Probability,RiskPremium,T0,T1,T2,Z,Expected,CVaR
20.4784664,0.2,23.57247589311458,0.1,63.17809376188807,156.54192510569598,6.120019099462612,13.095819940619208,42.140065627504306
19.6522762,0.2,43.538996239534065,0.1,63.6545343968845,159.2186616820817,12.597310068542441,24.188331244185548,69.21069742289262
18.2083459,0.2,18.714064778356303,0.1,36.7901540834119,70.95489073513308,5.222977347677033,10.396702654642404,31.02593449488825
19.3920715,0.2,18.718014529226156,0.1,36.81050410629964,70.1419294082679,5.267550135365196,10.3988969606812,30.742679848546288
19.4060942,0.2,31.292175999294415,0.1,38.121498083200855,91.54684087940345,9.359712867905214,17.384542221830234,47.70401495222346
17.2239366,0.2,53.87041080951341,0.1,63.62646810097078,169.065317266968,15.874279093110188,29.92800600528522,83.71551074607174
