Time,Probability,RiskPremium,T0,T1,T2,Z,Expected,CVaR
138.7765787,0.15,8.185095655795083,0.1,13.525199247218055,13.525199247218055,0.546556531730497,5.115684784871912,13.52519924884753
61.4122453,0.15,16.921535636929697,0.1,28.09620710614451,28.096207106144448,1.0895016639296562,10.57595977308094,28.096207106144508
13.5329013,0.15,8.495463753110373,0.1,13.54793211217044,13.54793211217044,0.7143187273599718,5.309664845694043,13.54793211254869
43.7580945,0.15,8.576944012945832,0.1,13.645034729004955,13.645034729004955,0.7310205876892,5.360590008091203,13.645034731976137
36.6096866,0.15,16.810294479107288,0.1,27.13426703713644,27.13426703713644,1.3155105324382836,10.50643404944196,27.13426704019902
20.9189582,0.15,28.240910958061175,0.1,47.371457397416535,47.371457397416535,1.6740751951472805,17.650569348788178,47.37145739587354
