Time,Probability,RiskPremium,T0,T1,T2,Z,Expected,CVaR
6.1157334,0.05,7.725647614627026,0.1,63.178093761888086,109.79111751075692,0.45444985968394225,4.544498596839426,22.722492984197146
4.5794965,0.05,11.798123736356224,0.1,63.6545343968845,119.67234110440711,0.6940072786091982,6.940072786091891,34.700363930459446
4.1736091,0.05,6.720394002901262,0.1,36.7901540834119,61.68383187206887,0.39531729428830864,3.953172942883093,19.765864714415475
4.1851546,0.05,6.723929843488305,0.1,36.81050410629964,58.05967081709798,0.3955252849110772,3.9552528491107646,19.77626424555384
4.6764458,0.05,8.75115960604055,0.1,38.12149808320086,75.85949867597273,0.5147740944729742,5.147740944729735,25.738704723648695
4.1510774,0.05,14.391004980736415,0.1,63.6264681009708,121.67854271248154,0.8465297047492049,8.465297047492005,42.32648523746003
