Time,Probability,RiskPremium,T0,T1,T2,Z,Expected,CVaR
40.2403101,0.1,9.970891817514545,0.1,19.082707510924408,19.082707510924408,1.4611305078081498,4.985445908757272,19.082707512553874
52.5834959,0.1,16.821369821144092,0.1,32.328616063207996,32.328616063207996,2.4312021224130165,8.410684910572044,32.328616063207996
14.795099,0.1,9.43045724344003,0.1,17.818425248193,17.818425248193,1.4394294647235033,4.715228621720015,17.81842524970601
15.3799453,0.1,9.39946827758711,0.09999999999999609,17.825175512665904,17.825175512665904,1.4183737950201625,4.699734138793555,17.825175513887068
31.6530406,0.1,15.715773777406964,0.09999999999999076,29.19967512742596,29.19967512742596,2.522439828106585,7.857886888703482,29.19967513109111
19.6015502,0.1,25.873609519964393,0.1,48.67431479618631,48.67431479618631,4.002427251294274,12.936804759982191,48.67431479473389
