Time,Probability,RiskPremium,T0,T1,T2,Z,Expected,CVaR
11.722378,0.1,0.0,2.0,0.0,0.0,-0.0,0.0,0.0
10.4009413,0.1,0.0,2.0,0.0,0.0,-0.0,0.0,0.0
10.144818,0.1,0.0,2.0,0.0,0.0,-0.0,0.0,0.0
10.6740961,0.1,0.0,2.0,0.0,0.0,-0.0,0.0,0.0
12.328272,0.1,0.0,2.0,0.0,0.0,-0.0,0.0,0.0
13.3420129,0.1,0.0,2.0,0.0,0.0,-0.0,0.0,0.0
