Time,Probability,RiskPremium,T0,T1,T2,Z,Expected,CVaR
16.3042971,0.25,20.33761871118882,0.1,28.36041148232319,28.360411482323183,5.914747632725916,11.963305124228729,28.360411485789704
5.7366919,0.25,41.97375421484018,0.1,52.55912381941123,52.55912381941123,13.103008534318667,24.69044365578836,52.55912382067531
5.9466516,0.25,18.077803300073608,0.09999999999999787,24.986446081982315,24.986446081982315,5.290934737739526,10.63400194121968,24.986446081982315
5.7209351,0.25,18.17552297959697,0.09999999999999787,25.044989163621366,25.044989163621366,5.331013115610432,10.691484105645245,25.044989161253653
5.6136323,0.25,29.884166246158493,0.1,37.06887821730653,37.06887821730653,9.381751390483268,17.57892132126967,37.06887821730653
5.4853912,0.25,51.29761585831395,0.1,61.494405681605606,61.494405681605606,16.424647076916024,30.17506815194951,61.494405681605606
