Time,Probability,RiskPremium,T0,T1,T2,Z,Expected,CVaR
20.7267813,0.2,28.81080386936227,0.1,63.17809376188807,156.54192510569598,10.615125140278257,13.095819940619208,47.094878530384605
16.6691721,0.2,53.21432873720826,0.1,63.6545343968845,159.2186616820817,21.267066248474674,24.188331244185548,75.91453954117243
20.7203262,0.2,22.872745840213298,0.1,36.7901540834119,70.95489073513308,8.995132059820644,10.396702654642404,33.602776826310794
16.8674732,0.2,22.877573313498637,0.1,36.81050410629964,70.1419294082679,9.063387031038067,10.3988969606812,33.16749243921033
20.5859333,0.2,38.24599288802655,0.1,38.121498083200855,91.54684087940345,15.552893018584516,17.384542221830234,52.774926539242415
17.3319792,0.2,65.84161321162753,0.1,63.62646810097078,169.065317266968,26.34392281068112,29.92800600528522,93.7259019763601
