Time,Probability,RiskPremium,T0,T1,T2,Z,Expected,CVaR
175.7150988,0.2,9.983408788342965,0.1,13.093489189359135,13.093489189359135,1.0022348166483983,6.239630492714383,13.093489190165055
74.1529162,0.2,21.449559893352347,0.1,28.233624327493466,28.233624327493466,2.1125252018420526,13.405974933345252,28.233624328757656
22.0683461,0.2,10.100056804337429,0.1,12.913285933578084,12.913285933578084,1.1472211285660574,6.312535502710901,12.913285935362147
108.006452,0.2,10.23611250511683,0.1,12.94562608371318,12.94562608371318,1.2193198794863096,6.397570315697897,12.94562609052949
39.8791542,0.2,20.2031442488588,0.1,26.01464943852531,26.01464943852531,2.2211053789015285,12.626965155536636,26.014649441587892
20.2003504,0.2,35.91711490749491,0.1,47.17009285799934,47.17009285799934,3.580159673984653,22.44819681718432,47.17009285799934
