Time,Probability,RiskPremium,T0,T1,T2,Z,Expected,CVaR
16.4642419,0.05,8.853896587866995,0.1,25.913498763008544,25.913498763008544,1.9565469325632483,3.541558635146803,25.91349876952641
9.3189203,0.05,12.731592866257754,0.1,37.31000653962496,37.31000653962496,2.806350311373608,5.092637146503104,37.31000653570998
9.9397767,0.05,8.572421782604255,0.1,24.72589636559445,24.72589636559445,1.9489139214527027,3.4289687130416837,24.725896367107467
16.0736763,0.05,8.656186052323864,0.1,24.847718899318775,24.847718899318775,1.985924959635935,3.4624744209295346,24.847718899318775
22.6150988,0.05,11.649446317158887,0.09999999999999076,33.03751122849969,33.03751122849969,2.7330078855996733,4.6597785268635725,33.037511224834525
15.4395883,0.05,18.955137069110563,0.09999999999998721,54.38505534067156,54.38505534067156,4.35263216538371,7.582054827644225,54.38505533486188
