Time,Probability,RiskPremium,T0,T1,T2,Z,Expected,CVaR
100.2659603,0.2,13.65894871193096,0.1,15.90473860238871,15.90473860238871,2.9837010461551956,7.188920374700406,15.90473860238871
56.5946754,0.2,37.18693104468848,0.1,46.57075332160386,46.57075332160385,6.815388333513729,19.572068970889088,46.57075332160386
103.1493008,0.2,12.7989210158696,0.1,14.128019230953786,14.128019230953768,3.1059487921608806,6.736274218878654,14.128019230953814
41.6941953,0.2,12.932542602875264,0.1,14.112304409077051,14.112304409077051,3.2036600194119567,6.806601369934333,14.112304403756637
27.7572662,0.2,25.249447086892623,0.10000000000000009,27.862751430432116,27.862751433494694,6.130836905882508,13.289182677311965,27.862751436557275
41.6683793,0.2,43.07007359175753,0.1,47.82199335098102,47.82199335098102,10.340200380283854,22.66845978513524,47.82199335098102
