Time,Probability,RiskPremium,T0,T1,T2,Z,Expected,CVaR
12.985294,0.15,9.836123801530555,0.1,15.868656462274858,15.868656462274858,1.529493301304144,5.785955177370895,15.868656468792752
5.3185508,0.15,21.05070007256557,0.09999999999999076,34.44002096410922,34.440020964109216,3.153621269796348,12.382764748567945,34.4400209653733
10.3819195,0.15,9.44060031239867,0.09999999999999609,14.35118066835403,14.35118066835403,1.6878344192519337,5.553294301411035,14.35118066835403
11.3961198,0.15,9.486826153956825,0.09999999999999609,14.37931410226178,14.37931410226178,1.7066331472185141,5.580485972915821,14.379314108205826
32.7875496,0.15,18.651606259232075,0.10000000020111875,28.731014169487423,28.731014169487423,3.2402028958451368,10.971533093665885,28.731014172550005
52.1862683,0.15,30.548314899621868,0.09999999999999432,48.45647920145556,48.45647920145556,4.956997350962854,17.9695969997774,48.456479195304155
