Time,Probability,RiskPremium,T0,T1,T2,Z,Expected,CVaR
14.465569,0.1,19.274855666766193,0.1,63.178093761888086,109.79111751075695,8.166547654058505,7.7099422667064745,41.693599726718645
12.8066275,0.1,31.962658735559213,0.1,63.6545343968845,159.2186616820817,13.914638901259096,12.785063494223687,65.414626894988
13.0422563,0.1,16.242479938898878,0.1,36.7901540834119,61.683831872068886,7.148524295564853,6.496991975559554,32.46662865330432
27.4028422,0.1,16.247981452832295,0.1,36.81050410629964,58.73116960119909,7.165764587665538,6.499192581132909,32.32943542147129
23.3582185,0.1,23.812230910427836,0.1,38.121498083200855,75.85949867597274,10.814472106764812,9.524892364171135,44.25355675909002
22.212818,0.1,39.41606262233655,0.1,63.62646810097078,121.6785427124816,17.6898367981041,15.766425048934627,75.36443280191288
