Time,Probability,RiskPremium,T0,T1,T2,Z,Expected,CVaR
17.0244447,0.1,21.587838346778113,0.1,63.178093761888086,109.79111751075695,7.629084321173267,7.7099422667064745,32.70518930229992
13.694592,0.1,35.79817778382633,0.1,63.6545343968845,159.2186616820817,12.65925291779199,12.785063494223687,54.200508981466314
14.5353674,0.1,18.191577531566743,0.1,36.7901540834119,61.683831872068886,6.637023045171136,6.496991975559554,26.727242018903787
12.9717438,0.1,18.19773922717216,0.1,36.81050410629964,58.73116960119909,6.61772785996312,6.499192581132909,26.82246772543737
14.5321877,0.1,26.669698619679195,0.1,38.121498083200855,75.85949867597274,10.142353719443443,9.524892364171135,37.5347025084296
13.5858193,0.1,44.14599013701696,0.1,63.62646810097078,121.6785427124816,16.615567290442097,15.766425048934627,62.82241623949559
