Time,Probability,RiskPremium,T0,T1,T2,Z,Expected,CVaR
18.3922735,0.2,30.232884562819386,0.1,32.14851731355457,32.14851731355457,14.097661154298219,10.797458772435455,32.148517316778246
22.0080264,0.2,58.92498299814071,0.1,55.27257705023909,55.27257705023909,29.323361146477374,21.044636785050216,55.27257705150318
16.5445363,0.2,26.124261611220046,0.1,26.595050107169733,26.595050107169733,12.477929006425535,9.33009343257858,26.595050121442235
15.352591,0.2,26.41157713012464,0.1,26.876948886567057,26.876948886567057,12.61781032005665,9.432706117901645,26.876948886567057
16.8218069,0.2,42.04119606040192,0.1,37.30381267643242,37.30381267643242,21.454208232257642,15.014712878714986,37.30381267643242
17.7739342,0.2,70.83557383817995,0.1,63.234701048050326,63.234701048050326,36.05308415522615,25.298419227921414,63.234701048050326
