Time,Probability,RiskPremium,T0,T1,T2,Z,Expected,CVaR
19.8978908,0.2,37.97787782779568,0.1,63.17809376188807,156.54192510569598,18.64137297172433,13.095819940619208,54.70038604363338
18.7455673,0.2,70.14616060813822,0.1,63.6545343968845,159.2186616820817,36.63611183244761,24.188331244185548,86.3331147875522
27.5163378,0.2,30.15043769846293,0.1,36.7901540834119,70.95489073513308,15.741265078953937,10.396702654642404,37.14650242041974
24.6857485,0.2,30.15680118597545,0.1,36.81050410629964,70.1419294082679,15.849449833810567,10.3988969606812,36.45525957057242
21.4286002,0.2,50.41517244330769,0.1,38.121498083200855,91.54684087940345,26.647180947977155,17.384542221830234,59.9408707118324
15.1381122,0.2,86.79121741532711,0.1,63.62646810097078,169.065317266968,45.69946495017582,29.92800600528522,104.35298240439263
