Time,Probability,RiskPremium,T0,T1,T2,Z,Expected,CVaR
17.9376405,0.2,23.219110668149295,0.09999999999999609,25.079896307260594,25.079896307260594,7.382374478207708,9.674629445062147,25.079896307260594
46.3832993,0.2,47.78437694278423,0.1,47.85974158388322,47.859741583883164,16.694386073534883,19.910157059493514,47.85974158388324
13.9649607,0.2,19.141579111501446,0.1,19.020860459803533,19.020860459803533,6.7478401497046425,7.975657963125682,19.020860459803533
72.7137443,0.2,19.25763384190175,0.1,18.967545376166676,18.967545376166676,6.856207230959613,8.024014100792431,18.96754537616668
39.8043458,0.2,32.92443193629473,0.1,29.425995757340896,29.425995757340843,12.922925649284753,13.718513306789534,29.425995757340896
32.9177352,0.2,55.06367672792607,0.1,48.818442002944415,48.818442002944415,21.77038074477662,22.94319863663586,48.81844200291952
