Time,Probability,RiskPremium,T0,T1,T2,Z,Expected,CVaR
16.6601451,0.05,7.0817043742067645,0.1,25.90570706316529,25.90570706316529,1.3043666994971879,3.540852187103381,25.90570706316529
9.7745689,0.05,10.185274293006207,0.1,37.31000653962496,37.31000653962496,1.8709002075824182,5.092637146503104,37.31000653570998
8.3522754,0.05,6.85793742608337,0.1,24.72589636559445,24.72589636559445,1.2992759476350972,3.4289687130416837,24.725896367107467
15.2608196,0.05,6.924948841859073,0.1,24.847718899318775,24.847718899318775,1.3239499730906061,3.4624744209295346,24.847718899318775
11.281277,0.05,9.319557053727145,0.09999999999999076,33.03751122849969,33.03751122849969,1.8220052570664855,4.6597785268635725,33.037511224834525
15.8094494,0.05,15.124095308346178,0.1,54.16377899476158,54.163778994761586,2.9018745206951855,7.562047654173089,54.1637789889519
