Time,Probability,RiskPremium,T0,T1,T2,Z,Expected,CVaR
28.8835904,0.2,21.106818916427777,0.1,30.224089257673935,30.224089257673935,7.6028074882948635,10.553409458213888,30.224089257673935
16.4450682,0.2,41.823401721104766,0.1,54.223161757336854,54.223161757336854,15.914981726034751,20.91170086055237,54.223161757336854
39.1944604,0.2,18.58493024842986,0.1,26.294067884362295,26.294067884362295,6.742224710192813,9.292465124214925,26.294067884362295
19.5254349,0.2,18.7253325694837,0.09999999999999609,26.321809674676263,26.321809674676263,6.818794776052155,9.36266628474185,26.32180967600638
16.72006,0.2,29.66162069193534,0.1,35.8433202662464,35.8433202662464,11.678933857466392,14.830810345967667,35.84332026930898
14.0682143,0.2,50.41467429032488,0.09999999999998721,62.51035981909025,62.51035981909025,19.61188374430485,25.20733714516237,62.51035981754726
