Time,Probability,RiskPremium,T0,T1,T2,Z,Expected,CVaR
16.9415807,0.15,25.93941398982213,0.1,63.178093761888086,109.79111751075698,9.25717795235178,10.375765595928852,41.90811780363635
15.2081302,0.15,46.36306397391959,0.1,63.6545343968845,159.2186616820817,18.06854989757648,18.54522558956784,67.29166802344398
16.8903114,0.15,21.320284256955453,0.1,36.7901540834119,61.68383187206888,8.221234125516798,8.528113702782191,31.38279584606454
19.7407216,0.15,21.325995315303892,0.1,36.81050410629964,59.60930820403673,8.27824808994211,8.530398126121549,31.11714362232266
18.7582494,0.15,33.98417622750768,0.1,38.121498083200855,91.54684087940345,13.985316953785333,13.59367049100308,45.61961440459937
14.4734312,0.15,57.26405918595251,0.1,63.62646810097078,169.06531726696798,22.77748947129108,22.905623674380998,80.81035387578319
