Time,Probability,RiskPremium,T0,T1,T2,Z,Expected,CVaR
18.4513266,0.15,30.089720228193656,0.1,63.178093761888086,109.79111751075698,14.241780299370816,10.375765595928852,37.736637260398794
13.8865196,0.15,53.781154209746795,0.1,63.6545343968845,159.2186616820817,26.43617198238871,18.54522558956784,62.54400877851889
16.5306795,0.15,24.731529738068314,0.1,36.7901540834119,61.68383187206888,12.18272320252889,8.528113702782191,28.631577866568378
17.4893317,0.15,24.738154565752524,0.1,36.81050410629964,59.60930820403673,12.209744268923323,8.530398126121549,28.520458979659754
19.1680212,0.15,39.42164442390892,0.1,38.121498083200855,91.54684087940345,20.196377097346033,13.59367049100308,41.75165466880207
13.8294108,0.15,66.42630865570489,0.1,63.62646810097078,169.06531726696798,33.483561040978856,22.905623674380998,73.09124337610605
