Time,Probability,RiskPremium,T0,T1,T2,Z,Expected,CVaR
16.2255578,0.1,20.045849893436834,0.1,63.178093761888086,109.79111751075695,8.01564077611356,7.7099422667064745,36.51172127081854
13.5093904,0.1,33.24116508498158,0.1,63.6545343968845,159.2186616820817,13.397057371367387,12.785063494223687,59.84535829016043
12.8108743,0.1,16.892179136454835,0.1,36.7901540834119,61.683831872068886,6.991931227963507,6.496991975559554,29.185364861771397
19.0341585,0.1,16.897900710945585,0.1,36.81050410629964,58.73116960119909,6.981784935893813,6.499192581132909,29.278680540592017
16.7839872,0.1,24.764720146844954,0.1,38.121498083200855,75.85949867597274,10.643780636890167,9.524892364171135,40.16520666939552
13.850666,0.1,40.99270512723004,0.1,63.62646810097078,121.6785427124816,17.469700069557753,15.766425048934627,67.47695844051894
