Time,Probability,RiskPremium,T0,T1,T2,Z,Expected,CVaR
70.0397951,0.25,29.425212714496418,0.09999999999999787,30.16932646608472,30.16932646608472,12.687502123855655,12.260505297706835,30.169326469442773
21.8802797,0.25,60.295652260512284,0.1,55.20226254890321,55.20226254890321,27.652695291876313,25.123188441880256,55.20226254890321
20.1249449,0.25,25.983239494722216,0.09999999999999609,26.173612358831736,26.17361235998307,11.320382089433599,10.826349789467686,26.17238025275154
22.2180763,0.25,26.082793943991696,0.1,26.128696507363657,26.128696507363657,11.399746710245298,10.86783080999651,26.128696504995947
12.4462848,0.25,47.188552595806975,0.1,38.121498083200855,49.807071332988116,19.990362076370168,19.661896914919513,49.807071332988116
8.7542635,0.25,84.23327563364619,0.1,63.62646810097078,92.39588200627607,34.81140649656275,35.097198180685716,92.39588200627607
