Time,Probability,RiskPremium,T0,T1,T2,Z,Expected,CVaR
22.5338672,0.2,33.00441549204827,0.1,33.903157740416525,33.903157740416525,16.277522183932152,11.001471830682757,33.903157740416525
18.3721355,0.2,63.63457878431679,0.1,56.714190937550114,56.714190937550114,33.54738635353393,21.211526261439,56.7141909388142
19.108584,0.2,28.1677835751753,0.1,27.105718032289538,27.105718032289538,14.349408173309133,9.389261191725046,27.105718032289538
16.975126,0.2,28.425807294233508,0.09999999999999609,27.241189951066662,27.241189951066662,14.509057982908418,9.475269098077844,27.241189951066662
16.9519643,0.2,45.28553764926346,0.1,37.98344745853257,37.98344745853257,24.468291372314518,15.095179216421144,37.98344745853257
15.1888021,0.2,86.64081568485629,0.1,63.62646810097078,93.9491671398328,41.49331997868397,28.88027189495201,93.9491671398328
