Time,Probability,RiskPremium,T0,T1,T2,Z,Expected,CVaR
18.5590114,0.2,35.358713839671864,0.1,63.17809376188807,156.54192510569598,19.358469330364127,13.095819940619208,42.140065627504306
28.9377692,0.2,65.30849435930112,0.1,63.6545343968845,159.2186616820817,36.61792649724481,24.188331244185548,69.21069742289262
31.2120072,0.2,28.071097167534447,0.1,36.7901540834119,70.95489073513308,15.61147132886748,10.396702654642404,31.02593449488825
23.5955392,0.2,28.077021793839272,0.1,36.81050410629964,70.1419294082679,15.643746544371572,10.3988969606812,30.742679848546288
21.6179492,0.2,46.93826399894163,0.1,38.121498083200855,91.54684087940345,26.521774504072116,17.384542221830234,47.70401495222346
17.1073094,0.2,80.80561621427013,0.1,63.62646810097078,169.065317266968,45.49885973490627,29.92800600528522,83.71551074607174
