Time,Probability,RiskPremium,T0,T1,T2,Z,Expected,CVaR
11.5497807,0.05,3.25893267927313e-11,2.0,0.0,0.0,-9.776798037819398e-12,1.303573071709252e-11,1.3035730717092522e-10
11.5333172,0.05,0.0,2.0,0.0,0.0,-0.0,0.0,0.0
17.0990289,0.05,7.565077453364211e-12,0.1,0.0,0.0,-2.269523236009265e-12,3.026030981345684e-12,3.0260309813456844e-11
19.0072937,0.05,7.442826929694707,0.09999999626573697,20.770679803799126,20.770679803799126,0.01730889983651135,2.9771307718778868,20.770679803799126
24.3234008,0.05,-6.108606953603157e-12,2.0,0.0,0.0,-4.2760248675222095e-12,-2.443442781441263e-12,0.0
20.1757141,0.05,0.0,2.0,5.809681624668883e-9,5.809681624668883e-9,-0.0,0.0,0.0
