Time,Probability,RiskPremium,T0,T1,T2,Z,Expected,CVaR
29.9578167,0.1,11.83009956341483,0.1,21.18550550605402,21.18550550605402,2.5007346993735338,5.377317983370378,21.18550550605402
21.3580857,0.1,19.675465681740132,0.1,35.179409588768735,35.179409588768735,4.173068165456805,8.943393491700046,35.17940959003282
26.5958369,0.1,11.015989494459001,0.09999999999999609,19.372134907988215,19.372134907988215,2.4175048034359143,5.007267952026823,19.372134908011752
15.2861261,0.1,11.0619569025931,0.1,19.580906803719877,19.580906803719877,2.3956085291034626,5.0281622284513805,19.58090680860454
13.8579527,0.1,17.441112578579503,0.09999999999999998,29.580331790061916,29.580331790061916,4.100195798373648,7.927778444808814,29.58033178639675
23.0308523,0.1,28.529398753755682,0.09999999999998721,48.842161477310654,48.842161477310654,6.592926992548278,12.967908524434309,48.84216147152679
