Time,Probability,RiskPremium,T0,T1,T2,Z,Expected,CVaR
59.8039935,0.1,7.537835309035795,0.10000000000000141,15.505980333968873,15.505980333968875,0.5205755118158422,4.187686282797649,15.50598034048674
69.6317356,0.1,13.923981035210875,0.09999999999999076,29.122193870624557,29.122193870624557,0.84177380256749,7.735545019561603,29.122193871888648
26.4041879,0.1,7.388474564048451,0.1,14.983123436341058,14.983123436341058,0.5641626366071715,4.104708091138005,14.983123436351145
13.4809475,0.1,7.308401910385992,0.1,14.842673782472867,14.842673782472867,0.5525660008857903,4.060223283547737,14.842673787357528
20.0592778,0.1,13.99835624625234,0.1,28.828159396084676,28.828159396084676,0.9586679622090449,7.776864581251315,28.82815939241951
9.3885164,0.1,23.212405999229258,0.1,48.4864586450777,48.4864586450777,1.418955504947694,12.895781110682904,48.4864586450777
