Time,Probability,RiskPremium,T0,T1,T2,Z,Expected,CVaR
29.7627651,0.1,11.83009956341483,0.1,21.185505506054017,21.185505506054017,2.5007346993735338,5.377317983370378,21.18550550605402
12.3573166,0.1,19.675465681740132,0.1,35.179409588768735,35.179409588768735,4.173068165456805,8.943393491700046,35.17940959003282
22.5505654,0.1,11.01598949457171,0.09999999999999609,19.372134907988215,19.372134907988215,2.4175048034215765,5.007267952078025,19.37213490836647
37.6940288,0.1,11.042706318253583,0.09999999999999609,19.530033171341245,19.530033171341245,2.3956390532851763,5.01941196284256,19.53003317134586
15.7165043,0.1,17.441112578579503,0.09999999999999998,29.580331790061916,29.580331790061916,4.100195798373648,7.927778444808814,29.58033178639675
25.6625421,0.1,28.52336375272728,0.1,48.82613058295108,48.82613058295108,6.592957100377884,12.965165342148763,48.826130582951066
