Time,Probability,RiskPremium,T0,T1,T2,Z,Expected,CVaR
7.528701,0.1,0.0,2.0,0.0,0.0,-0.0,0.0,0.0
6.7035034,0.1,0.0,2.0,0.0,0.0,-0.0,0.0,0.0
6.4255827,0.1,0.0,2.0,0.0,0.0,-0.0,0.0,0.0
6.1100829,0.1,0.0,2.0,0.0,0.0,-0.0,0.0,0.0
5.6359908,0.1,0.0,2.0,0.0,0.0,-0.0,0.0,0.0
5.2501099,0.1,0.0,2.0,0.0,0.0,-0.0,0.0,0.0
