Time,Probability,RiskPremium,T0,T1,T2,Z,Expected,CVaR
6.8689623,0.05,-8.255962787491929e-12,2.0,0.0,-3.1845320252129264e-9,-4.779780561471447e-12,-4.3452435723641734e-12,6.315935428978667e-17
5.8495111,0.05,4.958979597328531e-12,2.0,3.91497678720043e-9,3.91497678720043e-9,2.870975556056186e-12,2.6099892617518586e-12,6.315935428978667e-17
5.6828548,0.05,9.582444941239978e-12,0.1,0.0,0.0,-1.1767977999473585e-12,5.043392074336831e-12,3.362264540858935e-11
4.8249498,0.05,4.730068307405114e-12,2.0,3.7342573477872065e-9,3.7342573477872065e-9,2.7384542830885836e-12,2.4895096354763763e-12,3.1579677144893335e-17
5.7051181,0.05,4.642505283906455e-12,2.0,3.6651641721618944e-9,3.6651641721618944e-9,2.687759901063045e-12,2.4434238336349755e-12,3.1579677144893335e-17
5.0260186,0.05,2.7000623958883807e-17,2.0,5.809681624668883e-9,5.809681624668883e-9,-1.594773695817114e-17,1.4210854715202004e-17,1.578983857244667e-16
