Time,Probability,RiskPremium,T0,T1,T2,Z,Expected,CVaR
24.6132863,0.2,28.81080386936227,0.1,63.17809376188807,156.54192510569598,12.315078069766528,13.095819940619208,47.094878530384605
33.38684,0.2,53.21432873720826,0.1,63.6545343968845,159.2186616820817,23.85337666332401,24.188331244185548,75.91453954117243
22.7463305,0.2,22.872745840213298,0.1,36.7901540834119,70.95489073513308,10.155435768404073,10.396702654642404,33.602776826310794
34.8317784,0.2,22.877573313498637,0.1,36.81050410629964,70.1419294082679,10.201816804964533,10.3988969606812,33.16749243921033
15.8919585,0.2,38.24599288802655,0.1,38.121498083200855,91.54684087940345,17.322412234455147,17.384542221830234,52.774926539242415
12.3184629,0.2,65.84161321162753,0.1,63.62646810097078,169.065317266968,29.53381760923484,29.92800600528522,93.7259019763601
