Time,Probability,RiskPremium,T0,T1,T2,Z,Expected,CVaR
21.480267,0.2,37.97787782779568,0.1,63.17809376188807,156.54192510569598,19.073208749799424,13.095819940619208,42.140065627504306
19.3026092,0.2,70.14616060813822,0.1,63.6545343968845,159.2186616820817,36.95335612821116,24.188331244185548,69.21069742289262
20.2836034,0.2,30.15043769846293,0.1,36.7901540834119,70.95489073513308,15.627888675771366,10.396702654642404,31.02593449488825
17.7937565,0.2,30.15680118597545,0.1,36.81050410629964,70.1419294082679,15.689147647721237,10.3988969606812,30.742679848546288
18.38081,0.2,50.41517244330769,0.1,38.121498083200855,91.54684087940345,26.966735675398805,17.384542221830234,47.70401495222346
18.3709388,0.2,86.79121741532711,0.1,63.62646810097078,169.065317266968,46.1057104618845,29.92800600528522,83.71551074607174
