Time,Probability,RiskPremium,T0,T1,T2,Z,Expected,CVaR
14.3392683,0.05,11.815696351782517,0.1,63.178093761888086,109.79111751075692,3.4083739476295776,4.544498596839426,30.29665731226287
36.1218307,0.05,18.044189243838925,0.1,63.6545343968845,119.67234110440711,5.20505458956893,6.940072786091891,46.267151907279256
25.5740737,0.05,10.278249651496049,0.1,36.7901540834119,61.68383187206887,2.964879707162322,3.953172942883093,26.35448628588731
26.8724831,0.05,10.283657407687999,0.1,36.81050410629964,58.05967081709798,2.966439636833083,3.9552528491107646,26.3683523274051
36.9435443,0.05,13.384126456297315,0.1,38.12149808320086,75.85949867597273,3.860805708547308,5.147740944729735,34.31827296486488
11.4099008,0.05,22.009772323479226,0.1,63.6264681009708,121.67854271248154,6.348972785619009,8.465297047492005,56.4353136499467
