Time,Probability,RiskPremium,T0,T1,T2,Z,Expected,CVaR
39.0519047,0.2,18.5129031601453,0.1,28.369639152380252,28.369639155603913,5.515253016252617,10.284946200080705,28.369639158827596
21.5104405,0.2,36.543215864545054,0.09999999999998366,50.03362684452918,50.03362684452918,11.781653235163894,20.301786591413986,50.03362684452916
21.8406415,0.2,16.373850391721678,0.09999999999999609,24.94821331879205,24.94821331879205,4.899522375868096,9.096583550956524,24.948213316936947
21.0823026,0.2,16.469856005814826,0.09999999999999254,24.8523313209896,24.8523313209896,4.964574304122467,9.149920003230404,24.852331326310072
15.2168424,0.2,26.20356959693265,0.1,33.956582230004734,33.956582230004734,8.736174397213809,14.557538664962468,33.956582230004734
7.0042079,0.2,43.99914106720771,0.1,57.2127011935934,57.2127011935934,14.63986371754287,24.44396725955977,57.2127011935934
