Time,Probability,RiskPremium,T0,T1,T2,Z,Expected,CVaR
16.5537553,0.15,29.052143668600763,0.1,63.178093761888086,109.79111751075698,10.793290020745031,10.375765595928852,41.90811780363635
14.9529588,0.15,51.92663165079002,0.1,63.6545343968845,159.2186616820817,21.19479545275314,18.54522558956784,67.29166802344398
13.2545966,0.15,23.878718367790107,0.1,36.7901540834119,61.68383187206888,9.63693412918734,8.528113702782191,31.38279584606454
14.8849813,0.15,23.885114753140368,0.1,36.81050410629964,59.60930820403673,9.708030252968523,8.530398126121549,31.11714362232266
12.5322944,0.15,38.06227737480859,0.1,38.121498083200855,91.54684087940345,16.46212090540642,13.59367049100308,45.61961440459937
14.0355307,0.15,64.13574628826684,0.1,63.62646810097078,169.06531726696798,26.753940063535293,22.905623674380998,80.81035387578319
