Time,Probability,RiskPremium,T0,T1,T2,Z,Expected,CVaR
16.3820545,0.15,26.976990549415,0.1,63.178093761888086,109.79111751075698,8.718136901559268,10.375765595928852,41.90811780363635
15.1485333,0.15,48.217586532876425,0.1,63.6545343968845,159.2186616820817,17.485750334839544,18.54522558956784,67.29166802344398
13.1833677,0.15,22.173095627233682,0.1,36.7901540834119,61.68383187206888,7.931311388630915,8.528113702782191,31.38279584606454
15.153853,0.15,22.17903512791607,0.1,36.81050410629964,59.60930820403673,8.001950627744225,8.530398126121549,31.11714362232266
12.8057421,0.15,35.34354327660798,0.1,38.121498083200855,91.54684087940345,13.74338680720582,13.59367049100308,45.61961440459937
13.9805195,0.15,59.554621553390604,0.1,63.62646810097078,169.06531726696798,22.172815328659045,22.905623674380998,80.81035387578319
