Time,Probability,RiskPremium,T0,T1,T2,Z,Expected,CVaR
56.7560373,0.15,13.263440455742487,0.1,19.245962844542078,19.245962844542078,2.8474474409146335,6.631720227871243,19.245962851059975
70.448835,0.15,30.99973617742745,0.09999999999999076,47.336421376791506,47.336421376791506,5.948902101911187,15.499868088713715,47.33642137805559
5.8844572,0.15,11.899732804275274,0.1,15.981460287432865,15.981460287432865,2.940388236549088,5.949866402137634,15.981460287432865
12.524204,0.15,12.015885644352599,0.09999999999999609,16.150062985448677,16.150062985448677,2.9653067714118984,6.007942822176298,16.15006299139104
6.7902497,0.15,22.080345695969754,0.1,29.010743728905187,29.010743728905187,5.649001583708762,11.040172847984877,29.010743728905187
35.0258666,0.15,35.99752957013859,0.1,48.57418525896567,48.57418525896567,8.826138642893968,17.99876478506928,48.5741852589868
