Time,Probability,RiskPremium,T0,T1,T2,Z,Expected,CVaR
13.4262518,0.1,11.263796731466545,0.09999999999999609,27.245644033409096,27.245644033409096,2.907333961740598,6.257664850814745,27.24564403992696
15.7354037,0.1,20.024334806385767,0.09999999999999076,48.82313354721057,48.82313354721057,5.1298540484621995,11.124630447992084,48.82313354730748
12.0663271,0.1,10.180263258877272,0.1,24.08027900602037,24.08027900602037,2.682103728685286,5.655701810487397,24.080279007533377
20.0703825,0.1,10.26951434594282,0.09999999999999609,24.431297849511086,24.431297849511086,2.6916273879681847,5.7052857477460135,24.431297850032117
15.8442397,0.1,15.0567632229838,0.09999999999999076,32.67536990209108,32.675369903007365,4.260844621282811,8.364868457213161,32.67536990209108
11.4541637,0.1,24.343773050338054,0.1,53.03288098592301,53.03288099173269,6.868598426576732,13.524318361298972,53.03288098592301
