Time,Probability,RiskPremium,T0,T1,T2,Z,Expected,CVaR
32.5033803,0.1,11.983085920288403,0.1,20.24532551415056,20.24532551415056,2.2624621163901923,5.210037356647142,20.24532551415056
15.1135683,0.1,19.754069829387095,0.1,33.25463717667314,33.25463717667314,3.7655704674412,8.588726012776936,33.25463717667314
67.6725371,0.1,11.25104983352897,0.1,18.725940363408963,18.725940363408952,2.209035166475688,4.891760797186547,18.725940363408977
12.7159371,0.1,11.23644227281351,0.1,18.777603993943995,18.777603993943995,2.1833742955816198,4.885409683831937,18.77760399516516
24.4122138,0.1,18.136419006024404,0.1,29.342171313693786,29.34217131735895,3.813987914430544,7.88539956783669,29.342171313693786
27.7688519,0.1,29.80378039744787,0.09999999999998721,48.78616173271813,48.78616173271813,6.097216106239044,12.958165390194717,48.786161726908446
