Time,Probability,RiskPremium,T0,T1,T2,Z,Expected,CVaR
13.7482867,0.1,9.078703189560901,0.1,18.101552628650225,18.101552628650225,0.9696164049401037,4.778264836610983,18.101552628650236
7.0014131,0.1,15.014080397202463,0.09999999999999076,29.870509053088824,29.870509053088824,1.6198424505080036,7.902147577475062,29.870509054352905
8.4753248,0.1,8.229414093718695,0.1,15.983606302669653,15.983606302669653,0.9850595855637347,4.331270575641379,15.983606305695668
7.1941387,0.1,8.184136419660748,0.1,15.943605959484692,15.943605959484692,0.9676547641676887,4.307440220874062,15.943605959350096
10.977491,0.1,14.866840902612674,0.1,29.04015475589287,29.04015475589287,1.7383123871483597,7.824653106638285,29.040154741942683
20.0797889,0.1,24.54195576723208,0.09999999999998721,48.577071811912205,48.577071811912205,2.710073697055754,12.916818824859144,48.577071806128345
