Time,Probability,RiskPremium,T0,T1,T2,Z,Expected,CVaR
11.7666966,0.2,14.67058657564876,0.1,20.868601085004723,20.868601085004723,2.9811186974937494,8.629756809205118,20.868601085004723
5.0235257,0.2,33.59344841185345,0.09999999999999432,47.23200136385249,47.23200136385249,6.964809065344898,19.760852006972318,47.232001365116574
4.9601768,0.2,12.075405566943262,0.1,15.45693914666979,15.45693914666979,2.883785971330281,7.103179745260654,15.45693914666979
11.7523863,0.2,12.022504524975762,0.1,15.065322849122456,15.065322849122456,2.9521276987353087,7.072061485279841,15.065322849122458
6.7084598,0.2,23.11373517486411,0.09999999999999076,28.922347172293268,28.922347172293268,5.685912275041712,13.596314808743633,28.922347173058913
34.5760146,0.2,38.89566491576641,0.1,48.55199425320141,48.55199425320141,9.597814183745609,22.87980289162734,48.55199425320141
