Time,Probability,RiskPremium,T0,T1,T2,Z,Expected,CVaR
73.4987613,0.25,19.8943702246067,0.09999999999999609,24.142625253289765,24.142625253289765,4.914883115861082,11.052427902559353,24.142625256513412
70.9796835,0.25,42.63232519227023,0.1,47.68118999352745,47.68118999352743,11.74873061944015,23.684625106816668,47.681189993527475
19.7605204,0.25,16.196034484411218,0.1,17.87810830955099,17.87810830955099,4.534144136497041,8.997796935784146,17.87810830955099
35.5333844,0.25,16.595141051361786,0.1,18.70512627141113,18.70512627141113,4.52993720552004,9.219522806312044,18.70512627141113
23.313251,0.25,28.625816584136576,0.1,29.298420257987623,29.298420257987623,8.704028500879655,15.903231435631298,29.298420261050204
17.2134783,0.25,49.569841954467776,0.1,48.62972940789258,48.62972940789258,15.703762373880785,27.538801085815514,48.629729401720674
