Time,Probability,RiskPremium,T0,T1,T2,Z,Expected,CVaR
13.9320843,0.1,13.75900231533987,0.1,21.93060784247721,21.93060784247721,3.3272993123461654,5.503600926135947,21.930607848995077
10.9613597,0.1,23.323561105483414,0.1,37.46116163524466,37.46116163524466,5.554615504995475,9.32942444219336,37.46116163650874
28.0354234,0.1,12.741192653839528,0.09999999999999609,19.899557449551285,19.899557449551285,3.2037914758990986,5.096477061535836,19.899557449551285
28.7014207,0.1,12.822963526913586,0.10000000000000142,20.179751792488215,20.179751787603553,3.1786082016313326,5.12918541076543,20.179751792488215
16.0325614,0.1,19.889316498284124,0.09999999999999076,29.745202503192946,29.745202503192946,5.396747128081568,7.955726599313701,29.745202502276648
47.3143736,0.1,32.42658601562693,0.09999999999998721,48.85842943306659,48.85842943306659,8.689613101331384,12.970634406250907,48.85842943306659
