Time,Probability,RiskPremium,T0,T1,T2,Z,Expected,CVaR
14.3975599,0.1,17.177187255257493,0.09999999999999609,26.1936183807873,26.1936183807873,6.027750357915799,6.134709734020574,26.193618387305165
14.63881,0.1,31.124161238490515,0.09999999999999076,48.74689660522592,48.74689660522592,10.600608183935236,11.11577187088953,48.74689660555248
11.4626482,0.1,15.481419251710228,0.1,22.974426404896054,22.974426404896054,5.591003921971274,5.529078304182255,22.974426406409062
11.9106928,0.1,15.636298733225681,0.1,23.40568613838786,23.40568613838786,5.596582893864939,5.584392404723447,23.405686143272522
24.0103297,0.1,23.409886372807662,0.1,32.63943095847182,32.63943095847182,8.979523354759143,8.360673704574166,32.63943095847182
16.75686,0.1,37.520934810390294,0.1,51.95707688173677,51.95707688173677,14.48141519575866,13.40033386085361,51.95707687596582
