Time,Probability,RiskPremium,T0,T1,T2,Z,Expected,CVaR
12.0350784,0.05,-1.0428584573674014e-11,2.0,0.0,-3.1845320252129264e-9,-7.604198357411303e-12,-4.3452435723641734e-12,6.315935428978667e-17
12.0907351,0.05,6.263974228204461e-12,2.0,3.91497678720043e-9,3.91497678720043e-9,4.567459102291751e-12,2.6099892617518586e-12,6.315935428978667e-17
12.762382,0.05,-2.4208077320508883e-12,0.1,0.0,0.0,-1.7651999368379412e-12,-1.0086698883545369e-12,7.894919286223334e-17
18.301714,0.05,5.974823125143302e-12,2.0,3.7342573477872065e-9,3.7342573477872065e-9,4.3566308091966565e-12,2.4895096354763763e-12,3.1579677144893335e-17
16.2822959,0.05,5.8642172007239416e-12,2.0,3.6651641721618944e-9,3.6651641721618944e-9,4.275980655974207e-12,2.4434238336349755e-12,3.1579677144893335e-17
16.1934127,0.05,3.4106051316484806e-17,2.0,5.809681624668883e-9,5.809681624668883e-9,-3.0395439251959836e-17,1.4210854715202004e-17,1.578983857244667e-16
