Time,Probability,RiskPremium,T0,T1,T2,Z,Expected,CVaR
15.7651885,0.1,14.636596214098187,0.1,28.234936425733334,28.234936425733334,4.992178887528553,6.363737484390511,28.2349364322512
15.7229569,0.1,25.62829299465186,0.1,48.99444639499872,48.99444639499872,8.807800363465525,11.142736084631236,48.99444639499872
12.4589773,0.1,13.08933507925364,0.09999999999999609,24.40909054849025,24.40909054849025,4.590608532681153,5.691015251849412,24.40909055000326
13.7013013,0.1,13.275809628151627,0.09999999999999609,25.062308747001055,25.062308747001055,4.610185844095356,5.772091142674622,25.062308751885716
12.1705131,0.1,19.299920490993983,0.1,32.92761698747723,32.92761698747723,7.228198631533102,8.391269778693008,32.927616983812065
13.0340734,0.1,31.363466309572512,0.09999999999998721,54.07537843451231,54.07537843451231,11.661313299771537,13.636289699814158,54.07537843305989
