Time,Probability,RiskPremium,T0,T1,T2,Z,Expected,CVaR
31.8382214,0.15,10.111149392261176,0.09999999999999609,17.953632851467972,17.953632851467972,1.4648481245333766,6.319468370163276,17.953632857985866
41.566619,0.15,20.40178087864261,0.10000000126407116,35.88494261210744,35.88494261210744,3.0239019166469614,12.751113049151769,35.88494261337152
40.2365228,0.15,9.084053568418689,0.1,14.841586243039371,14.84158624228287,1.5737095356772,5.677533480261642,14.841586242661124
21.8405797,0.15,9.144120568223917,0.1,14.908749047206939,14.908749047206939,1.5903104734837548,5.715075355139853,14.908749053141161
12.7261764,0.15,17.591606158508178,0.1,28.820612790549873,28.820612790549873,3.0316805209910136,10.99475384906763,28.82061279131552
24.9287709,0.15,28.76944920926787,0.1,48.50144767095918,48.50144767095918,4.684435071676443,17.980905755792445,48.50144766478721
