Time,Probability,RiskPremium,T0,T1,T2,Z,Expected,CVaR
122.3035903,0.15,9.202181647431894,0.1,13.51511430477387,13.51511430477387,0.7287420423932877,5.112323137462207,13.515114306403344
61.3515314,0.15,19.036727592304807,0.1,28.09620710740854,28.09620710740854,1.452668885238734,10.575959773502618,28.096207107411292
64.6234716,0.15,9.572129165056165,0.09999999999999609,13.572486183892828,13.572486183892828,0.9524249698135963,5.317849536142349,13.572486183892828
16.1894779,0.15,9.660981241027674,0.1,13.664900103468112,13.664900103468112,0.9746941169208989,5.367211800570934,13.664900109410473
72.040116,0.15,18.91630796588748,0.1,27.142160619120396,27.142160619120396,1.7540077283852038,10.509059981048546,27.14216062218298
37.2876842,0.15,31.771024828051964,0.09999999999999998,47.371457397416535,47.371457397416535,2.2321002597346613,17.650569348917763,47.371457397416535
