Time,Probability,RiskPremium,T0,T1,T2,Z,Expected,CVaR
11.6745507,0.05,12.270146211466464,0.1,63.178093761888086,109.79111751075692,1.2876079357711825,4.544498596839426,30.29665731226287
11.3403317,0.05,18.738196522448103,0.1,63.6545343968845,119.67234110440711,1.9663539560593644,6.940072786091891,46.267151907279256
10.7874144,0.05,10.67356694578436,0.1,36.7901540834119,61.68383187206887,1.1200656671502116,3.953172942883093,26.35448628588731
27.7999828,0.05,10.679182692599078,0.1,36.81050410629964,58.05967081709798,1.1206549739147247,3.9552528491107646,26.3683523274051
30.6506955,0.05,13.898900550770293,0.1,38.12149808320086,75.85949867597273,1.458526601006762,5.147740944729735,34.31827296486488
22.2021138,0.05,22.856302028228427,0.1,63.6264681009708,121.67854271248154,2.398500830122746,8.465297047492005,56.4353136499467
