Time,Probability,RiskPremium,T0,T1,T2,Z,Expected,CVaR
58.9894212,0.25,27.19793062446493,0.1,27.602793892896983,27.602793892896983,10.639461395041923,11.825187228028165,27.602793899344277
23.8767435,0.25,56.22926801180411,0.09999999999998366,51.22368868619628,51.22368868619628,23.74890592371264,24.44750783121896,51.22368868746035
27.1525783,0.25,24.26006740268993,0.1,24.508683871636798,24.508683871636798,9.523963466812624,10.54785539247388,24.50868387048545
59.225551,0.25,24.38780848316013,0.1,24.560440034820708,24.560440032452988,9.597299978549403,10.603394992678398,24.560440032452995
8.7172192,0.25,39.652694556779146,0.1,35.206842918626215,35.206842918626215,17.022430293426613,17.240301981208454,35.206842921688796
10.1455206,0.25,68.26423279339085,0.09999999999998721,58.757482227046346,58.757482227046346,29.860917275114627,29.68010121451751,58.757482227046346
