Time,Probability,RiskPremium,T0,T1,T2,Z,Expected,CVaR
128.4453125,0.2,12.019913140308157,0.1,14.289563547586855,14.289563547586855,2.2974500078373836,6.677729522393451,14.289563547586855
33.360516,0.2,28.613368390059797,0.1,35.17940959003282,35.17940959003282,5.003815090693356,15.896315772255297,35.17940959003282
150.7686155,0.2,11.911652799100514,0.1,13.754577762595844,13.754577762595844,2.4392707603150505,6.617584888389211,13.754577764379906
46.0926538,0.2,12.066174077026131,0.1,13.78676385675667,13.78676385675667,2.529410508116087,6.70343004279223,13.786763858086788
28.4199121,0.2,23.666954713203886,0.1,27.423904828637955,27.423904828637955,4.808407877347484,13.148308174002135,27.423904828637955
43.6339608,0.2,40.55389971031019,0.1,47.39540050752221,47.39540050906518,8.077772937197956,22.529944283505962,47.3954005075222
