Time,Probability,RiskPremium,T0,T1,T2,Z,Expected,CVaR
21.401523,0.2,37.97787782779568,0.1,63.17809376188807,156.54192510569598,16.56114466657361,13.095819940619208,54.70038604363338
19.0154769,0.2,70.14616060813822,0.1,63.6545343968845,159.2186616820817,33.52887265527925,24.188331244185548,86.3331147875522
18.417346,0.2,30.15043769846293,0.1,36.7901540834119,70.95489073513308,14.403775090665064,10.396702654642404,37.14650242041974
18.7194481,0.2,30.15680118597545,0.1,36.81050410629964,70.1419294082679,14.546631703316006,10.3988969606812,36.45525957057242
19.331193,0.2,50.41517244330769,0.1,38.121498083200855,91.54684087940345,24.51936452347702,17.384542221830234,59.9408707118324
15.2608692,0.2,86.79121741532711,0.1,63.62646810097078,169.065317266968,41.978216130220304,29.92800600528522,104.35298240439263
