Time,Probability,RiskPremium,T0,T1,T2,Z,Expected,CVaR
21.6075178,0.2,26.55531801459041,0.1,45.44959594479161,45.44959594479161,11.146819232001889,12.070599097541091,45.44959594801529
18.2500678,0.2,47.982276814639604,0.1,62.95705666636409,62.95705666636409,22.057457905524142,21.810125824836216,62.95705666762815
24.2525701,0.2,21.27916405908086,0.1,30.17000094848552,30.17000094848552,9.557051394608367,9.672347299582208,30.17000094848552
27.6343,0.2,21.252383473410706,0.1,29.262809593596845,29.262809593596845,9.631945638564794,9.660174306095785,29.262809593596845
20.6025713,0.2,37.01508351739142,0.1,38.12149808320086,54.680320934980514,16.40451725768793,16.825037962450633,54.680320934980514
16.6581041,0.2,64.0319437438968,0.1,63.62646810097078,96.26748125529045,28.210309541319088,29.10542897449847,96.26748125529045
