Time,Probability,RiskPremium,T0,T1,T2,Z,Expected,CVaR
13.1280382,0.05,9.664800220025803,0.1,26.35975925596822,26.35975925596822,2.668214039163293,3.5795556370466053,26.359759262486087
10.272995,0.05,16.44044035152509,0.09999999999998721,49.4038819595449,49.4038819595449,3.8541638734412262,6.0890519820463425,49.40388195562992
10.4718289,0.05,9.40483302787533,0.1,25.359184269538737,25.35918426953874,2.6401746194096862,3.4832714918056706,25.359184269538737
11.1065545,0.05,9.553508418835861,0.09999999999999432,25.728995378588067,25.728995378588067,2.686573128900206,3.538336451420681,25.72899537485381
27.640577,0.05,12.834911492065652,0.09999999999999076,34.12576801538616,34.12576801538616,3.6754260057683426,4.753670922987288,34.12576801172099
11.5996422,0.05,20.77588369536222,0.1,55.708583093662874,55.708583093662874,5.879040254014653,7.694771739023038,55.70858308785319
