Time,Probability,RiskPremium,T0,T1,T2,Z,Expected,CVaR
52.482139,0.2,19.85850138875885,0.1,24.142625250066096,24.142625250066096,5.261903548824973,9.45642923274241,24.142625253289772
60.0123527,0.2,41.57447848173629,0.1,47.37750251951569,47.3775025195157,12.124061641273116,19.79737070558849,47.3775025195157
14.6610365,0.2,16.144730101390394,0.1,17.786691747071654,17.786691747071654,4.9222096251992795,7.687966714947738,17.786691747071654
22.9319149,0.2,16.197770362218357,0.1,17.639695431561737,17.639695431561737,5.010281371003964,7.713223982008687,17.63969543688221
28.7689178,0.2,28.690823714926,0.1,29.183377003758473,29.183377003758473,9.596148707918788,13.662297007107467,29.183377006821058
43.0294506,0.2,48.09653712799831,0.1,48.64562222195754,48.645622223500524,16.183545953191775,22.9031129180941,48.6456222229862
