Time,Probability,RiskPremium,T0,T1,T2,Z,Expected,CVaR
11.817986,0.05,-7.82143843025551e-12,2.0,-3.1845320252129264e-9,-3.1845320252129264e-9,-4.127981393745964e-12,-4.3452435723641734e-12,0.0
9.7064023,0.05,4.697972144640516e-12,2.0,3.91497678720043e-9,3.91497678720043e-9,2.479485298560273e-12,2.6099845248002867e-12,0.0
10.8404559,0.05,-1.8156185888074103e-12,0.1,0.0,0.0,-9.582431440927999e-13,-1.0086769937818947e-12,0.0
10.8152511,0.05,0.0,2.0,0.0,0.0,-0.0,0.0,0.0
27.0705417,0.05,4.398197006594273e-12,2.0,3.6651641721618944e-9,3.6651641721618944e-9,2.3212706423691997e-12,2.443442781441263e-12,0.0
10.4851438,0.05,0.0,2.0,5.809681624668883e-9,5.809681624668883e-9,-0.0,0.0,0.0
