Time,Probability,RiskPremium,T0,T1,T2,Z,Expected,CVaR
11.6401301,0.05,13.633495790518289,0.1,63.178093761888086,109.79111751075692,4.544498596839434,4.544498596839426,22.722492984197146
13.2500613,0.05,20.82021835827569,0.1,63.6545343968845,119.67234110440711,6.940072786091903,6.940072786091891,34.700363930459446
12.0412777,0.05,11.85951882864929,0.1,36.7901540834119,61.68383187206887,3.9531729428830946,3.953172942883093,19.765864714415475
13.8244551,0.05,11.865758547332305,0.1,36.81050410629964,58.05967081709798,3.955252849110771,3.9552528491107646,19.77626424555384
11.5143139,0.05,15.443222834189218,0.1,38.12149808320086,75.85949867597273,5.147740944729742,5.147740944729735,25.738704723648695
13.4811419,0.05,25.39589114247604,0.1,63.6264681009708,121.67854271248154,8.465297047492022,8.465297047492005,42.32648523746003
