Time,Probability,RiskPremium,T0,T1,T2,Z,Expected,CVaR
71.2041181,0.25,21.996480508965305,0.1,29.90982518290815,29.90982518290815,7.122779824034186,12.220266949425136,29.90982518613191
24.2124567,0.25,44.98014777415602,0.1,54.338239975968506,54.338239975968506,15.588786439775316,24.988970985642254,54.33823997723259
25.8138457,0.25,19.41572180348877,0.1,25.909356521126636,25.909356521126636,6.360783029400612,10.786512113049312,25.909356519975287
20.1618738,0.25,19.494786587490896,0.09999999999999609,25.886584937211275,25.886584937211275,6.405927402816275,10.830436993050483,25.886584937211275
9.9168136,0.25,35.19723778194302,0.1,38.121498083200855,49.11094352069799,11.209678412365278,19.554020989968294,49.11094352069799
7.6528944,0.25,62.969825203764735,0.1,63.62646810097078,91.65948639510115,19.485151453832735,34.98323622431391,91.65948639510115
