Time,Probability,RiskPremium,T0,T1,T2,Z,Expected,CVaR
11.9841336,0.05,7.873100571346979,0.1,24.698469766185553,24.698469766185553,1.258705981248008,3.42308720493348,24.698469772703433
18.2810325,0.05,11.208705403580783,0.1,35.00498767642175,35.00498767642175,1.8156096029680813,4.873350175469912,35.00498767642175
22.6439928,0.05,7.742650185672743,0.1,24.08027900602038,24.080279006020383,1.269194135489773,3.366369645944672,24.0802790075334
22.9400448,0.05,7.8263771278199625,0.1,24.229060971486966,24.229060971486966,1.299661218027929,3.4027726642695577,24.22906096775271
16.7012517,0.05,10.638826119091252,0.09999999999999076,32.6706004027979,32.6706004027979,1.80649597172378,4.625576573517927,32.67060039918161
6.3350831,0.05,17.049100097991282,0.1,52.63960389345774,52.63960389345774,2.8524051308038407,7.412652216517923,52.63960388764806
