Time,Probability,RiskPremium,T0,T1,T2,Z,Expected,CVaR
43.6905445,0.2,28.064484495899023,0.09999999999999609,26.823933423649613,26.823933423649613,11.321093020050435,10.023030177106797,26.823933423961236
17.1160921,0.2,56.30851285165339,0.09999999999998721,48.846436210768516,48.846436210768516,24.703828470057527,20.11018316130478,48.8464362120326
16.1044154,0.2,24.438549095944797,0.1,22.78838962083905,22.78838962083905,10.086361298478128,8.728053248551662,22.78838962083905
16.402174,0.2,24.74934859021432,0.1,23.03803870475962,23.03803870475962,10.230701265421981,8.839053067933742,23.038038710080095
15.3407541,0.2,40.027199869686086,0.1,32.37170456960422,32.37170456960422,18.501260926911574,14.295428524887804,32.37170456960422
66.3032408,0.2,66.2177074902259,0.09999999999998721,52.44996802014498,52.44996802014498,31.048211534262673,23.649181246509226,52.44996802014498
