Time,Probability,RiskPremium,T0,T1,T2,Z,Expected,CVaR
33.4705302,0.25,41.757556500559694,0.1,63.17809376188807,156.54192510569595,20.881038436723742,15.46576166687393,51.53747097995397
32.3484358,0.25,79.75973341856117,0.1,63.6545343968845,159.2186616820817,41.95256243774292,29.540642006874442,84.65083516649952
25.1970364,0.25,32.77554157575918,0.1,36.7901540834119,70.95489073513308,17.218718803182814,12.139089472503418,34.92397813965663
24.5820299,0.25,32.78170004384159,0.1,36.81050410629964,70.14192940826788,17.26871875855328,12.14137038660799,34.61877637781018
22.4748585,0.25,56.8051462854606,0.1,38.121498083200855,91.54684087940345,30.073972758558945,21.038943068689104,58.9871461234396
23.5801449,0.25,99.4150726279459,0.1,63.62646810097078,169.065317266968,52.5352845255942,36.820397269609536,103.88300282122408
