Time,Probability,RiskPremium,T0,T1,T2,Z,Expected,CVaR
18.4548466,0.05,9.549378125207046,0.1,23.536188607514678,23.536188607514678,1.195664216809316,3.292889008692079,23.536188607514678
10.8970833,0.05,13.557446597697014,0.1,33.25463717667314,33.25463717667314,1.737551114469187,4.674981585412749,33.25463717667314
10.825171,0.05,9.414993426241363,0.1,22.97365031332494,22.97365031332494,1.2366687545384065,3.246549457324598,22.973650314837954
13.4609593,0.05,9.515374408246435,0.09999999999999432,23.117244510557544,23.117244510557544,1.2751905897527211,3.2811635890504998,23.117244506823287
11.362834,0.05,13.363465493633845,0.1,32.516914370808955,32.516914370808955,1.7781682397012324,4.608091549528912,32.51691436714379
18.1399519,0.05,21.18235413311312,0.1,51.6488625489319,51.6488625489319,2.7919434614543475,7.304260045901098,51.6488625489319
