Time,Probability,RiskPremium,T0,T1,T2,Z,Expected,CVaR
52.5903845,0.15,13.191165427400186,0.09999999999999432,20.629101787413063,20.629101787413063,2.826850994417393,6.942718646000153,20.629101793930957
41.2870162,0.15,29.46268270137212,0.1,47.36744396447266,47.36744396447266,5.990815380764813,15.50667510598543,47.36744396447266
23.2765262,0.15,11.997457846833198,0.1,17.618014774147134,17.618014774147134,2.8571155291682353,6.314451498333208,17.618014775660136
30.8040074,0.15,12.106910066894969,0.1,17.787093477841225,17.787093477841225,2.88109324997611,6.372057929944712,17.787093477841225
8.4008945,0.15,21.04024720470312,0.1,29.160461172564506,29.160461172564506,5.44477117286331,11.07381431826481,29.160461172564506
54.2946945,0.15,34.247329673846295,0.1,48.69192712290143,48.69192712290143,8.555665127129004,18.02491035465586,48.69192712290143
