Time,Probability,RiskPremium,T0,T1,T2,Z,Expected,CVaR
14.2676712,0.05,12.270146211466464,0.1,63.178093761888086,109.79111751075692,3.862823807313525,4.544498596839426,30.29665731226287
36.1901728,0.05,18.738196522448103,0.1,63.6545343968845,119.67234110440711,5.899061868178108,6.940072786091891,46.267151907279256
25.5802101,0.05,10.67356694578436,0.1,36.7901540834119,61.68383187206887,3.3601970014506333,3.953172942883093,26.35448628588731
25.9032257,0.05,10.679182692599078,0.1,36.81050410629964,58.05967081709798,3.361964921744162,3.9552528491107646,26.3683523274051
40.5096612,0.05,13.898900550770293,0.1,38.12149808320086,75.85949867597273,4.375579803020286,5.147740944729735,34.31827296486488
11.6632332,0.05,22.856302028228427,0.1,63.6264681009708,121.67854271248154,7.19550249036821,8.465297047492005,56.4353136499467
