Time,Probability,RiskPremium,T0,T1,T2,Z,Expected,CVaR
19.3914304,0.15,19.84541840763854,0.1,30.88973692370773,30.88973692370773,7.877781500064383,8.628442785929835,30.889736930225624
14.9483973,0.15,37.697632585936354,0.1,54.14206025717522,54.14206025717522,15.644589765600895,16.390275037363683,54.14206025717522
17.1989769,0.15,17.59619458978045,0.1,26.0813767145856,26.0813767145856,7.181046603760671,7.650519386861055,26.0813767145856
16.5557561,0.15,17.81702493915175,0.1,26.348731327855475,26.348731327855475,7.280162545069568,7.746532582239895,26.348731327855475
14.3345284,0.15,27.434704566349634,0.1,35.00388913846064,35.00388913846064,12.045208638451326,11.928132420151945,35.00388913846064
12.4763777,0.15,45.137936554750404,0.09999999999998721,60.22998631872779,60.22998631872779,19.422027272415686,19.62518980641333,60.229986312555816
