Time,Probability,RiskPremium,T0,T1,T2,Z,Expected,CVaR
37.3154822,0.1,12.962159363500456,0.09999999999999432,19.08270751255388,19.08270751255388,2.3378088124039356,4.985445909038611,19.082707514183348
50.5596975,0.1,21.834066355492446,0.1,32.26378065521079,32.26378065521079,3.88992339586036,8.397717829035562,32.263780655526816
25.7435176,0.1,12.259594416626772,0.09999999999999609,17.81842524970601,17.81842524970601,2.3030871435253935,4.7152286217795085,17.81842525008426
14.1219325,0.1,12.219308760304504,0.1,17.825175507781243,17.825175507781243,2.269398072090954,4.699734138578629,17.825175512665904
24.1801828,0.1,20.430505906810737,0.09999999999999569,29.199675127425945,29.199675127425945,4.035903724965421,7.857886887234875,29.19967512376079
12.8538077,0.1,33.635692372963184,0.09999999999998721,48.67431479473392,48.67431479473392,6.403883602094284,12.936804758831922,48.674314788924235
