Time,Probability,RiskPremium,T0,T1,T2,Z,Expected,CVaR
58.4807321,0.15,10.736087306486393,0.1,14.329502058143293,14.329502058143293,1.78346029128318,5.3680436532431965,14.329502058143293
47.3564032,0.15,22.508709345175024,0.1,30.302802925790147,30.302802925790147,3.6349753713064645,11.254354672587482,30.302802925790147
87.2188395,0.15,11.00424679715587,0.1,14.166699790036514,14.166699790036514,2.036292840784127,5.502123398577935,14.166699793062522
92.6779249,0.15,11.049051957445018,0.09999999999999609,14.176054990247932,14.176054990247932,2.0639143741123513,5.524525978722506,14.176054990247932
22.0346183,0.15,21.503460214005127,0.1,27.923800405074882,27.923800405074882,3.8829019865486716,10.75173010700256,27.923800408137467
79.4985216,0.15,35.657511020164954,0.09999999999999432,47.94684138589648,47.94684138589648,5.78152116222586,17.828755510082473,47.9468413797245
