Time,Probability,RiskPremium,T0,T1,T2,Z,Expected,CVaR
31.8470097,0.1,13.923274541301812,0.09999999999999432,25.563382783232022,25.563382783232022,3.9677198830071463,6.053597626652959,25.56338278486149
27.3772479,0.1,25.516108549227997,0.1,48.575357598792216,48.575357598792216,6.925868838370549,11.093960238794805,48.57535759910824
27.0381953,0.1,12.400842601858818,0.09999999999999729,21.888232559738984,21.888232559738984,3.7098595324400976,5.391670696460388,21.88823256125199
10.1191368,0.1,12.56283561783873,0.1,22.453552098519477,22.453552098519477,3.70244324312702,5.4621024425385665,22.45355210340414
9.5518315,0.1,18.907863566688818,0.1,31.549759523674886,31.549759523674886,6.021263464844667,8.220810246386465,31.549759523674886
11.1932976,0.1,30.56027517045489,0.1,51.060388480065654,51.060388480065654,9.718536546749798,13.287076161067423,51.06038847425597
