Time,Probability,RiskPremium,T0,T1,T2,Z,Expected,CVaR
145.9503281,0.25,12.678272522499647,0.1,14.3451923113509,14.3451923113509,2.5069070009730243,7.923920326562368,14.34519231217472
68.3507675,0.25,37.06009221952742,0.1,46.035364678151616,46.035364678151616,5.89205211695119,23.162557637204667,46.03536468112259
23.0101893,0.25,12.311622811613887,0.1,13.525830147890392,13.525830147890392,2.5759854930370083,7.69476425725881,13.525830146739047
80.8028397,0.25,12.40737165161077,0.1,13.738148748238999,13.738148748238999,2.5585248562602425,7.754607282256817,13.738148748238999
37.3707837,0.25,24.326965427882218,0.09999999999999076,27.160562737268627,27.160562737268627,4.9379387644931505,15.204353392426325,27.160562738034272
73.1608017,0.25,43.40715963591779,0.1,47.366638848911585,47.366638848911585,9.194677438867334,27.129474772448678,47.36663884273964
