Time,Probability,RiskPremium,T0,T1,T2,Z,Expected,CVaR
4.2015504,0.1,8.594920948535801,0.1,15.111363144232564,15.111363144232564,0.6456111735075722,4.092819499302765,15.111363144232564
26.2475208,0.1,16.185781735511576,0.1,29.00486175390219,29.00486175390219,1.0241952987493388,7.70751511214834,29.00486175390221
5.1396263,0.1,8.57633264988551,0.1,14.896274182648106,14.896274182648106,0.7080575322902436,4.083967928516908,14.896274183026359
11.5973684,0.1,8.420196073293852,0.1,14.632289853286863,14.632289853286865,0.6926434591001601,4.009617177758978,14.632289853286865
11.8070893,0.1,16.32517930635383,0.1,28.81579243398746,28.81579243398746,1.186620264396347,7.773894907787597,28.81579243398746
13.0685051,0.1,27.07562522091688,0.1,48.47548175432263,48.47548175432263,1.7286559452795176,12.89315486710325,48.47548174862914
