Time,Probability,RiskPremium,T0,T1,T2,Z,Expected,CVaR
18.1300562,0.15,22.82668431104349,0.1,63.178093761888086,109.79111751075698,8.346787965444161,10.375765595928852,37.736637260398794
14.6186456,0.15,40.79949629704927,0.1,63.6545343968845,159.2186616820817,15.654453229138744,18.54522558956784,62.54400877851889
16.2586818,0.15,18.761850146120807,0.1,36.7901540834119,61.68383187206888,7.218216818770708,8.528113702782191,28.631577866568378
16.9917816,0.15,18.766875877467445,0.1,36.81050410629964,59.60930820403673,7.23796862331516,8.530398126121549,28.520458979659754
13.7083725,0.15,29.906075080206772,0.1,38.121498083200855,91.54684087940345,12.088706962533859,13.59367049100308,41.75165466880207
17.0018319,0.15,50.3923720836382,0.1,63.62646810097078,169.06531726696798,19.958905453998415,22.905623674380998,73.09124337610605
