Time,Probability,RiskPremium,T0,T1,T2,Z,Expected,CVaR
13.7295874,0.05,8.851441050743269,0.1,27.83033803382004,27.83033803382004,2.7491168533325427,3.68810043780969,27.83033803382004
9.556352,0.05,14.928397055992528,0.1,51.21001636873382,51.21001636873382,4.209246523513432,6.220165439996878,51.21001636481884
15.2603084,0.05,8.500841621877894,0.1,26.14474983197867,26.14474983197867,2.6985510304737907,3.5420173424491086,26.144749831998844
17.7438467,0.05,8.602495105764191,0.09999999999999432,26.348731327855475,26.348731327855475,2.741686308317074,3.584372960735077,26.348731327855475
15.8581943,0.05,11.572481853609602,0.09999999999999432,35.02310777196151,35.02310777196151,3.7304903816360437,4.821867439004009,35.02310776869952
9.6275183,0.05,18.960011319963417,0.1,58.49335662422205,58.49335662422205,6.00067141313591,7.900004716651422,58.49335661841237
