Time,Probability,RiskPremium,T0,T1,T2,Z,Expected,CVaR
20.6068453,0.2,24.260355198696587,0.09999999999999432,30.18267060668989,30.18267060668989,9.785436659775945,10.547980521172361,30.182670609913565
17.4546874,0.2,48.13132036739719,0.1,54.338239977232575,54.338239977232575,20.522343548255247,20.926661029303197,54.33823997849666
17.3635844,0.2,21.33498376796996,0.1,26.169590212097525,26.169590212097525,8.68020180482937,9.276079899117356,26.169590219233775
19.3316121,0.2,21.49712742081245,0.1,26.199707345297465,26.199707345297465,8.779924238037841,9.346577139483692,26.19970735593841
16.5509655,0.2,33.974733486089626,0.1,35.39392836016187,35.39392836016187,15.078649210199975,14.771623254821577,35.39392836016187
15.1833918,0.2,57.89303552295158,0.1,62.233775651192765,62.233775651192765,25.309572385964223,25.170885009978935,62.23377564502082
