Time,Probability,RiskPremium,T0,T1,T2,Z,Expected,CVaR
24.5391789,0.2,30.120385863424193,0.1,63.17809376188807,156.54192510569598,13.62466006382845,13.095819940619208,47.094878530384605
33.4151325,0.2,55.63316186162689,0.1,63.6545343968845,159.2186616820817,26.272209787742636,24.188331244185548,75.91453954117243
18.7071759,0.2,23.91241610567753,0.1,36.7901540834119,70.95489073513308,11.195106033868305,10.396702654642404,33.602776826310794
31.1487122,0.2,23.917463009566774,0.1,36.81050410629964,70.1419294082679,11.24170650103267,10.3988969606812,33.16749243921033
16.0952538,0.2,39.984447110209516,0.1,38.121498083200855,91.54684087940345,19.060866456638113,17.384542221830234,52.774926539242415
12.2801098,0.2,68.83441381215601,0.1,63.62646810097078,169.065317266968,32.526618209763306,29.92800600528522,93.7259019763601
