Time,Probability,RiskPremium,T0,T1,T2,Z,Expected,CVaR
64.408953,0.15,11.857024763071147,0.1,16.417070872153182,16.417070872153182,2.2575169100336057,5.928512381535573,16.417070871541267
56.1558373,0.15,25.050728120178423,0.1,34.98580799498021,34.98580799498021,4.664208682877422,12.52536406008921,34.98580799498021
32.1522135,0.15,11.14389615756724,0.09999999999999609,14.423406265739036,14.423406265739036,2.4739377128197173,5.57194807878362,14.423406267252044
29.0905727,0.15,11.160092097243059,0.09999999999999609,14.377613369954467,14.377613369954467,2.500897486155027,5.580046048621529,14.377613369954467
46.5958691,0.15,21.972663516122893,0.1,28.787525347391163,28.787525347391163,4.755914000724212,10.986331758061446,28.787525350453745
19.452329,0.15,35.93158376576283,0.09999999999999432,48.44158330563333,48.44158330563333,7.299264887069086,17.96579188288139,48.44158329948879
