Time,Probability,RiskPremium,T0,T1,T2,Z,Expected,CVaR
5.0344488,0.05,-9.125011501964763e-12,2.0,0.0,-3.1845320252129264e-9,-6.083355212164559e-12,-4.3452435723641734e-12,4.736951571734002e-17
4.3826899,0.05,5.480977449678903e-12,2.0,3.91497678720043e-9,3.91497678720043e-9,3.653970755597888e-12,2.6099892617518586e-12,4.736951571734002e-17
4.2525223,0.05,2.965511853858515e-11,0.1,0.0,0.0,-1.412148501837392e-12,1.4121485018373885e-11,7.060742509186943e-11
4.9328168,0.05,-5.227959292142259e-11,2.0,0.0,0.0,-3.485306194761507e-11,-2.4895044248296476e-11,0.0
4.1851056,0.05,-5.644356804168637e-11,2.0,0.0,0.0,-3.7629045361124245e-11,-2.687788954366018e-11,0.0
4.5799994,0.05,2.984279490192421e-17,2.0,5.809681624668883e-9,5.809681624668883e-9,-1.56319401867222e-17,1.4210854715202004e-17,1.1842378929335005e-16
