Time,Probability,RiskPremium,T0,T1,T2,Z,Expected,CVaR
16.878476,0.1,16.62313383453757,0.09999999999999609,23.341768474694547,23.341768474694547,4.727640041130697,5.7321151153577725,23.341768481212412
52.0944359,0.1,32.12183688545786,0.09999999999999076,48.454904845698735,48.45490484569874,7.962898128487231,11.076495477743986,48.454904846962826
24.9946905,0.1,15.074607813736847,0.1,20.52857035719712,20.528570357197115,4.510816781661079,5.198140625426494,20.528570358710127
21.4909812,0.1,15.079591661273879,0.09999999999999609,20.620311848838917,20.620311848838917,4.482574036240444,5.199859193542748,20.62031185494475
13.3912757,0.1,23.325413519307197,0.09999999999999076,30.29000468977953,30.29000468977953,7.495801952420157,8.043246041140414,30.290004686130654
18.7282665,0.1,37.78340352959848,0.09999999999998721,49.22669323292392,49.22669323292392,12.085367005543306,13.028759837792565,49.22669322711424
