Time,Probability,RiskPremium,T0,T1,T2,Z,Expected,CVaR
14.2215377,0.1,23.129826800119435,0.1,63.178093761888086,109.79111751075695,10.420835126294278,7.7099422667064745,32.70518930229992
13.5438772,0.1,38.35519048267105,0.1,63.6545343968845,159.2186616820817,17.287037890998796,12.785063494223687,54.200508981466314
20.0550297,0.1,19.49097592667866,0.1,36.7901540834119,61.683831872068886,8.947933942450268,6.496991975559554,26.727242018903787
22.7703639,0.1,19.497577743398736,0.1,36.81050410629964,58.73116960119909,8.93373013340493,6.499192581132909,26.82246772543737
17.3988118,0.1,28.574677092513376,0.1,38.121498083200855,75.85949867597274,13.447822699490564,9.524892364171135,37.5347025084296
19.4273062,0.1,47.29927514680387,0.1,63.62646810097078,121.6785427124816,22.12165185975705,15.766425048934627,62.82241623949559
