Time,Probability,RiskPremium,T0,T1,T2,Z,Expected,CVaR
14.0343688,0.05,7.891361889180335,0.1,21.493009316312072,21.493009316312072,0.24175516899260316,3.0351391881462892,21.493009316312072
11.4322149,0.05,11.638548967244281,0.1,31.689093672326184,31.689093672326184,0.35900180861148256,4.476364987401645,31.689093672326184
13.2494287,0.05,7.908186227925439,0.09999999999999432,21.33160177126417,21.33160177126417,0.29407821898342035,3.0416100876636176,21.331601772777187
18.4750638,0.05,7.98522064336167,0.1,21.446604319679924,21.446604319679924,0.32014053263631,3.071238708985244,21.446604315945663
20.6746728,0.05,11.420655322006517,0.1,30.797450210705765,30.797450210705765,0.42687296490510807,4.392559739233286,30.797450210705765
33.4747372,0.05,18.443823821744505,0.1,49.9726287668929,49.9726287668929,0.6303328356504112,7.093778392978672,49.97262876544048
