Time,Probability,RiskPremium,T0,T1,T2,Z,Expected,CVaR
15.9787966,0.15,19.17107191788767,0.1,28.369639158827596,28.369639158827596,6.828945158161243,8.335248659951203,28.369639158827596
18.4544257,0.15,36.30173182988766,0.09999999999999076,48.8901614438596,48.8901614438596,13.897010208917665,15.78336166516849,48.89016144417562
12.2778582,0.15,17.055952099111604,0.1,24.08027900602038,24.08027900602038,6.307391219955648,7.415631347439823,24.08027900602038
39.2728919,0.15,17.290886265955027,0.1,24.446464539386476,24.446464539386476,6.387372048180288,7.517776637371773,24.446464539386476
11.256318,0.15,26.79076972381905,0.1,32.673663978359215,32.673663978359215,10.937508328558026,11.64816074948656,32.673663978359215
7.8321528,0.15,43.51870388870239,0.1,54.38505534067156,54.38505534067156,17.50475233754123,18.92117560378348,54.38505534067156
