Time,Probability,RiskPremium,T0,T1,T2,Z,Expected,CVaR
20.5324509,0.2,27.481674940221147,0.09999999999999432,27.716356456216467,27.716356456216467,11.164991397512033,10.178398126007881,27.716356459440142
22.9393837,0.2,54.33519327892003,0.09999999999999076,48.929936600558776,48.929936600558776,24.12902079002363,20.124145658859177,48.92993660182286
13.4876856,0.2,24.177163446217925,0.1,24.08027900602038,24.08027900602038,9.92863755705836,8.95450498008076,24.08027900602038
64.5935954,0.2,24.3923374085318,0.09999999999999432,24.149386374066513,24.149386374066513,10.067822801015021,9.034199040196897,24.14938637539663
14.4439185,0.2,38.74218329189014,0.1,32.66991659196361,32.66991659196361,17.980890580027875,14.348956774774065,32.669916595026194
27.4750355,0.2,64.55169311543047,0.1,53.934994018354494,53.934994018354494,30.134222796648938,23.908034487196627,53.93499400601061
