Time,Probability,RiskPremium,T0,T1,T2,Z,Expected,CVaR
36.1562298,0.25,38.58242146563951,0.1,48.83663262349357,48.83663262349357,20.8379510477546,14.289785728014579,48.83663262671722
22.1977384,0.25,77.92164047309959,0.1,63.6545343968845,94.62465796449398,42.485294518950475,28.85986684188865,94.62465796449398
34.7048717,0.25,31.58269348679414,0.1,36.10342864592115,36.10342864592115,17.444786126604004,11.69729388399784,36.10342864592115
21.9740002,0.25,31.499865241588648,0.1,34.85612085039774,34.85612085039774,17.514298076256132,11.666616756143895,34.856120848030024
20.6104089,0.25,55.62261374114451,0.1,38.121498083200855,59.38289531668632,31.14345296242771,20.60096805227574,59.38289531668632
19.5052097,0.25,96.67241803881788,0.1,63.62646810097078,99.76527856888347,54.471750835657,35.80459927363616,99.76527856888347
