Time,Probability,RiskPremium,T0,T1,T2,Z,Expected,CVaR
51.8656416,0.2,22.801720047123137,0.1,32.64828221403559,32.64828221403559,8.675210076896544,10.857961927201465,32.64828221403559
20.8554046,0.2,44.24547785056652,0.1,55.47649088780818,55.47649088780818,18.015120325499215,21.069275166936364,55.47649088780818
25.6349637,0.2,19.608113753649516,0.1,26.654077305571537,26.654077305571537,7.673384686103552,9.337197025547411,26.654077305538145
20.1925205,0.2,19.835954831893808,0.09999999999999432,26.984827203200464,26.984827203200464,7.759391890685789,9.445692777092244,26.984827204530582
9.1723158,0.2,31.5765479883084,0.1,37.483809065126785,37.483809065126785,13.172992918985992,15.03645142300399,37.483809065126785
6.16127,0.2,53.153493083234466,0.1,63.340848892382766,63.340848892382766,22.13785664425834,25.311187182492485,63.340848892382766
