Time,Probability,RiskPremium,T0,T1,T2,Z,Expected,CVaR
5.9854106,0.15,17.63880151307906,0.1,63.178093761888086,109.79111751075698,4.526948750703221,10.375765595928852,37.736637260398794
5.3126044,0.15,31.526883502265346,0.1,63.6545343968845,159.2186616820817,8.581779593802393,18.54522558956784,62.54400877851889
5.065094,0.15,14.497793294729714,0.1,36.7901540834119,61.68383187206888,3.9593331755689176,8.528113702782191,28.631577866568378
5.1490804,0.15,14.501676814406657,0.1,36.81050410629964,59.60930820403673,3.9722726029312776,8.530398126121549,28.520458979659754
4.9909263,0.15,23.10923983470523,0.1,38.121498083200855,91.54684087940345,6.699770925922255,13.59367049100308,41.75165466880207
4.8869795,0.15,38.9395602464477,0.1,63.62646810097078,169.06531726696798,11.015374601894191,22.905623674380998,73.09124337610605
