Time,Probability,RiskPremium,T0,T1,T2,Z,Expected,CVaR
85.2814779,0.25,25.641725149075583,0.1,26.72582137043723,26.72582137043723,9.465248008451333,11.655329613216074,26.725821371243146
23.4413041,0.25,53.280326436369734,0.0999999999999801,50.033626844529174,50.033626844529174,21.317407244166112,24.218330198349687,50.033626844529174
20.9944944,0.25,23.023382401635956,0.09999999999999609,24.080279006020376,24.080279006020376,8.473677026927506,10.465173818925381,24.080279004869027
16.9141281,0.25,23.186442979186833,0.1,24.229060967752698,24.229060967752698,8.540220105284684,10.539292263266635,24.229060965384985
15.2041886,0.25,37.85447390908946,0.09999999999999432,35.02804043343514,35.02804043343514,15.30145644343002,17.206579049586086,35.02804043649772
17.1805687,0.25,63.99435108110621,0.1,55.70858308785318,55.70858308785318,26.919937174398413,29.08834140050245,55.70858308785318
