Time,Probability,RiskPremium,T0,T1,T2,Z,Expected,CVaR
14.6198001,0.1,21.587838346778113,0.1,63.178093761888086,109.79111751075695,10.997718179660435,7.7099422667064745,36.51172127081854
23.9035503,0.1,35.79817778382633,0.1,63.6545343968845,159.2186616820817,18.307084810008984,12.785063494223687,59.84535829016043
17.5728039,0.1,18.191577531566743,0.1,36.7901540834119,61.683831872068886,9.42574826738602,6.496991975559554,29.185364861771397
19.828371,0.1,18.19773922717216,0.1,36.81050410629964,58.73116960119909,9.420597850093339,6.499192581132909,29.278680540592017
20.9329477,0.1,26.669698619679195,0.1,38.121498083200855,75.85949867597274,14.080774824985621,9.524892364171135,40.16520666939552
17.2655326,0.1,44.14599013701696,0.1,63.62646810097078,121.6785427124816,23.20851174892389,15.766425048934627,67.47695844051894
