Time,Probability,RiskPremium,T0,T1,T2,Z,Expected,CVaR
14.9243093,0.1,22.358832573448773,0.1,63.178093761888086,109.79111751075695,5.9005538442845955,7.7099422667064745,32.70518930229992
12.6832047,0.1,37.07668413324868,0.1,63.6545343968845,159.2186616820817,9.796214718490052,12.785063494223687,54.200508981466314
10.2755924,0.1,18.84127672912269,0.1,36.7901540834119,61.683831872068886,5.263697238392673,6.496991975559554,26.727242018903787
15.7175812,0.1,18.84765848528547,0.1,36.81050410629964,58.73116960119909,5.235319603646003,6.499192581132909,26.82246772543737
11.6155568,0.1,27.62218785609629,0.1,38.121498083200855,75.85949867597274,8.293861941434685,9.524892364171135,37.5347025084296
17.9670324,0.1,45.722632641910415,0.1,63.62646810097078,121.6785427124816,13.48661067627944,15.766425048934627,62.82241623949559
