Time,Probability,RiskPremium,T0,T1,T2,Z,Expected,CVaR
14.6549191,0.1,16.961872986754248,0.1,63.178093761888086,109.79111751075695,6.371752819636574,7.7099422667064745,36.51172127081854
23.8389039,0.1,28.127139687292136,0.1,63.6545343968845,159.2186616820817,10.636046713474776,12.785063494223687,59.84535829016043
17.3138397,0.1,14.293382346231022,0.1,36.7901540834119,61.683831872068886,5.527553082050286,6.496991975559554,29.185364861771397
19.1955004,0.1,14.29822367849242,0.1,36.81050410629964,58.73116960119909,5.521082301413593,6.499192581132909,29.278680540592017
21.4793266,0.1,20.954763201176497,0.1,38.121498083200855,75.85949867597274,8.365839406482923,9.524892364171135,40.16520666939552
17.4467703,0.1,34.68613510765616,0.1,63.62646810097078,121.6785427124816,13.748656719563101,15.766425048934627,67.47695844051894
