Time,Probability,RiskPremium,T0,T1,T2,Z,Expected,CVaR
4.8145749,0.1,0.0,2.0,0.0,0.0,-0.0,0.0,0.0
4.582797,0.1,0.0,2.0,0.0,0.0,-0.0,0.0,0.0
4.307673,0.1,0.0,2.0,0.0,0.0,-0.0,0.0,0.0
5.0377778,0.1,0.0,2.0,0.0,0.0,-0.0,0.0,0.0
4.5596004,0.1,0.0,2.0,0.0,0.0,-0.0,0.0,0.0
4.2797959,0.1,0.0,2.0,0.0,0.0,-0.0,0.0,0.0
