Time,Probability,RiskPremium,T0,T1,T2,Z,Expected,CVaR
24.885522,0.2,26.191639881238416,0.1,63.17809376188807,156.54192510569598,9.695914081642673,13.095819940619208,47.094878530384605
33.6261565,0.2,48.37666248837122,0.1,63.6545343968845,159.2186616820817,19.015710414486957,24.188331244185548,75.91453954117243
23.5406265,0.2,20.793405309284807,0.1,36.7901540834119,70.95489073513308,8.076095237475583,10.396702654642404,33.602776826310794
32.6181703,0.2,20.7977939213624,0.1,36.81050410629964,70.1419294082679,8.122037412828295,10.3988969606812,33.16749243921033
16.8060329,0.2,34.76908444366047,0.1,38.121498083200855,91.54684087940345,13.845503790089065,17.384542221830234,52.774926539242415
12.7368967,0.2,59.856012010570446,0.1,63.62646810097078,169.065317266968,23.548216408177705,29.92800600528522,93.7259019763601
