Time,Probability,RiskPremium,T0,T1,T2,Z,Expected,CVaR
11.8352083,0.05,9.997896913046745,0.1,63.178093761888086,109.79111751075692,1.817799438735767,4.544498596839426,22.722492984197146
11.0901626,0.05,15.268160129402169,0.1,63.6545343968845,119.67234110440711,2.776029114436759,6.940072786091891,34.700363930459446
13.9157512,0.05,8.69698047434281,0.1,36.7901540834119,61.68383187206887,1.5812691771532328,3.953172942883093,19.765864714415475
17.1524507,0.05,8.70155626804369,0.1,36.81050410629964,58.05967081709798,1.5821011396443079,3.9552528491107646,19.77626424555384
12.7277912,0.05,11.32503007840542,0.1,38.12149808320086,75.85949867597273,2.059096377891895,5.147740944729735,25.738704723648695
18.9989436,0.05,18.62365350448243,0.1,63.6264681009708,121.67854271248154,3.3861188189968114,8.465297047492005,42.32648523746003
