Time,Probability,RiskPremium,T0,T1,T2,Z,Expected,CVaR
18.7574722,0.1,18.30105967176986,0.09999999999999609,25.918309735359834,25.918309735359834,6.255319492460222,6.1003532239233165,25.9183097418777
40.6313408,0.1,33.29765447266663,0.09999999999999076,48.61533742282358,48.61533742282358,10.943600535435845,11.099218157555535,48.6153374231396
12.7419825,0.1,16.242270367054363,0.09999999999999609,22.05895710271173,22.05895710271173,5.834720150481331,5.414090122351482,22.05895710308998
12.6279933,0.1,16.616221373520943,0.09999999999999609,23.038038710080095,23.038038710080095,5.82769143854335,5.538740457840286,23.038038714964756
28.2287867,0.1,24.777214663069792,0.1,31.840092026624795,31.840092026624795,9.443836968132288,8.2590715543566,31.84009202295964
9.7638065,0.1,39.93587377854403,0.09999999999998721,51.250689116928406,51.250689116928406,15.242296496881435,13.311957926181414,51.250689111118724
