Time,Probability,RiskPremium,T0,T1,T2,Z,Expected,CVaR
44.3277626,0.25,31.30486480980164,0.09999999999999787,31.948596844451263,31.948596844451263,13.926256155546863,12.521945923920736,31.948596845257175
17.9202231,0.25,63.20934911987818,0.1,56.29084035375601,56.29084035375601,30.173834295475714,25.283739647951407,56.29084035375601
26.8036469,0.25,27.156262706263806,0.09999999999999609,26.4280740501835,26.4280740501835,12.402365382094011,10.862505082505539,26.42807404916264
23.3541518,0.25,27.34246439821576,0.1,26.60227629377116,26.60227629377116,12.489156005900128,10.936985759286324,26.602276291403435
19.5119067,0.25,49.560498111641735,0.1,38.12149808320086,50.906926778961875,21.965616983408662,19.824199244656786,50.906926778961875
14.3546143,0.25,88.02124132705947,0.1,63.62646810097078,93.15063864033213,38.327209268858596,35.20849653082364,93.15063864033213
