Time,Probability,RiskPremium,T0,T1,T2,Z,Expected,CVaR
22.7416237,0.25,41.757556500559694,0.1,63.17809376188807,156.54192510569595,17.198128841888256,15.46576166687393,45.77798163953224
24.5704297,0.25,79.75973341856117,0.1,63.6545343968845,159.2186616820817,36.08772824760316,29.540642006874442,76.6451858871527
21.145488,0.25,32.77554157575918,0.1,36.7901540834119,70.95489073513308,14.543269994052213,12.139089472503418,32.44969650318193
23.5257645,0.25,32.78170004384159,0.1,36.81050410629964,70.14192940826788,14.610911444340822,12.14137038660799,32.23943109625061
22.2176244,0.25,56.8051462854606,0.1,38.121498083200855,91.54684087940345,25.82114291633777,21.038943068689104,54.18914407013498
20.1126351,0.25,99.4150726279459,0.1,63.62646810097078,169.065317266968,45.33013580920286,36.820397269609536,94.36886243338787
