Time,Probability,RiskPremium,T0,T1,T2,Z,Expected,CVaR
21.6533407,0.25,32.508940587204606,0.1,28.804611337847494,28.804611337847494,14.601100180169267,12.040348365631402,28.804611341071148
13.1451167,0.25,66.95893055836568,0.1,53.18742811667783,53.18742811667783,32.22358817569951,24.799603910505798,53.18742811667783
26.2516561,0.25,28.791273954852862,0.1,25.15589558165638,25.15589558165638,13.055477882915193,10.663434798093641,25.15589558050503
21.4583325,0.25,29.02709730968045,0.09999999999999432,25.39204146094962,25.39204146094962,13.151877891290802,10.75077678136303,25.392041458581907
21.2895162,0.25,47.81204590167354,0.1,37.809538159054966,37.809538159054966,23.068400199305117,17.708165148767826,37.809538159054966
22.5130779,0.25,81.95028823134955,0.1,62.5103598252622,62.5103598252622,40.342889201935726,30.35195860420338,62.51035981909025
