Time,Probability,RiskPremium,T0,T1,T2,Z,Expected,CVaR
51.0182239,0.25,23.791697255279807,0.1,31.948596844451263,31.948596844451263,8.355753693355336,12.52194592383148,31.948596844451263
24.0238476,0.25,48.039105331107635,0.1,56.29084035375601,56.29084035375601,18.104300577285624,25.283739647951407,56.29084035375601
24.5772145,0.25,20.60308164329544,0.09999999999999609,26.2940678843623,26.294067884362303,7.441803357066998,10.843727180681746,26.29406788432632
23.3882161,0.25,20.780272942643986,0.1,26.60227629377116,26.60227629377116,7.493493603540158,10.936985759286324,26.602276291403435
17.4565617,0.25,37.66597856484783,0.1,38.12149808320086,50.906926778961875,13.179370190045303,19.824199244656786,50.906926778961875
10.5728043,0.25,66.89614340856505,0.1,63.62646810097078,93.15063864033213,22.996325561315146,35.20849653082364,93.15063864033213
