Time,Probability,RiskPremium,T0,T1,T2,Z,Expected,CVaR
5.7678774,0.25,17.336512800853516,0.1,21.18550550605402,21.18550550605402,3.842297054568204,10.197948706384416,21.18550550605402
17.2796639,0.25,40.031535723599944,0.1,47.19397157071585,47.19397157071585,9.389770719043234,23.54796219035307,47.193971571031874
25.0825697,0.25,13.900190245085247,0.1,15.000892156447932,15.000892156447932,3.6763148502609235,8.176582497108987,15.000892156160095
14.2036643,0.25,13.916620452181165,0.1,15.068747745783112,15.068747745783112,3.665623001077413,8.186247324812445,15.068747745783112
11.0181286,0.25,26.860783157522885,0.1,28.938997082480128,28.938997082480128,7.118761555233118,15.80046068089559,28.93899708554271
27.3929724,0.25,46.73126866377706,0.1,48.45647920145555,48.45647920145555,12.952037808342565,27.488981566927954,48.456479195283606
