Time,Probability,RiskPremium,T0,T1,T2,Z,Expected,CVaR
61.4510897,0.15,11.770305967204903,0.1,18.849373428528462,18.849373428528462,2.153668457065636,6.539058870669457,18.849373428548624
27.187358,0.15,27.842882389992862,0.1,47.199209642621,47.1992096438851,4.441878982875225,15.468267994440462,47.19920964514918
22.863236,0.15,10.48811449849973,0.1,15.456939147504771,15.456939147504771,2.2538320041240727,5.826730276944243,15.45693914666979
38.9285781,0.15,10.468469220989451,0.1,15.32532005864926,15.32532005864926,2.275277030914842,5.815816233882989,15.32532005864926
29.9975769,0.15,19.835069013615097,0.1,28.922347172293257,28.92234717229325,4.339870131535605,11.019482785341689,28.922347172293268
48.3303082,0.15,32.39772310007466,0.09999999957849776,48.574060152164364,48.574060152164364,6.755156770441228,17.998735055596917,48.57406015174301
