Time,Probability,RiskPremium,T0,T1,T2,Z,Expected,CVaR
51.260683,0.15,19.09484792888817,0.1,24.089968701534403,24.089968701534403,5.698698421840177,7.637939171555232,24.089968701534413
74.5474589,0.15,39.060498603850256,0.1,47.943961506999926,47.943961506999926,12.124382439397134,15.624199441540103,47.94396150700555
32.7274598,0.15,16.6734342738802,0.1,19.357116803012328,19.357116803012328,5.563350481087495,6.669373709552101,19.35711680452533
24.6565562,0.15,16.85725564833238,0.1,19.606169444177628,19.606169444177628,5.612209874303691,6.7429022593329595,19.606169444177628
8.2819306,0.15,27.868967507599123,0.1,29.52766853165092,29.52766853165092,10.288351968473549,11.147587003039684,29.527668534713502
31.7461542,0.15,45.15122081513956,0.1,48.867616582889546,48.867616582889546,16.308237598964368,18.060488326055914,48.86761658353932
