Time,Probability,RiskPremium,T0,T1,T2,Z,Expected,CVaR
53.5844062,0.15,16.523246713982065,0.09999999999999609,20.361731943017617,20.361731943017617,4.2477422576190405,6.884686130825842,20.361731944668815
63.8188306,0.15,37.198432890640895,0.1,47.334074301629954,47.334074301629954,8.965194947328811,15.49934703776696,47.334074301629954
33.3623139,0.15,14.656546570771955,0.1,16.673278667984572,16.673278667984572,4.32309846088514,6.10689440448834,16.673278667984572
46.687598,0.15,14.762518260649786,0.1,16.783425240458783,16.783425240458783,4.35851859930378,6.151049275270737,16.783425240458776
47.9950841,0.15,26.555368461760057,0.1,29.119097673115494,29.119097673115494,8.268887277073935,11.064736859066654,29.119097673115494
26.1983368,0.15,43.22711797108767,0.1,48.62972940789265,48.62972940789265,12.968446717627508,18.0112991546198,48.629729401720674
