Time,Probability,RiskPremium,T0,T1,T2,Z,Expected,CVaR
24.6091527,0.25,24.16719331173218,0.1,29.0622575457471,29.0622575457471,8.687864477889825,12.083596655866089,29.0622575457471
25.998104,0.25,49.772773319826854,0.1,53.70344867446606,53.70344867446606,19.122974257002674,24.886386659913413,53.70344867446606
24.9741555,0.25,21.41136871089489,0.09999999999999432,25.405964924541784,25.405964924541784,7.765628241858934,10.705684355447445,25.405964923390435
80.3673138,0.25,21.501553563517692,0.1,25.392041461541552,25.392041461541552,7.822523845920642,10.750776781758846,25.392041460949624
10.3106774,0.25,35.47516116075592,0.1,37.98344745853257,37.98344745853257,13.688407204746962,17.73758058037796,37.98344745853257
8.3048916,0.25,60.81354444286824,0.1,62.835361238828604,62.835361238828604,23.921054417955283,30.4067722214341,62.835361238828604
