Time,Probability,RiskPremium,T0,T1,T2,Z,Expected,CVaR
34.3331472,0.25,34.02467566712265,0.1,63.17809376188807,156.54192510569595,13.1481576032867,15.46576166687393,51.53747097995397
32.0534521,0.25,64.98941241512381,0.1,63.6545343968845,159.2186616820817,27.182241434305574,29.540642006874442,84.65083516649952
25.6680268,0.25,26.70599683950753,0.1,36.7901540834119,70.95489073513308,11.149174066931149,12.139089472503418,34.92397813965663
24.1031711,0.25,26.711014850537577,0.1,36.81050410629964,70.14192940826788,11.198033565249267,12.14137038660799,34.61877637781018
22.135846,0.25,46.285674751116105,0.1,38.121498083200855,91.54684087940345,19.554501224214448,21.038943068689104,58.9871461234396
23.6965655,0.25,81.0048739931411,0.1,63.62646810097078,169.065317266968,34.12508589078941,36.820397269609536,103.88300282122408
