Time,Probability,RiskPremium,T0,T1,T2,Z,Expected,CVaR
48.1688888,0.15,16.04062493603188,0.1,20.776237040110047,20.776237040110047,4.2357218813756425,6.974184754796473,20.776237040110047
36.2442562,0.15,35.6755482990863,0.1,47.388124521363885,47.388124521363885,9.007484544685694,15.51110795612441,47.38812452262796
34.2687185,0.15,14.651915416437125,0.1,17.87810830955098,17.87810830955098,4.253818802919445,6.370398007146568,17.87810831106399
12.8724201,0.15,14.811731830860259,0.1,18.103821256680614,18.103821256680614,4.289470175872997,6.439883404721827,18.103821262622976
44.5139348,0.15,25.499290981877113,0.1,29.220272579126682,29.22027257912667,8.065874214739285,11.086648252990045,29.220272579126682
17.778371,0.15,41.47042871696923,0.1,48.71858948064553,48.71858948064553,12.699018633064474,18.03062118129101,48.718589474473546
