Time,Probability,RiskPremium,T0,T1,T2,Z,Expected,CVaR
13.0313297,0.05,8.18009747431097,0.1,63.178093761888086,109.79111751075692,0.9088997193678853,4.544498596839426,22.722492984197146
11.7108177,0.05,12.492131014965414,0.1,63.6545343968845,119.67234110440711,1.3880145572183882,6.940072786091891,34.700363930459446
10.5193168,0.05,7.1157112971895735,0.1,36.7901540834119,61.68383187206887,0.7906345885766201,3.953172942883093,19.765864714415475
12.2779555,0.05,7.119455128399386,0.1,36.81050410629964,58.05967081709798,0.7910505698221576,3.9552528491107646,19.77626424555384
10.5781489,0.05,9.265933700513527,0.1,38.12149808320086,75.85949867597273,1.0295481889459521,5.147740944729735,25.738704723648695
11.2392695,0.05,15.237534685485615,0.1,63.6264681009708,121.67854271248154,1.6930594094984046,8.465297047492005,42.32648523746003
