Time,Probability,RiskPremium,T0,T1,T2,Z,Expected,CVaR
31.019255,0.25,22.362421553881486,0.09999999999999787,24.62849670572856,24.62849670572856,6.474660701730952,11.181210776940743,24.628496706111815
69.5943454,0.25,47.54201505083838,0.1,48.00550962322977,48.00550962322973,15.28893179118549,23.771007525419172,48.00550962322978
33.0040303,0.25,18.522299092086122,0.09999999999999609,18.857653469645967,18.857653469645967,5.902373172882789,9.26114954604306,18.85765346935813
16.7795143,0.25,18.774104254803706,0.1,19.342528284414534,19.342528284414534,5.902635472447407,9.387052127401853,19.342528284414534
48.3155848,0.25,31.98358512740184,0.1,29.6335089906022,29.633508990602188,11.21719181428561,15.99179256370092,29.63350899060222
34.7218316,0.25,55.15168777072256,0.1,48.76883528482769,48.76883528637067,20.158296895547956,27.575843885361277,48.76883528482768
