Time,Probability,RiskPremium,T0,T1,T2,Z,Expected,CVaR
15.7643281,0.1,12.200706447846633,0.09999999999999609,25.918309735359834,25.918309735359834,3.1276597462301527,6.1003532239233165,25.9183097418777
35.5696633,0.1,22.198436315037736,0.09999999999999076,48.61533742282357,48.61533742282357,5.471800267717189,11.09921815751886,48.615337422863604
16.999014,0.1,10.828180244700949,0.09999999999999609,22.05895710271173,22.05895710271173,2.9173600752395688,5.414090122350473,22.05895710308998
14.249232,0.1,11.077480915680578,0.09999999999999609,23.038038710080095,23.038038710080095,2.9138457192716074,5.538740457840286,23.038038714964756
10.6549765,0.1,16.547026452106515,0.09999999999999076,31.951181806157447,31.951181806157447,4.721862939175115,8.273513226053257,31.951181805241156
8.8416527,0.1,26.623915852362828,0.09999999999998721,51.250689116928406,51.250689116928406,7.621148248440798,13.311957926181414,51.250689111118724
