Time,Probability,RiskPremium,T0,T1,T2,Z,Expected,CVaR
12.3351577,0.05,-9.559535859201181e-12,2.0,-3.1845320252129264e-9,-3.1845320252129264e-9,-6.3006031799280515e-12,-4.3452435723641734e-12,0.0
11.4449174,0.05,5.741965954560631e-12,2.0,3.91497678720043e-9,3.91497678720043e-9,3.784477560960416e-12,2.6099845248002867e-12,0.0
9.6719907,0.05,-2.2190893863201687e-12,0.1,0.0,0.0,-1.4625816409837476e-12,-1.0086769937818947e-12,0.0
22.1949036,0.05,0.0,2.0,0.0,0.0,-0.0,0.0,0.0
20.5292991,0.05,5.3755741191707785e-12,2.0,3.6651641721618944e-9,3.6651641721618944e-9,3.5429920330898312e-12,2.443442781441263e-12,0.0
30.0914432,0.05,0.0,2.0,5.809681624668883e-9,5.809681624668883e-9,-0.0,0.0,0.0
