Time,Probability,RiskPremium,T0,T1,T2,Z,Expected,CVaR
53.7417351,0.25,35.061448586680015,0.1,31.948596841227616,31.948596841227616,16.711507386674615,12.521945923814284,31.948596844451263
20.0822506,0.25,70.79447101426372,0.1,56.29084035375601,56.29084035375601,36.20860115457077,25.283739647951407,56.29084035375601
26.322623,0.25,30.362436105923386,0.09999999999999609,26.2940678843623,26.294067884362303,14.883606714133846,10.84372718068693,26.2940678843623
18.4460997,0.25,30.62356012600176,0.1,26.60227629377116,26.60227629377116,14.986987207080336,10.936985759286324,26.602276291403435
15.8571272,0.25,55.507757885038664,0.1,38.12149808320086,50.906926778961875,26.358740380090385,19.824199244656786,50.906926778961875
16.2468122,0.25,98.58379028630618,0.1,63.62646810097078,93.15063864033213,45.99265112262974,35.20849653082364,93.15063864033213
