Time,Probability,RiskPremium,T0,T1,T2,Z,Expected,CVaR
14.7305963,0.1,20.81684412010748,0.1,63.178093761888086,109.79111751075695,10.2267239529898,7.7099422667064745,36.51172127081854
24.015336,0.1,34.51967143440395,0.1,63.6545343968845,159.2186616820817,17.028578460586605,12.785063494223687,59.84535829016043
17.5798106,0.1,17.541878334010793,0.1,36.7901540834119,61.683831872068886,8.77604906983007,6.496991975559554,29.185364861771397
20.2265322,0.1,17.547819969058878,0.1,36.81050410629964,58.73116960119909,8.770678591980056,6.499192581132909,29.278680540592017
20.9095868,0.1,25.717209383262055,0.1,38.121498083200855,75.85949867597274,13.128285588568483,9.524892364171135,40.16520666939552
17.1316635,0.1,42.56934763212347,0.1,63.62646810097078,121.6785427124816,21.631869244030405,15.766425048934627,67.47695844051894
