Time,Probability,RiskPremium,T0,T1,T2,Z,Expected,CVaR
39.6157095,0.1,12.713542482843698,0.1,20.725580377551324,20.725580377551324,2.787751808171494,5.297309367851519,20.725580390587055
11.5578195,0.1,21.398901708115183,0.09999999999999076,35.02232176571674,35.02232176571674,4.650858846771737,8.916209045048069,35.02232176603276
13.8285895,0.1,11.90863762215164,0.09999999999999609,19.112903808400866,19.112903808400866,2.701413839383165,4.961932342563182,19.112903809914034
11.8178103,0.1,11.980750480286826,0.09999999999999609,19.371589304789588,19.371589304789588,2.674888130634221,4.991979366786176,19.37158930967425
19.3450726,0.1,18.983935667199265,0.09999999999999076,29.47850780127138,29.47850780127138,4.603402090551397,7.909973194666359,29.478507801271363
31.3713311,0.1,31.103097978174567,0.1,48.79440333657476,48.79440333657476,7.393040068644217,12.959624157572737,48.794403330765086
