Time,Probability,RiskPremium,T0,T1,T2,Z,Expected,CVaR
13.7771095,0.1,0.0,2.0,0.0,0.0,-0.0,0.0,0.0
11.04559,0.1,0.0,2.0,0.0,0.0,-0.0,0.0,0.0
12.8297696,0.1,0.0,2.0,0.0,0.0,-0.0,0.0,0.0
11.9577585,0.1,0.0,2.0,0.0,0.0,-0.0,0.0,0.0
9.8818668,0.1,0.0,2.0,0.0,0.0,-0.0,0.0,0.0
12.8269141,0.1,0.0,2.0,0.0,0.0,-0.0,0.0,0.0
