Time,Probability,RiskPremium,T0,T1,T2,Z,Expected,CVaR
18.101514,0.2,20.95331190499075,0.1,63.17809376188807,156.54192510569598,4.9530673956830364,13.095819940619208,42.140065627504306
28.5698729,0.2,38.70132999069692,0.1,63.6545343968845,159.2186616820817,10.010762128640645,24.188331244185548,69.21069742289262
30.6117867,0.2,16.63472424742787,0.1,36.7901540834119,70.95489073513308,4.175098408760896,10.396702654642404,31.02593449488825
23.6457828,0.2,16.638235137089925,0.1,36.81050410629964,70.1419294082679,4.2049598876222225,10.3988969606812,30.742679848546288
17.7781752,0.2,27.815267554928358,0.1,38.121498083200855,91.54684087940345,7.398778060058818,17.384542221830234,47.70401495222346
22.6657976,0.2,47.88480960845637,0.1,63.62646810097078,169.065317266968,12.578053129092474,29.92800600528522,83.71551074607174
