Time,Probability,RiskPremium,T0,T1,T2,Z,Expected,CVaR
11.6474462,0.05,-1.2166682002619683e-11,2.0,0.0,-3.1845320252129264e-9,-9.559561122942897e-12,-4.3452435723641734e-12,6.315935428978667e-17
10.9362809,0.05,7.307969932905204e-12,2.0,3.91497678720043e-9,3.91497678720043e-9,5.741951112112374e-12,2.6099892617518586e-12,6.315935428978667e-17
12.5197959,0.05,1.4121497808143125e-11,0.1,0.0,0.0,-2.353595599894713e-12,5.043392074336831e-12,3.362264540858935e-11
11.6249385,0.05,6.9706269793338525e-12,2.0,3.7342573477872065e-9,3.7342573477872065e-9,5.4769085661771695e-12,2.4895096354763763e-12,3.1579677144893335e-17
10.4442201,0.05,6.841586734177932e-12,2.0,3.6651641721618944e-9,3.6651641721618944e-9,5.375519802126089e-12,2.4434238336349755e-12,3.1579677144893335e-17
13.7695114,0.05,3.9790393202565604e-17,2.0,5.809681624668883e-9,5.809681624668883e-9,-3.189547391634227e-17,1.4210854715202004e-17,1.578983857244667e-16
