Time,Probability,RiskPremium,T0,T1,T2,Z,Expected,CVaR
43.7494508,0.1,11.264578716710677,0.1,17.716216784303597,17.716216784303597,1.361947323811598,4.693574465296077,17.716216784303597
23.0387518,0.1,18.711623044007503,0.1,29.388744986027255,29.388744986027255,2.2782192885947152,7.796509601669684,29.388744986027355
24.5836695,0.1,10.287027377211347,0.1,15.779983475760345,15.779983475760345,1.4032771426043915,4.286261407171394,15.779983475760343
33.6602567,0.1,10.098171024182903,0.1,15.488082330256178,15.488082330256178,1.3783953360343055,4.207571260076193,15.488082330257217
44.3074894,0.1,18.73277049638721,0.1,28.95201666011991,28.952016656454692,2.468771211174613,7.805321040161321,28.952016652789528
38.7421621,0.1,30.99884513040994,0.1,48.57410577515166,48.57410577515166,3.8194915377502396,12.916185471004075,48.574105775143046
