Time,Probability,RiskPremium,T0,T1,T2,Z,Expected,CVaR
23.4948689,0.25,46.397285000621814,0.1,63.17809376188807,156.54192510569595,23.353468340583298,15.46576166687393,45.77798163953224
21.3765885,0.25,88.62192602062345,0.1,63.6545343968845,159.2186616820817,47.305148043679395,29.540642006874442,76.6451858871527
22.0179329,0.25,36.41726841751025,0.1,36.7901540834119,70.95489073513308,19.20052718733722,12.139089472503418,32.44969650318193
22.9073575,0.25,36.424111159823994,0.1,36.81050410629964,70.14192940826788,19.25822559580539,12.14137038660799,32.23943109625061
21.2812782,0.25,63.11682920606738,0.1,38.121498083200855,91.54684087940345,33.790335887016795,21.038943068689104,54.18914407013498
25.8143496,0.25,110.46119180882881,0.1,63.62646810097078,169.065317266968,59.25367824827473,36.820397269609536,94.36886243338787
