Time,Probability,RiskPremium,T0,T1,T2,Z,Expected,CVaR
20.0906937,0.15,21.209221352705743,0.1,29.563104505392428,29.563104505392428,8.509649617457844,8.483688541082332,29.56310451191032
16.0677405,0.15,40.13364784353466,0.09999999999999076,51.077567540046594,51.077567540046594,17.07536702534138,16.053459137413945,51.07756754131068
13.0021033,0.15,18.809845742333504,0.1,24.94821331689681,24.94821331689681,7.8010524414074265,7.5239382969334025,24.94821331689681
14.7500036,0.15,19.1942389416195,0.09999999999999609,25.728995378588067,25.728995378588067,7.906283403395184,7.677695576647791,25.72899538453043
11.5451945,0.15,29.606406450031265,0.1,34.25165082640286,34.25165082640286,13.282026220128245,11.842562580012421,34.25165082946544
13.3102987,0.15,48.48937023753082,0.1,58.151886508202665,58.151886508202665,21.34239446111473,19.39574809501241,58.15188650203069
