Time,Probability,RiskPremium,T0,T1,T2,Z,Expected,CVaR
16.4282362,0.05,6.186437033131056,0.1,21.930607855512942,21.930607855512942,0.26761011475741475,3.093218516565527,21.93060786195294
20.9794591,0.05,9.182828602969796,0.1,32.55512554234512,32.55512554234512,0.396857615943105,4.591414301484896,32.55512553843014
12.3653281,0.05,6.195720897672076,0.09999999999999432,21.754632476143446,21.754632476143446,0.2993446445129938,3.097860448836038,21.75463247765646
12.3851379,0.05,6.246892068537734,0.1,21.84028881260101,21.84028881260101,0.31591961807917923,3.1234460342688664,21.840288808866756
12.8506169,0.05,8.880258563756195,0.1,31.15642946839782,31.15642946839782,0.43268425444624903,4.4401292818780975,31.156429464757093
5.9909256,0.05,14.312440925938823,0.09999999999998721,50.44645516531204,50.44645516531204,0.6626852584894722,7.1562204629694115,50.44645515950236
