Time,Probability,RiskPremium,T0,T1,T2,Z,Expected,CVaR
15.1034289,0.1,8.594920948535801,0.1,15.111363144232564,15.111363144232564,0.6456111735075722,4.092819499302765,15.111363144232564
59.6690156,0.1,16.18578173548061,0.1,29.00486175358619,29.00486175358619,1.0241952987279501,7.707515112133602,29.00486175390221
32.478333,0.1,8.548664438407938,0.1,14.841586243035968,14.841586243035968,0.7080940694990756,4.070792589718103,14.841586244548976
25.6680806,0.1,8.420196073643023,0.1,14.632289853277678,14.632289853277678,0.6926434589170187,4.009617177925252,14.63228985449884
22.7204291,0.1,16.32582820387076,0.1,28.81707281948307,28.81707281948307,1.1866201790412116,7.7742039066050665,28.817072815817905
15.8865846,0.1,27.070559658636256,0.09999999999999998,48.46548656125966,48.46548656125966,1.7286566107127506,12.890742694588608,48.46548656125966
