Time,Probability,RiskPremium,T0,T1,T2,Z,Expected,CVaR
22.8692874,0.1,14.731776311423632,0.1,20.524659615826902,20.524659615826902,3.3651032555020923,5.261348682651308,20.524659615826902
15.1386782,0.1,24.94722235658992,0.09999999999999076,34.98580799466419,34.98580799466419,5.607065796471439,8.909722270210658,34.98580799498021
14.7116347,0.1,13.784536383096459,0.09999999999999609,18.89552399111593,18.89552399111593,3.27249756109562,4.923048708248742,18.895523992628938
22.8035358,0.1,13.794129867794414,0.09999999999999609,19.002356997125453,19.002356997125453,3.2373020953201332,4.926474952783695,19.002357002010115
35.7008356,0.1,22.099493921443404,0.09999999999999076,29.38156152124402,29.38156152124401,5.61126347263648,7.892676400515494,29.38156152124401
40.0637701,0.1,36.298130636293656,0.09999999999998721,48.817209173580906,48.817209173580906,8.993076118550649,12.963618084390605,48.817209167771225
