Time,Probability,RiskPremium,T0,T1,T2,Z,Expected,CVaR
88.0570287,0.25,24.248397986176883,0.09999999999999432,26.19361838730516,26.19361838730516,8.30751314029268,11.546856183893638,26.19361839052881
21.4498824,0.25,50.3586010449831,0.09999999999998366,48.86605422741327,48.86605422741327,18.912584428052185,23.98028621189675,48.866054228677356
22.7333201,0.25,21.587175686025407,0.09999999999999609,23.181693318786085,23.181693318786085,7.436942461800842,10.279607469535966,23.181693318498247
16.83449,0.25,21.85469486324028,0.09999999999999787,23.594751441366586,23.594751441366586,7.491371143083615,10.40699755392401,23.594751441366586
18.9340782,0.25,35.158403910336816,0.09999999999999076,32.79478265316882,32.79478265316882,13.600501144044177,16.742097100160457,32.79478265393446
16.5201348,0.25,59.570005636698674,0.1,52.212736585343634,52.212736585343634,24.049516115529396,28.366669350809207,52.212736585343634
