Time,Probability,RiskPremium,T0,T1,T2,Z,Expected,CVaR
32.8812921,0.25,38.664404167184834,0.1,63.17809376188807,156.54192510569595,17.78788610334888,15.46576166687393,51.53747097995397
32.1737331,0.25,73.8516050171862,0.1,63.6545343968845,159.2186616820817,36.04443403636795,29.540642006874442,84.65083516649952
25.661579,0.25,30.34772368125852,0.1,36.7901540834119,70.95489073513308,14.790900908682136,12.139089472503418,34.92397813965663
24.7493846,0.25,30.353425966519957,0.1,36.81050410629964,70.14192940826788,14.840444681231649,12.14137038660799,34.61877637781018
22.3747872,0.25,52.59735767172279,0.1,38.121498083200855,91.54684087940345,25.866184144821133,21.038943068689104,58.9871461234396
21.1991783,0.25,92.05099317402387,0.1,63.62646810097078,169.065317266968,45.171205071672176,36.820397269609536,103.88300282122408
