Time,Probability,RiskPremium,T0,T1,T2,Z,Expected,CVaR
6.8143741,0.05,-7.386914073019094e-12,2.0,0.0,-3.1845320252129264e-9,-4.562527856756383e-12,-4.3452435723641734e-12,6.315935428978667e-17
5.7115589,0.05,4.436981744978159e-12,2.0,3.91497678720043e-9,3.91497678720043e-9,2.740466619065449e-12,2.6099892617518586e-12,6.315935428978667e-17
5.2982368,0.05,-1.714738810202713e-12,0.1,0.0,0.0,-1.0591310149897657e-12,-1.0086698883545369e-12,7.894919286223334e-17
5.6546028,0.05,4.232166380309839e-12,2.0,3.7342573477872065e-9,3.7342573477872065e-9,2.613974064363194e-12,2.4895096354763763e-12,3.1579677144893335e-17
5.180888,0.05,4.153820517179458e-12,2.0,3.6651641721618944e-9,3.6651641721618944e-9,2.565583972429723e-12,2.4434238336349755e-12,3.1579677144893335e-17
5.1003091,0.05,2.4158453015843405e-17,2.0,5.809681624668883e-9,5.809681624668883e-9,-4.034303755260124e-17,1.4210854715202004e-17,1.578983857244667e-16
