Time,Probability,RiskPremium,T0,T1,T2,Z,Expected,CVaR
47.6341653,0.1,9.91207753172134,0.1,16.880837793393265,16.880837793393248,1.0752159423887582,4.505489787146035,16.880837793393287
24.754911,0.1,17.12926145743339,0.1,29.341947432135058,29.341947432135058,1.798661698750308,7.786027935197011,29.3419474308714
10.6345827,0.1,9.298031319605354,0.09999999999999609,15.511875477441025,15.511875477441025,1.1217292848153289,4.226377872547884,15.511875478954034
50.0494958,0.1,9.104081058275321,0.1,15.179464381863182,15.179464381863182,1.1014263920595315,4.138218662852378,15.179464386747838
14.6486769,0.1,17.158147629415026,0.1,28.924542091575198,28.924542091575198,1.9651051899556748,7.799158013370446,28.924542087910034
65.5932523,0.1,28.415779139818547,0.1,48.57445713982847,48.57445713982847,3.0191480334201746,12.916263245372111,48.574457134018786
