Time,Probability,RiskPremium,T0,T1,T2,Z,Expected,CVaR
14.6440713,0.1,15.419884533412949,0.1,63.178093761888086,109.79111751075695,4.82976436629527,7.7099422667064745,36.51172127081854
23.9190944,0.1,25.570126988447374,0.1,63.6545343968845,159.2186616820817,8.079034014630011,12.785063494223687,59.84535829016043
17.5480491,0.1,12.993983951119109,0.1,36.7901540834119,61.683831872068886,4.228154686938373,6.496991975559554,29.185364861771397
20.2981121,0.1,12.998385162265834,0.1,36.81050410629964,58.73116960119909,4.221243785187006,6.499192581132909,29.278680540592017
20.8454515,0.1,19.04978472834227,0.1,38.121498083200855,75.85949867597274,6.460860933648696,9.524892364171135,40.16520666939552
17.1063117,0.1,31.532850097869254,0.1,63.62646810097078,121.6785427124816,10.595371709776204,15.766425048934627,67.47695844051894
