Time,Probability,RiskPremium,T0,T1,T2,Z,Expected,CVaR
39.9962509,0.15,13.93522785085058,0.09999999999999609,18.012853122917427,18.012853122917427,2.9295699124808445,6.3341944776593495,18.01285312943532
46.6715904,0.15,27.9871784759803,0.1,35.76595215611197,35.76595215611197,6.047930756450106,12.721444761809119,35.76595215611197
46.6106733,0.15,12.520571815420192,0.09999999999999609,14.896274182648105,14.896274182648105,3.1473607375502057,5.691169007009176,14.896274184161106
63.0256101,0.15,12.561596079737374,0.1,14.887640922219308,14.887640922219308,3.1806498703270694,5.709816399880565,14.887640923704899
82.5138789,0.15,24.192603682049473,0.1,28.82815939608466,28.82815939608466,6.0633571000135005,10.996638037295286,28.828159399147243
64.088655,0.15,39.558557849218296,0.1,48.50248079271458,48.50248079271458,9.36886793935992,17.981162658735627,48.502480786542606
