Time,Probability,RiskPremium,T0,T1,T2,Z,Expected,CVaR
66.0864136,0.25,23.349795504789014,0.1000000001610637,26.823933420426535,26.82393342042596,7.887638834822491,11.674897752394507,26.82393342268263
23.1761039,0.25,48.4366603966994,0.09999999999998366,50.03362684452917,50.03362684452917,17.764506036804885,24.218330198349687,50.03362684452917
61.2070671,0.25,20.911119596445744,0.1,24.032048134074195,24.032048132922853,7.061437714835709,10.455559798222872,24.032048131771514
14.8214677,0.25,21.076134420241434,0.09999999999999609,24.222915214864916,24.222915215456844,7.116855209162595,10.538067210120717,24.222915213953343
8.1955084,0.25,34.40638697065506,0.09999999999999076,35.01068615287882,35.01068615287882,12.75132031767404,17.203193485327528,35.0106861559414
7.7880985,0.25,58.176682801004965,0.09999999999999432,55.708583087853185,55.708583087853185,22.433280978664783,29.08834140050245,55.708583087853185
