Time,Probability,RiskPremium,T0,T1,T2,Z,Expected,CVaR
34.4607437,0.2,19.043757336462136,0.09999999999999609,26.823933422843695,26.823933422843695,5.66054651006392,10.023030177085317,26.823933423649613
15.4726502,0.2,38.20934800647901,0.09999999999998721,48.846436210768516,48.846436210768516,12.35191423502861,20.11018316130478,48.8464362120326
14.3572356,0.2,16.5833011722481,0.1,22.78838962083905,22.78838962083905,5.043180649238979,8.728053248551662,22.78838962083905
18.7815257,0.2,16.794200829074057,0.1,23.03803870475962,23.03803870475962,5.115350632711074,8.839053067933742,23.038038710080095
17.2655657,0.2,27.16131419728709,0.1,32.37170456960422,32.37170456960422,9.250630463455884,14.295428524887804,32.37170456960422
33.2090036,0.2,44.830078056781396,0.1,52.14610207221511,52.14610207221511,15.525035303875548,23.594777924621752,52.14610206604316
