Time,Probability,RiskPremium,T0,T1,T2,Z,Expected,CVaR
16.3373073,0.15,30.089720228193656,0.1,63.178093761888086,109.79111751075698,11.830866580337924,10.375765595928852,41.90811780363635
15.5571522,0.15,53.781154209746795,0.1,63.6545343968845,159.2186616820817,23.049318011709914,18.54522558956784,67.29166802344398
14.6556241,0.15,24.731529738068314,0.1,36.7901540834119,61.68383187206888,10.489745499465547,8.528113702782191,31.38279584606454
13.0073514,0.15,24.738154565752524,0.1,36.81050410629964,59.60930820403673,10.56107006558068,8.530398126121549,31.11714362232266
12.7871563,0.15,39.42164442390892,0.1,38.121498083200855,91.54684087940345,17.82148795450676,13.59367049100308,45.61961440459937
14.065308,0.15,66.42630865570489,0.1,63.62646810097078,169.06531726696798,29.04450243097335,22.905623674380998,80.81035387578319
