Time,Probability,RiskPremium,T0,T1,T2,Z,Expected,CVaR
38.3419991,0.1,11.294320326033406,0.09999999999999432,18.71624934098692,18.71624934098692,1.551759918788638,4.910574054797122,18.716249347504785
42.6511117,0.1,18.359102839713945,0.1,30.243924277559287,30.243924277559287,2.585287236134618,7.982218625962672,30.243924276296166
47.1471046,0.1,10.213113835958588,0.1,16.49078998489709,16.49078998489709,1.5550225615171802,4.440484276503723,16.49078998489709
22.2478518,0.1,10.147578309163352,0.1,16.430255522316315,16.430255522316315,1.5291950080813081,4.411990569201491,16.430255517431654
19.3213229,0.1,18.02074648202113,0.1,29.08896694569797,29.08896694569797,2.7467883943470914,7.835107166096204,29.08896694203282
18.7301689,0.1,29.707803016115594,0.1,48.575255643437394,48.575255643437394,4.310780081869748,12.916436093963311,48.57525563762771
