Time,Probability,RiskPremium,T0,T1,T2,Z,Expected,CVaR
21.0451465,0.2,30.120385863424193,0.1,63.17809376188807,156.54192510569598,8.311292216739457,13.095819940619208,42.140065627504306
20.3816908,0.2,55.63316186162689,0.1,63.6545343968845,159.2186616820817,17.9381207638292,24.188331244185548,69.21069742289262
21.9027131,0.2,23.91241610567753,0.1,36.7901540834119,70.95489073513308,7.326943898961384,10.396702654642404,31.02593449488825
24.2276286,0.2,23.917463009566774,0.1,36.81050410629964,70.1419294082679,7.415431182526045,10.3988969606812,30.742679848546288
19.7048377,0.2,39.984447110209516,0.1,38.121498083200855,91.54684087940345,13.504063069261377,17.384542221830234,47.70401495222346
19.6519124,0.2,68.83441381215601,0.1,63.62646810097078,169.065317266968,22.77015638463486,29.92800600528522,83.71551074607174
