Time,Probability,RiskPremium,T0,T1,T2,Z,Expected,CVaR
26.0163646,0.1,13.039004676472675,0.09999999999999609,24.636024951971777,24.636024951971777,3.370343438784649,5.926820307487599,24.63602495848964
35.0942333,0.1,24.402041014741425,0.1,48.56031654757592,48.56031654757592,5.8165082453152746,11.091836824882408,48.560316547601204
22.9754601,0.1,11.65209346518574,0.09999999999999609,21.1960149772029,21.1960149772029,3.175765573011377,5.296406120538962,21.196014978715905
9.6210458,0.1,11.728748358787035,0.09999999999999609,21.505283745913736,21.505283745913736,3.162692205432087,5.331249253994085,21.505283750798398
14.3514901,0.1,17.836584869899177,0.1,30.72346325241426,30.72346325241426,5.205861357634757,8.10753857722693,30.72346325241426
10.3490038,0.1,28.963169816577143,0.09999999999998721,50.16639407030975,50.16639407030975,8.397829252194533,13.165077189353209,50.16639406450007
