Time,Probability,RiskPremium,T0,T1,T2,Z,Expected,CVaR
32.8157497,0.15,11.943746427289144,0.1,15.49562109597449,15.49562109597449,2.3329990044595195,5.687498298709161,15.495621109010278
17.0088379,0.15,25.08586248004969,0.1,32.78506414697371,32.78506414697371,4.804447540740441,11.945648800023674,32.785064148237794
60.0488449,0.15,11.649932095173748,0.1,14.329665150352467,14.329665150352467,2.5895140078401946,5.547586711987576,14.329665150352467
67.930075,0.15,11.693763117968212,0.1,14.333547508998816,14.333547508998816,2.6192689372120617,5.568458627603974,14.333547510484404
105.8929162,0.15,22.963053988768344,0.1,28.59230540279946,28.59230540279946,4.9652592582039565,10.934787613699202,28.592305405862042
168.0995761,0.15,37.718684006829626,0.1,48.424359182612484,48.424359182612484,7.572173474690392,17.961278098490343,48.42435918261249
