Time,Probability,RiskPremium,T0,T1,T2,Z,Expected,CVaR
23.2476311,0.2,29.853261193381922,0.09999999999999432,28.428974068117704,28.428974068117704,13.211872070930081,10.294227997717867,28.428974068386342
15.9630366,0.2,58.98001730295831,0.1,50.26512598311481,50.26512598311481,28.1675641568777,20.337937001020055,50.26512598690706
42.3255757,0.2,26.455855389745736,0.1,25.11484776897403,25.11484776897403,11.735897979799729,9.122708755084743,25.11484776897403
15.2293404,0.2,26.596252870401194,0.09999999999999254,24.987443473869483,24.987443473869483,11.889418561043058,9.171121679448673,24.987443479189956
16.0029147,0.2,42.350795826645395,0.1,34.25165082640286,34.25165082640286,20.870298282084406,14.603722698843109,34.25165082946544
13.882121,0.2,71.19393094393502,0.1,57.88946631499789,57.88946631499789,34.97535735186075,24.54963135997752,57.889466308825945
