Time,Probability,RiskPremium,T0,T1,T2,Z,Expected,CVaR
21.9868686,0.15,14.840638413139583,0.09999999999999609,22.95947671223933,22.95947671223933,3.535529828522974,7.420319206569792,22.959476718757223
48.6843282,0.15,31.1973650459717,0.1,47.81129344529254,47.81129344529254,7.545529792330149,15.59868252298584,47.81129344560856
44.503645,0.15,13.129817506417709,0.1,18.815553117193577,18.815553117193577,3.5022476618344602,6.5649087532088535,18.81555311870657
14.5996333,0.15,13.221987361543754,0.09999999999999609,18.924087456077523,18.924087456077523,3.5327202354598795,6.610993680771873,18.924087462019884
37.7782152,0.15,22.229086799215953,0.1,29.356019211826318,29.356019211826318,6.554174446553468,11.114543399607976,29.356019211826318
39.4410232,0.15,36.09085959803333,0.1,48.79028775883606,48.79028775883606,10.359215310594386,18.04542979901665,48.790287752705225
