Time,Probability,RiskPremium,T0,T1,T2,Z,Expected,CVaR
18.5550607,0.2,15.25076964660529,0.09999999999999609,20.281975347453685,20.281975347453685,3.2353221798003844,8.472649803669645,20.281975347453685
74.9398865,0.2,35.54393148644584,0.1,47.177797645893364,47.177797645893364,7.567952170170866,19.746628603581158,47.177797645893385
41.018979,0.2,12.522819224152032,0.1,14.908450098551123,14.908450098551123,3.1802989386089813,6.957121791195555,14.908450105687374
34.6038313,0.2,12.573483380802644,0.1,14.74224187538869,14.74224187538869,3.261122836762839,6.985268544890318,14.742241875388688
24.7184431,0.2,24.42445046147379,0.09999999999999076,28.820612787487295,28.82061279054988,6.279869222624463,13.569139145263193,28.82061279054988
43.6324343,0.2,41.14021734901892,0.09999999999998721,48.46156847950635,48.46156847950635,10.60277339351092,22.85567630501086,48.4615684733344
