Time,Probability,RiskPremium,T0,T1,T2,Z,Expected,CVaR
13.4966153,0.1,20.81684412010748,0.1,63.17809376188807,109.79111751075695,4.466368152167386,7.7099422667064745,36.51172127081854
11.9675729,0.1,34.51967143440395,0.1,63.6545343968845,159.21866168208157,7.616519501399242,12.785063494223687,59.84535829016043
13.1215234,0.1,17.541878334010793,0.1,36.79015408341189,61.68383187206885,4.238374492587692,6.496991975559554,29.185364861771397
17.9017632,0.1,17.547819969058878,0.1,36.81050410629964,58.73116960119905,4.21478100008823,6.499192581132909,29.278680540592017
10.9794621,0.1,25.717209383262055,0.1,38.121498083200855,75.85949867597274,7.000222727523601,9.524892364171135,40.16520666939552
15.4401072,0.1,42.56934763212347,0.1,63.62646810097078,121.6785427124816,11.289762565713545,15.766425048934627,67.47695844051894
