Time,Probability,RiskPremium,T0,T1,T2,Z,Expected,CVaR
29.4134699,0.2,13.65894871193096,0.1,15.904738602388655,15.90473860238859,2.9837010461551956,7.188920374700406,15.90473860238871
25.1757981,0.2,37.18693104468848,0.1,46.57075332160386,46.57075332160386,6.815388333513729,19.572068970889088,46.57075332160386
52.8776474,0.2,12.7989210158696,0.1,14.128019230953786,14.128019230953768,3.1059487921608806,6.736274218878654,14.128019230953814
57.5742541,0.2,12.932542602875268,0.09999999999999609,14.112304403756637,14.112304403756637,3.2036600194119558,6.806601369934334,14.112304403756646
10.3894536,0.2,25.249447086725784,0.1,27.862751433494694,27.862751433494694,6.130836905768342,13.289182677224199,27.862751436557275
20.9052174,0.2,43.070073591776534,0.1,47.82199335715313,47.82199335098102,10.340200380296862,22.66845978514524,47.82199335098102
