Time,Probability,RiskPremium,T0,T1,T2,Z,Expected,CVaR
23.3931618,0.1,12.280286193294996,0.1,18.723561473226944,18.723561473226944,1.8435929150062977,4.912114477317968,18.72356147974481
57.8380437,0.1,19.990994438066355,0.1,30.31091006507998,30.31091006507998,3.0687917468984285,7.996397775226473,30.310910065079977
9.1326327,0.1,11.195769208479403,0.1,16.66965947846685,16.66965947846685,1.8409208070575938,4.478307683391772,16.66965947846685
19.9956627,0.1,11.06240284255525,0.09999999999999609,16.49157125924355,16.49157125924355,1.81079765615612,4.424961137022098,16.491571260464717
48.0713369,0.1,19.594702752584013,0.1,29.102131772219273,29.102131768553992,3.2511213845422064,7.8378811010335685,29.102131768553992
15.0913113,0.1,32.292047064895186,0.1,48.577071811912205,48.577071811912205,5.11112704455544,12.916818825958105,48.577071811912205
