Time,Probability,RiskPremium,T0,T1,T2,Z,Expected,CVaR
21.6609543,0.2,10.68436723582928,0.1,14.289563547586852,14.289563547586852,1.723087505877901,6.677729522393451,14.289563547586852
20.5333092,0.2,25.434105235593893,0.1,35.179409588768735,35.179409588768735,3.752861318011834,15.896315772246028,35.17940959003282
90.8020953,0.2,10.588135821420748,0.1,13.754577762595844,13.754577762595844,1.8294530702351766,6.617584888388022,13.75457776437991
100.8898582,0.2,10.725745590848197,0.1,13.787248112956068,13.787248112956068,1.8970574593691463,6.703590994280028,13.787248118276537
19.0476746,0.2,21.035309149471352,0.1,27.42018496112607,27.42018496112607,3.6063059080100524,13.147068218419738,27.420184961891714
51.0767433,0.2,36.04791085360916,0.1,47.39540050752221,47.39540050906518,6.058329702898206,22.529944283505962,47.3954005075222
