Time,Probability,RiskPremium,T0,T1,T2,Z,Expected,CVaR
36.2661994,0.25,29.62646621698091,0.1,46.26100863701508,46.26100863701508,12.303308403144728,14.107841055705233,46.26100863701508
22.4236555,0.25,59.10060651143773,0.1,63.6545343968845,85.45700092424163,25.226075056968796,28.143145957827546,85.45700092424163
31.4630113,0.25,23.827568320967874,0.1,31.065786453632988,31.065786453632988,10.509174680904039,11.346461105222803,31.065786453632988
23.3063566,0.25,23.94491762724882,0.1,31.068679896091453,31.068679896091453,10.57594208334123,11.402341727261373,31.06867989372374
21.4202378,0.25,42.694494719540785,0.1,38.121498083200855,55.440848477815734,18.852769277670326,20.330711771209913,55.440848477815734
18.4101408,0.25,74.72815306905439,0.1,63.62646810097078,96.40221688219549,33.06158006552577,35.58483479478778,96.40221688219549
