Time,Probability,RiskPremium,T0,T1,T2,Z,Expected,CVaR
23.0758198,0.25,32.96526884377595,0.1,33.07694926485005,33.07694926485005,15.18681936028367,12.678949555298361,33.0769492680737
16.085418,0.25,66.44944248607567,0.0999999999999801,58.27326486862596,58.273264867361874,32.713017859474256,25.55747787925984,58.27326486862596
17.4497058,0.25,28.268881473726058,0.1,26.502358600510668,26.502358601662017,13.48880678310052,10.872646720663852,26.502358600510668
19.5565293,0.25,28.57388469764942,0.09999999999999609,26.984827206898295,26.984827206898295,13.585211156810264,10.989955652942012,26.984827204530582
20.8325547,0.25,51.7732513554416,0.1,38.121498083200855,51.5441957506593,23.952610680629995,19.91278898286215,51.5441957506593
19.1596359,0.25,91.69434162751543,0.1,63.62646810097078,93.57222882971276,41.85099356599631,35.26705447212134,93.57222882971276
