Time,Probability,RiskPremium,T0,T1,T2,Z,Expected,CVaR
5.0948407,0.2,16.446870057818696,0.09999999999999609,25.07989631048427,25.079896307260594,3.691187239101296,9.67462944577569,25.07989631048427
12.3184801,0.2,33.84726700113887,0.1,47.85974158388322,47.859741583883164,8.347193036767282,19.910157059493514,47.85974158388324
4.8106181,0.2,13.55861853731364,0.1,19.020860459803533,19.020860459803533,3.3739200748524283,7.975657963125682,19.020860459803533
12.4933377,0.2,13.700943035551282,0.09999999999999609,19.127577090137066,19.127577090137066,3.4279250114944695,8.059378256206601,19.12757709545754
15.0325307,0.2,23.321472621541893,0.1,29.425995757340896,29.425995757340843,6.461462824642237,13.718513306789534,29.425995757340896
23.980709,0.2,39.00103409365035,0.1,48.81209225572347,48.81209225572347,10.885187832494559,22.941784760970858,48.81209226189544
