Time,Probability,RiskPremium,T0,T1,T2,Z,Expected,CVaR
12.2643704,0.05,-1.2166682002619683e-11,2.0,-3.1845320252129264e-9,-3.1845320252129264e-9,-9.55953585920118e-12,-4.3452435723641734e-12,0.0
11.8266187,0.05,0.0,2.0,0.0,0.0,-0.0,0.0,0.0
18.2436968,0.05,-2.824295582589305e-12,0.1,0.0,0.0,-2.219089386320168e-12,-1.0086769937818947e-12,0.0
23.2793996,0.05,0.0,2.0,0.0,0.0,-0.0,0.0,0.0
22.4081204,0.05,0.0,2.0,0.0,0.0,-0.0,0.0,0.0
22.711678,0.05,0.0,2.0,5.809681624668883e-9,5.809681624668883e-9,-0.0,0.0,0.0
