Time,Probability,RiskPremium,T0,T1,T2,Z,Expected,CVaR
23.0515583,0.25,30.28430090024639,0.1,29.245265308074472,29.245265308074472,13.031117054788034,12.113720360098611,29.24526531129812
12.8676177,0.25,62.21596664978364,0.1,53.70344867446606,53.70344867446606,28.684461385504335,24.886386659913413,53.70344867446606
21.7019179,0.25,26.747613266409527,0.1,25.365820978102178,25.365820978102178,11.648535258729629,10.699045306563896,25.36582097695083
31.7898702,0.25,26.87694195446121,0.09999999999999609,25.39204146331734,25.39204146331734,11.733785768856157,10.750776781784504,25.392041461186395
21.2872966,0.25,44.35527888496494,0.1,38.01063329713089,38.01063329713089,20.532610807116683,17.742111553985975,38.01063330019347
18.3443351,0.25,76.01693055101366,0.1,62.83536123882864,62.83536123265668,35.88158162693266,30.406772220405543,62.83536123265668
