Time,Probability,RiskPremium,T0,T1,T2,Z,Expected,CVaR
14.5973143,0.1,20.045849893436834,0.1,63.178093761888086,109.79111751075695,9.455729726319156,7.7099422667064745,36.51172127081854
24.13984,0.1,33.24116508498158,0.1,63.6545343968845,159.2186616820817,15.750072111164217,12.785063494223687,59.84535829016043
17.510995,0.1,16.892179136454835,0.1,36.7901540834119,61.683831872068886,8.126349872274112,6.496991975559554,29.185364861771397
20.1526768,0.1,16.897900710945585,0.1,36.81050410629964,58.73116960119909,8.120759333866763,6.499192581132909,29.278680540592017
20.9482982,0.1,24.764720146844954,0.1,38.121498083200855,75.85949867597274,12.17579635215138,9.524892364171135,40.16520666939552
17.1719256,0.1,40.99270512723004,0.1,63.62646810097078,121.6785427124816,20.055226739136977,15.766425048934627,67.47695844051894
