Time,Probability,RiskPremium,T0,T1,T2,Z,Expected,CVaR
12.2764811,0.2,14.670586575645107,0.09999999999999609,20.868601085004723,20.868601085004723,2.9811186974917074,8.629756809202968,20.868601085004723
5.8633045,0.2,33.59344841185345,0.09999999999999432,47.23200136385249,47.23200136385249,6.964809065344898,19.760852006972318,47.232001365116574
6.1352636,0.2,12.075405566943262,0.1,15.45693914666979,15.45693914666979,2.883785971330281,7.103179745260654,15.45693914666979
23.3760755,0.2,12.073085745087614,0.09999999999999609,15.179464386747838,15.179464386747838,2.951858288943603,7.101815144169158,15.179464392068311
9.4432689,0.2,23.113735174518904,0.09999999999999076,28.922347171527623,28.922347171527623,5.685912275040261,13.596314808540505,28.922347172293268
29.8484513,0.2,38.910450476677816,0.10000000617192484,48.58583869079256,48.58583869079256,9.597615596566024,22.888500280398667,48.585838679251026
