Time,Probability,RiskPremium,T0,T1,T2,Z,Expected,CVaR
23.0977026,0.05,12.270146211466464,0.1,63.178093761888086,109.79111751075695,4.589276419556408,4.544498596839427,35.90821054754571
13.6322962,0.05,18.738196522448106,0.1,63.6545343968845,119.67234110440717,6.924986657830616,6.940072786091891,55.67144357134789
12.8596175,0.05,10.67356694578436,0.1,36.7901540834119,61.68383187206889,4.121171393807879,3.953172942883093,29.94539903381694
11.9951912,0.05,10.679182692599078,0.1,36.81050410629964,58.059670817097995,4.1443690031514935,3.9552528491107646,29.750861252478924
11.5328351,0.05,13.898900550770295,0.1,38.121498083200855,75.85949867597274,5.476718065342409,5.147740944729735,37.89215635171121
10.2397128,0.05,22.856302028228427,0.1,63.6264681009708,121.6785427124816,8.922095251655353,8.465297047492005,63.154394338302694
