Time,Probability,RiskPremium,T0,T1,T2,Z,Expected,CVaR
14.6027423,0.1,6.439032071131748,0.09999999999999609,14.833684770056367,14.833684770056367,0.25277908155458173,4.024395044457338,14.833684770056367
23.7934285,0.1,12.271037695697958,0.1,28.849757799343582,28.849757799343582,0.36556728772738445,7.669398559811241,28.849757800607666
49.8174469,0.1,6.340177228088173,0.1,14.399627737720085,14.399627737720085,0.29016306650006896,3.9626107675551094,14.399627737720085
6.2033471,0.1,6.316426577350552,0.09999999999999609,14.37931410226178,14.37931410226178,0.28235046724602747,3.9477666108440688,14.379314107146442
16.5000542,0.1,12.427143427913537,0.09999999999999076,28.787525347391174,28.787525347391174,0.45606664520823803,7.766964642446019,28.7875253437423
21.2639579,0.1,20.614844030291888,0.1,48.4390705787803,48.4390705787803,0.6196078993913341,12.88427751893252,48.43907057877229
