Time,Probability,RiskPremium,T0,T1,T2,Z,Expected,CVaR
18.835412,0.2,34.049131845609935,0.1,63.17809376188807,156.54192510569598,18.048887336302197,13.095819940619208,42.140065627504306
28.8556667,0.2,62.88966123488254,0.1,63.6545343968845,159.2186616820817,34.19909337282626,24.188331244185548,69.21069742289262
30.7720848,0.2,27.031426902070226,0.1,36.7901540834119,70.95489073513308,14.571801063403258,10.396702654642404,31.02593449488825
24.3451593,0.2,27.037132097771124,0.1,36.81050410629964,70.1419294082679,14.603856848303426,10.3988969606812,30.742679848546288
21.3778927,0.2,45.19980977675854,0.1,38.121498083200855,91.54684087940345,24.783320281889036,17.384542221830234,47.70401495222346
17.0959371,0.2,77.81281561374156,0.1,63.62646810097078,169.065317266968,42.5060591343777,29.92800600528522,83.71551074607174
