Time,Probability,RiskPremium,T0,T1,T2,Z,Expected,CVaR
25.089152,0.25,30.93152333374786,0.1,63.17809376188807,156.54192510569595,11.051887599922566,15.46576166687393,59.60450233638771
23.8274185,0.25,59.08128401374896,0.1,63.6545343968845,159.2186616820817,22.776978183085664,29.540642006874442,97.1772802447629
22.7466375,0.25,24.278178945006836,0.1,36.7901540834119,70.95489073513308,9.471729608263718,12.139089472503418,38.81268811490056
25.3249866,0.25,24.28274077321598,0.1,36.81050410629964,70.14192940826788,9.532600724657948,12.14137038660799,38.22906700610842
25.0551405,0.25,42.077886137378215,0.1,38.121498083200855,91.54684087940345,16.90295971939914,21.038943068689104,62.39877656158932
22.2550804,0.25,73.64079453921914,0.1,63.62646810097078,169.065317266968,29.632166022775717,36.820397269609536,108.70270973794835
