Time,Probability,RiskPremium,T0,T1,T2,Z,Expected,CVaR
12.1266373,0.05,-1.0863108930910432e-11,2.0,0.0,-3.1845320252129264e-9,-8.038722714647722e-12,-4.3452435723641734e-12,6.315935428978667e-17
13.9960166,0.05,6.524973154379646e-12,2.0,3.91497678720043e-9,3.91497678720043e-9,4.828458028466937e-12,2.6099892617518586e-12,6.315935428978667e-17
10.7794008,0.05,-2.5216747208863428e-12,0.1,0.0,0.0,-1.8660669256733955e-12,-1.0086698883545369e-12,7.894919286223334e-17
18.2814776,0.05,6.223774088690941e-12,2.0,3.7342573477872065e-9,3.7342573477872065e-9,4.605581772744296e-12,2.4895096354763763e-12,3.1579677144893335e-17
15.9955372,0.05,6.1085595840874395e-12,2.0,3.6651641721618944e-9,3.6651641721618944e-9,4.520323039337705e-12,2.4434238336349755e-12,3.1579677144893335e-17
16.2158691,0.05,3.5527136788005004e-17,2.0,5.809681624668883e-9,5.809681624668883e-9,-2.897435378043963e-17,1.4210854715202004e-17,1.578983857244667e-16
