Time,Probability,RiskPremium,T0,T1,T2,Z,Expected,CVaR
20.0377111,0.2,14.682653161605433,0.1,23.002398954383978,23.002398954383978,2.7408467899259876,9.17665822600339,23.002398954383978
33.1367649,0.2,31.653963034759457,0.1,47.32203959971069,47.322039599710685,6.362573597437764,19.783726896724552,47.32203959971069
31.0414985,0.2,11.839762412375334,0.09999999999999609,16.614745561879513,16.614745561879513,2.5969320934550195,7.399851507734473,16.614745563663575
32.1935975,0.2,11.823399008345163,0.1,16.313495627865912,16.313495627865912,2.649000378333265,7.389624380215709,16.313495629196634
14.6032848,0.2,21.860913210189814,0.09999999999999076,29.18658314631003,29.18658314631003,5.093139975220413,13.663070756368466,29.186583149372613
16.9483315,0.2,36.6174102497031,0.1,48.57525563608472,48.5752556376277,8.593653997325907,22.885881406064577,48.5752556376277
