Time,Probability,RiskPremium,T0,T1,T2,Z,Expected,CVaR
15.364929,0.05,7.504710441987989,0.09999999999999076,26.287582710427298,26.287582710427298,1.6596476951470727,3.573671639041902,26.28758271703207
10.4962938,0.05,10.84505987664961,0.09999999999999432,38.12655698781405,38.12655698781405,2.384521373981279,5.164314226976012,38.12655698389907
15.324068,0.05,7.295767320676097,0.1,25.248965423749144,25.248965423749144,1.6441133551164533,3.474174914607652,25.248965424127398
16.8055449,0.05,7.386642303480648,0.09999999999999076,25.472472522697107,25.472472522697107,1.6736912072355061,3.5174487159431616,25.47247251896285
14.1530502,0.05,9.953649608784607,0.09999999999999076,33.95658223000474,33.95658223000474,2.2921415534478626,4.7398331470403035,33.95658223000474
9.6831735,0.05,16.083883208030965,0.1,55.27182167859971,55.27182167859971,3.6636082373100978,7.658992003824285,55.271821672790026
