Time,Probability,RiskPremium,T0,T1,T2,Z,Expected,CVaR
8.4820133,0.1,16.190878760083596,0.1,63.178093761888086,109.79111751075695,2.2321247344787647,7.7099422667064745,32.70518930229992
5.3337618,0.1,26.84863333786975,0.1,63.6545343968845,159.2186616820817,3.709708471835414,12.785063494223687,54.200508981466314
5.3570663,0.1,13.643683148675057,0.1,36.7901540834119,61.683831872068886,2.0891286622794416,6.496991975559554,26.727242018903787
5.0805074,0.1,13.648304420379128,0.1,36.81050410629964,58.73116960119909,2.0682930531701036,6.499192581132909,26.82246772543737
4.2009742,0.1,20.002273964759375,0.1,38.121498083200855,75.85949867597274,3.474929064523622,9.524892364171135,37.5347025084296
5.3552949,0.1,33.109492602762714,0.1,63.62646810097078,121.6785427124816,5.579069756187845,15.766425048934627,62.82241623949559
