Time,Probability,RiskPremium,T0,T1,T2,Z,Expected,CVaR
14.2655646,0.1,18.503861440095537,0.1,63.178093761888086,109.79111751075695,5.794869766270382,7.7099422667064745,32.70518930229992
13.6477859,0.1,30.684152386136848,0.1,63.6545343968845,159.2186616820817,9.615999794464646,12.785063494223687,54.200508981466314
20.2001957,0.1,15.592780741342924,0.1,36.7901540834119,61.683831872068886,5.049738757114527,6.496991975559554,26.727242018903787
23.4001459,0.1,15.598062194718992,0.1,36.81050410629964,58.73116960119909,5.034214584725187,6.499192581132909,26.82246772543737
16.7326161,0.1,22.859741674010706,0.1,38.121498083200855,75.85949867597274,7.732887280987894,9.524892364171135,37.5347025084296
20.680163,0.1,37.83942011744311,0.1,63.62646810097078,121.6785427124816,12.661796830396296,15.766425048934627,62.82241623949559
