Time,Probability,RiskPremium,T0,T1,T2,Z,Expected,CVaR
25.1226373,0.25,46.397285000621814,0.1,63.17809376188807,156.54192510569595,27.900301336482038,15.46576166687393,45.77798163953224
24.3222503,0.25,88.62192602062345,0.1,63.6545343968845,159.2186616820817,54.37082962572118,29.540642006874442,76.6451858871527
23.2997887,0.25,36.41726841751025,0.1,36.7901540834119,70.95489073513308,22.247118241938985,12.139089472503418,32.44969650318193
23.270121,0.25,36.424111159823994,0.1,36.81050410629964,70.14192940826788,22.272934702251742,12.14137038660799,32.23943109625061
23.1622007,0.25,63.11682920606738,0.1,38.121498083200855,91.54684087940345,38.762866037233735,21.038943068689104,54.18914407013498
20.3356328,0.25,110.46119180882881,0.1,63.62646810097078,169.065317266968,67.88594802284143,36.820397269609536,94.36886243338787
