Time,Probability,RiskPremium,T0,T1,T2,Z,Expected,CVaR
10.224116,0.1,10.241580195694185,0.1,18.558692945875435,18.558692945875435,1.2601122441548849,4.876942950330535,18.558692954359582
21.0437035,0.1,16.68094642886117,0.1,30.061458143533898,30.061458143533898,2.1021935095139637,7.943307823267155,30.061458143533976
14.0947481,0.1,9.267488814724707,0.1,16.362587127731015,16.362587127731015,1.269549737709898,4.413089911773698,16.36258712924402
4.854503,0.1,9.173781494244942,0.1,16.226304031781073,16.226304031781073,1.247963118496889,4.368467378211875,16.226304036665734
8.5856659,0.1,16.441148621938176,0.09999999999999076,29.060857241621708,29.060857241621708,2.242508576571776,7.8291183913991675,29.060857237956544
19.3510685,0.1,27.14428132690861,0.09999999999998721,48.620359671826506,48.620359671826506,3.5100796514615253,12.925848250908851,48.62035966603619
