Time,Probability,RiskPremium,T0,T1,T2,Z,Expected,CVaR
54.407156,0.15,17.51493983385461,0.09999999999999609,25.89351022151869,25.89351022151869,5.070560061978955,7.961336288115753,25.893510223155403
32.4582178,0.15,34.61549721774902,0.09999999999999076,48.55698238358921,48.55698238358921,10.67551393366678,15.734316917158655,48.55698238485329
10.8137039,0.15,15.152071660752142,0.09999999999999609,20.55383749929364,20.55383749929364,4.848133310672338,6.887305300341842,20.55383749929364
11.7007189,0.15,15.260459220549924,0.1,20.666415538270495,20.666415538270495,4.891426054763766,6.936572372977236,20.666415544212857
30.5637424,0.15,24.847173023901284,0.09999999999999076,30.348936420672256,30.348936420672256,8.78931175130265,11.294169556318872,30.3489364214379
18.5573583,0.15,40.069304380067194,0.09999999999998721,49.720987373074095,49.72098736690212,13.979067407230243,18.213320172757857,49.720987373074095
