Time,Probability,RiskPremium,T0,T1,T2,Z,Expected,CVaR
44.0874652,0.15,15.02853319760558,0.1,20.12123313298115,20.12123313298115,3.5458531557409043,6.831151453457077,20.121233134621487
61.4693974,0.15,34.093126158833854,0.09999999999999076,47.322974700906215,47.322974700906215,7.457115921023147,15.49687552674271,47.322974701222236
19.2765276,0.15,13.334420178917563,0.1,16.46904724899578,16.46904724899578,3.6305385889067385,6.061100081326164,16.469047248996667
20.7717944,0.15,13.378579222096105,0.1,16.47092584451343,16.47092584451343,3.660993131544301,6.081172373680091,16.47092585045639
6.1959357,0.15,24.319915790192493,0.1,29.07332701189524,29.07332701189524,6.958821670745044,11.054507177360172,29.07332701189524
39.1294934,0.15,39.61140786639629,0.09999999999998721,48.602478432168404,48.602478432168404,10.897169906996362,18.005185393816603,48.60247843834037
