Time,Probability,RiskPremium,T0,T1,T2,Z,Expected,CVaR
71.3759406,0.25,28.887526898297146,0.09999999999999432,26.2327519492153,26.2327519492153,11.46141966173026,11.555010759318847,26.232751952438946
22.0642901,0.25,59.98147501395616,0.09999999999999076,48.92420288164814,48.92420288164814,26.01623985782083,23.992590005582485,48.92420288196416
20.4195299,0.25,25.805082024326886,0.1,23.382670354042386,23.382670354042386,10.258794197332003,10.322032809730825,23.382670352891036
33.6242576,0.25,26.16020155280924,0.09999999999999609,23.862581929948842,23.862581929948842,10.3367204081555,10.46408062112378,23.86258192994885
13.6671324,0.25,42.22240445082137,0.1,33.486668898583524,33.486668898583524,18.694359821965637,16.888961780328568,33.486668901646105
11.5959939,0.25,71.46929499703496,0.1,53.25419147973582,53.25419147973582,33.01498760585256,28.58771799881395,53.25419147973582
