Time,Probability,RiskPremium,T0,T1,T2,Z,Expected,CVaR
11.2811261,0.15,12.006989903310345,0.1,17.953632851467965,17.953632851467965,2.1972721868003235,6.319468370163276,17.95363285798586
10.9538981,0.15,24.170745047437492,0.1,35.76595215611197,35.76595215611197,4.535948067337469,12.721444761809119,35.76595215611197
16.9062424,0.15,10.78731361263396,0.1,14.841586240323759,14.841586240323759,2.3605643034895825,5.677533480333635,14.841586243035964
16.0512642,0.15,10.848737258100583,0.09999999999999609,14.887822183103971,14.887822183103971,2.385487402733326,5.70986171478982,14.887822183381282
10.5509111,0.15,20.906442722196996,0.09999999999999076,28.855623589829857,28.855623589829857,4.547382009835709,11.00339090641932,28.85562359289244
12.5555007,0.15,34.16090491440425,0.1,48.49549568876869,48.49549568876869,7.0266596603616165,17.979423639160128,48.49549568876869
