Time,Probability,RiskPremium,T0,T1,T2,Z,Expected,CVaR
63.0603621,0.2,17.774422161096005,0.09999999999999609,26.03452828363114,26.03452828363114,4.667773321015748,9.874678978386616,26.034528286854815
74.7486015,0.2,36.08455822320335,0.09999999999999076,48.5039251551969,48.5039251551969,10.346191759601767,20.046976790668605,48.50392515533314
9.6753905,0.2,14.986413856752701,0.1,20.67134860091015,20.67134860091015,4.1915157556637554,8.325785475973731,20.671348601550083
8.9097444,0.2,15.251076988408307,0.1,21.11436362354905,21.114363623548776,4.249947823739292,8.472820549115708,21.114363626882106
20.7783762,0.2,25.087345746052353,0.1,30.468375359884305,30.468375359884305,7.843739231385539,13.937414303362461,30.46837535988431
18.9462992,0.2,41.662298118831345,0.1,49.80417805631857,49.80417806249051,13.184885565859283,23.14572117712847,49.804178056346004
