Time,Probability,RiskPremium,T0,T1,T2,Z,Expected,CVaR
13.3966863,0.15,21.668447591165137,0.09999999999999432,28.36041148485061,28.36041148485061,8.32783099010226,8.334018304294297,28.360411491368502
16.1265947,0.15,41.02837974288021,0.1,48.86605422741326,48.86605422741326,16.97675664449532,15.780146054953889,48.86605422867734
13.3834908,0.15,19.193208473291772,0.1,23.829911724115036,23.829911724115036,7.699228098044257,7.382003258958354,23.829911724115036
16.8169122,0.15,19.52787577912347,0.1,24.393751053300498,24.393751053300498,7.7963969241809865,7.510721453509037,24.39375105924286
15.8128768,0.15,30.28391767050945,0.1,32.66991659196361,32.66991659196361,13.380693039875192,11.647660642503585,32.669916595026194
17.3505998,0.15,49.09225302116564,0.1,54.089569961464505,54.089569961464505,21.408633699303675,18.881635777371365,54.08956995533368
