Time,Probability,RiskPremium,T0,T1,T2,Z,Expected,CVaR
28.5629599,0.25,13.533098268065356,0.09999999999999609,14.446793051162745,14.446793051162745,2.977993422287714,7.960646040038513,14.446793054386392
25.8399087,0.25,39.3811720164179,0.09999999999999076,46.0431341966615,46.0431341966615,7.06468115536179,23.16539530377538,46.04313419697752
24.4519524,0.25,13.159993798093923,0.1,13.652938635700929,13.652938635700929,3.0541146508292916,7.741172822408054,13.652938634549571
33.1167122,0.25,13.213116499697668,0.1,13.786763860454505,13.786763858086792,3.0349580742167435,7.772421470410343,13.786763858086792
47.1759672,0.25,25.935699355946696,0.1,27.30264685588516,27.30264685588516,5.860864369092105,15.256293738792504,27.30264685894774
59.14874,0.25,46.1230993318315,0.1,47.371457397416535,47.37145739741653,10.895775432218123,27.131234901077317,47.371457397416535
