Time,Probability,RiskPremium,T0,T1,T2,Z,Expected,CVaR
18.3346981,0.1,14.832266583610906,0.09999999999999432,23.16561744870242,23.16561744870242,3.8892788067699247,5.704717916773439,23.165617450331887
52.5572484,0.1,28.78676610336806,0.09999999999999076,48.42451453000025,48.42451453000025,6.509128562663377,11.071833116679988,48.42451453009576
20.3426089,0.1,13.443535105173233,0.1,20.35262157295933,20.352621572959173,3.718335335398416,5.170590425066635,20.352621574093934
13.0640412,0.1,13.49005371455383,0.1,20.54756792280458,20.547567917919917,3.6938457991787557,5.1884821979052935,20.54756792280458
25.0337821,0.1,20.86869016245089,0.1,30.182092008236406,30.182092008236406,6.195569054719478,8.02641929325033,30.182092008187286
11.7059613,0.1,33.836629843667296,0.09999999999998721,49.131611745262504,49.131611745262504,9.987284440844068,13.014088401410476,49.13161173945282
