Time,Probability,RiskPremium,T0,T1,T2,Z,Expected,CVaR
12.8857057,0.05,13.633495790518289,0.1,63.178093761888086,109.79111751075692,5.453398316207311,4.544498596839426,22.722492984197146
10.1694456,0.05,20.82021835827569,0.1,63.6545343968845,119.67234110440711,8.328087343310283,6.940072786091891,34.700363930459446
13.7779369,0.05,11.85951882864929,0.1,36.7901540834119,61.68383187206887,4.743807531459714,3.953172942883093,19.765864714415475
17.3269349,0.05,11.865758547332305,0.1,36.81050410629964,58.05967081709798,4.746303418932924,3.9552528491107646,19.77626424555384
12.9661052,0.05,15.443222834189218,0.1,38.12149808320086,75.85949867597273,6.177289133675693,5.147740944729735,25.738704723648695
16.4455926,0.05,25.39589114247604,0.1,63.6264681009708,121.67854271248154,10.15835645699042,8.465297047492005,42.32648523746003
