Time,Probability,RiskPremium,T0,T1,T2,Z,Expected,CVaR
43.640459,0.15,21.135758600787305,0.09999999999999609,26.933835203188586,26.933835203188586,7.365211491509572,8.129137923379748,26.93383520970648
49.272522,0.15,40.917106299676,0.1,48.57535759816032,48.57535759816032,15.328355016468944,15.737348576798466,48.57535759816032
13.7984284,0.15,18.32493132902902,0.09999999999999609,21.531929256062593,21.531929256062593,6.931717194394757,7.048050511165066,21.531929256062593
11.4625124,0.15,18.718011793968756,0.1,22.262286486412496,22.262286486412496,6.9998611325014775,7.199235305372601,22.262286492354857
36.7117461,0.15,29.555270663216138,0.1,30.797450210705765,30.797450210705765,12.35884734452321,11.36741179354462,30.797450210705765
13.0476503,0.15,48.070467671458246,0.1,51.38622079910924,51.38622079910924,19.712552443255785,18.48864141209939,51.38622079910924
