Time,Probability,RiskPremium,T0,T1,T2,Z,Expected,CVaR
13.6547731,0.1,0.0,2.0,0.0,0.0,-0.0,0.0,0.0
11.3936941,0.1,0.0,2.0,0.0,0.0,-0.0,0.0,0.0
11.3803157,0.1,0.0,2.0,0.0,0.0,-0.0,0.0,0.0
12.4277665,0.1,0.0,2.0,0.0,0.0,-0.0,0.0,0.0
12.6379776,0.1,0.0,2.0,0.0,0.0,-0.0,0.0,0.0
12.191698,0.1,0.0,2.0,0.0,0.0,-0.0,0.0,0.0
