Time,Probability,RiskPremium,T0,T1,T2,Z,Expected,CVaR
46.6056245,0.2,22.419691370739333,0.09999999999999432,25.41855906349516,25.41855906349516,7.1871959633070475,9.747691900321495,25.41855906349516
28.4723928,0.2,45.9452472074661,0.09999999999999076,48.16427398836762,48.16427398836762,16.10322492675028,19.976194438028642,48.16427398856355
15.694994,0.2,18.743681659735376,0.1,19.82365425938929,19.82365425938929,6.508275243371772,8.149426808580536,19.82365425938929
18.0332509,0.2,18.804473314542314,0.1,19.666283532337722,19.666283532337722,6.606966402375205,8.175857962844496,19.666283532337722
58.3109097,0.2,31.739475274992593,0.09999999999999076,29.800318320979628,29.800318317917046,12.339512155303627,13.799771858692313,29.80031831868269
27.2542572,0.2,52.82916527963898,0.1,48.939252356783975,48.939252356783975,20.77044546269283,22.96920229549498,48.939252356783975
