Time,Probability,RiskPremium,T0,T1,T2,Z,Expected,CVaR
20.616549,0.2,31.429967857486098,0.1,63.17809376188807,156.54192510569598,9.620874210801361,13.095819940619208,42.140065627504306
20.3336344,0.2,58.051994986045436,0.1,63.6545343968845,159.2186616820817,20.356953888247755,24.188331244185548,69.21069742289262
17.2483373,0.2,24.952086371141746,0.1,36.7901540834119,70.95489073513308,8.366614164425602,10.396702654642404,31.02593449488825
23.1162184,0.2,24.9573527056349,0.1,36.81050410629964,70.1419294082679,8.455320878594174,10.3988969606812,30.742679848546288
17.4678791,0.2,41.722901332392496,0.1,38.121498083200855,91.54684087940345,15.242517291444358,17.384542221830234,47.70401495222346
14.5299692,0.2,71.82721441268458,0.1,63.62646810097078,169.065317266968,25.762956985163427,29.92800600528522,83.71551074607174
