Time,Probability,RiskPremium,T0,T1,T2,Z,Expected,CVaR
16.5167782,0.15,26.976990549415,0.1,63.178093761888086,109.79111751075698,11.871372122330033,10.375765595928852,41.90811780363635
15.7008858,0.15,48.217586532876425,0.1,63.6545343968845,159.2186616820817,22.360394578227144,18.54522558956784,67.29166802344398
14.4723239,0.15,22.173095627233682,0.1,36.7901540834119,61.68383187206888,10.216779602959157,8.528113702782191,31.38279584606454
17.195287,0.15,22.17903512791607,0.1,36.81050410629964,59.60930820403673,10.260625177364346,8.530398126121549,31.11714362232266
15.1790211,0.15,35.34354327660798,0.1,38.121498083200855,91.54684087940345,16.94598119856547,13.59367049100308,45.61961440459937
13.1090748,0.15,59.554621553390604,0.1,63.62646810097078,169.06531726696798,27.96328834879924,22.905623674380998,80.81035387578319
