Time,Probability,RiskPremium,T0,T1,T2,Z,Expected,CVaR
35.9282479,0.1,10.967980999265993,0.1,19.08270750603603,19.08270750603603,1.7533566093697135,4.9854459087572724,19.08270751255388
24.9860783,0.1,18.523219511321937,0.1,32.37356751015858,32.37356751015858,2.9173975954862144,8.41964523241904,32.3735675104746
20.9376265,0.1,10.376506198991537,0.09999999999999609,17.82527360150911,17.82527360150911,1.72730850931486,4.716593726814355,17.82527360302212
19.4396523,0.1,10.339415104873012,0.1,17.825175507781243,17.825175507781243,1.7020485540681745,4.699734138578629,17.825175512665904
47.0626594,0.1,17.287351155147533,0.1,29.199675131091098,29.199675131091098,3.0269277937277783,7.857886888703482,29.199675131091098
17.2636199,0.1,28.460970469421888,0.1,48.67431479473389,48.674314794733895,4.802912701564986,12.93680475882805,48.674314788924214
