Time,Probability,RiskPremium,T0,T1,T2,Z,Expected,CVaR
31.2077208,0.1,9.793410297095223,0.1,15.803318988803516,15.803318988803516,0.9172800153750473,4.258004476997881,15.803318988803516
55.3266056,0.1,17.822216342770876,0.1,29.17858641559662,29.17858641559662,1.5015079469739692,7.748789714248274,29.178586418119778
41.8046678,0.1,9.484347391813236,0.1,15.063180460977728,15.063180460977728,0.9848976269490897,4.123629300788404,15.063180460977728
8.8882981,0.1,9.37517727512158,0.1,14.909881822242323,14.909881822242323,0.9655261265496091,4.076164032661509,14.90988182243771
28.9744767,0.1,17.895106409378595,0.1,28.84341254774154,28.84341254774154,1.6894527632096077,7.780481047555894,28.843412544088594
15.0642865,0.1,29.674705005491262,0.1,48.51292738279229,48.51292738279229,2.528306659637506,12.902045654561352,48.51292738279229
