Time,Probability,RiskPremium,T0,T1,T2,Z,Expected,CVaR
18.2238563,0.15,18.930734064656228,0.1,35.016708204002285,35.016708204002285,7.315891501608696,9.014635268883925,35.01670821052018
15.859577,0.15,35.272428241108685,0.1,58.62682672547189,58.62682672547189,14.292990607959984,16.796394400527948,58.62682672673597
40.9935272,0.15,16.359355436923664,0.1,27.594014866315735,27.594014866315735,6.588801620144123,7.790169255677922,27.594014866693986
16.2792562,0.15,16.537924308286527,0.09999999999999609,27.68177443020543,27.68177443020543,6.682065018263231,7.875202051564993,27.68177443614779
14.2714252,0.15,25.320302855651214,0.1,36.47400458256169,36.47400458256169,10.821344030687335,12.057287074119666,36.47400458256169
7.6557909,0.15,41.789930020543075,0.1,63.110415983767936,63.110415983767936,17.568918413979354,19.899966676449008,63.110415977595935
