Time,Probability,RiskPremium,T0,T1,T2,Z,Expected,CVaR
19.8056525,0.2,37.97787782779568,0.1,63.17809376188807,156.54192510569598,16.382293239735116,13.095819940619208,47.094878530384605
17.9858355,0.2,70.14616060813822,0.1,63.6545343968845,159.2186616820817,33.02627728970587,24.188331244185548,75.91453954117243
17.4686325,0.2,30.15043769846293,0.1,36.7901540834119,70.95489073513308,13.952216500903447,10.396702654642404,33.602776826310794
24.5118103,0.2,30.15680118597545,0.1,36.81050410629964,70.1419294082679,14.065755355661969,10.3988969606812,33.16749243921033
20.0729097,0.2,50.41517244330769,0.1,38.121498083200855,91.54684087940345,24.183034142124395,17.384542221830234,52.774926539242415
16.091385,0.2,86.79121741532711,0.1,63.62646810097078,169.065317266968,40.913737417273204,29.92800600528522,93.7259019763601
