Time,Probability,RiskPremium,T0,T1,T2,Z,Expected,CVaR
40.4977747,0.15,16.467506339350503,0.1,20.256640265477998,20.256640265477998,4.247973645707751,6.861460974729314,20.25664027201303
65.389024,0.15,37.19968341319425,0.1,47.3364213767915,47.3364213767915,8.96519400849847,15.499868088830754,47.336421378493554
43.8643123,0.15,14.656546570725954,0.1,16.67327866647158,16.67327866647158,4.32309846085064,6.106894404469174,16.673278667984572
41.1516162,0.15,14.762518260649786,0.1,16.783425240458776,16.783425240458776,4.35851859930378,6.151049275270735,16.783425240458776
64.9138405,0.15,26.553190853583356,0.1,29.115010570699,29.115010570699,8.268888911902023,11.063829522326456,29.115010570713885
27.0518831,0.15,43.23187930348836,0.1,48.63866583640726,48.63866583640726,12.968443143053335,18.013283043120126,48.63866583640726
