Time,Probability,RiskPremium,T0,T1,T2,Z,Expected,CVaR
53.8296063,0.15,13.901349130736769,0.1,17.95093241414693,17.95093241414693,2.9296991295410324,6.318795059425748,17.950932413850577
39.7721503,0.15,28.05244870882905,0.1,35.88494261337151,35.88494261337151,6.047803833294207,12.751113049467689,35.88494261463559
58.2111853,0.15,12.490573656781722,0.1,14.84158624303596,14.84158624303596,3.1474190713541503,5.677533480355328,14.84158624303596
49.7848495,0.15,12.561695769140766,0.1,14.88782217716161,14.88782217716161,3.1806498703286765,5.7098617132458065,14.88782217716161
66.7168307,0.15,24.190940996385184,0.1,28.82512647633377,28.82512647633377,6.063361041976124,10.995882271084154,28.825126479396353
84.7918506,0.15,39.55473200652143,0.1,48.49549569031167,48.49549569031167,9.36887954741714,17.979423639327877,48.49549568876868
