Time,Probability,RiskPremium,T0,T1,T2,Z,Expected,CVaR
108.6412412,0.25,20.346656216285698,0.09999999999999787,25.120036604273853,25.120036604273853,5.5888736415634455,11.303697897936468,25.120036605079765
25.9682304,0.25,43.04604029349715,0.09999999999998366,48.57512938456597,48.57512938456597,12.966651349140639,23.914466829720723,48.57415528826338
34.8132968,0.25,17.487325245631965,0.09999999999999609,20.681663990385097,20.681663990385097,5.030523729022349,9.715180692017718,20.681663990385097
12.4641365,0.25,17.980649574247284,0.1,21.77487612902584,21.774876129025845,5.044993219979711,9.989249763470777,21.774876126658132
20.4062859,0.25,29.30205924625239,0.09999999999999076,30.791077562458717,30.791077562458717,9.3950985028411,16.278921803473505,30.791077563224363
18.9750875,0.25,49.99879001310134,0.09999999999998721,49.60637849341433,49.60637849341433,16.764366219165296,27.77710556283394,49.60637848724239
