Time,Probability,RiskPremium,T0,T1,T2,Z,Expected,CVaR
20.0637868,0.1,16.54297757294039,0.1,24.50499390753682,24.50499390753682,5.0557350074442695,5.9082062760501834,24.50499390753682
49.4938971,0.1,31.055811222415382,0.09999999999999076,48.55698238358921,48.55698238358921,8.72476370163996,11.091361150862678,48.55698238390523
18.9991649,0.1,14.83934588543491,0.09999999999999432,21.21956825192739,21.21956825192739,4.763638938497963,5.299766387655313,21.21956825192739
10.5447359,0.1,14.927497911210882,0.1,21.505283745913736,21.505283745913736,4.744038308168653,5.331249254003854,21.505283750798398
17.0188635,0.1,22.725445478399926,0.1,30.784388144675667,30.784388144675667,7.808767666496728,8.116230528000024,30.784388141010503
12.8482075,0.1,36.86221613018908,0.09999999999998721,50.16639407030975,50.16639407030975,12.596743878291818,13.165077189353209,50.16639406450007
