Time,Probability,RiskPremium,T0,T1,T2,Z,Expected,CVaR
105.6649905,0.25,28.715844832781602,0.1,28.369639158827585,28.369639158827596,11.829498342238713,11.964935346992387,28.369639158827596
22.0823349,0.25,59.257064773892274,0.1,52.55912381941123,52.55912381941123,26.206017068637763,24.69044365578836,52.55912382067531
17.3258714,0.25,25.521604658927323,0.09999999999999787,24.986446081982315,24.986446081982315,10.581869475478852,10.63400194121968,24.986446081982315
21.811548,0.25,25.659561853548592,0.09999999999999787,25.044989163621366,25.044989163621366,10.662026231220766,10.691484105645245,25.044989161253653
13.6888868,0.25,42.18941117104706,0.1,37.06887821730653,37.06887821730653,18.763502780966366,17.57892132126967,37.06887821730653
13.4567281,0.25,72.42016356467862,0.1,61.494405681605606,61.494405681605606,32.849294153832226,30.17506815194951,61.494405681605606
