Time,Probability,RiskPremium,T0,T1,T2,Z,Expected,CVaR
13.3133693,0.05,12.724596071150396,0.1,63.178093761888086,109.79111751075692,5.604881602768625,4.544498596839426,30.29665731226287
12.1463264,0.05,19.432203801057298,0.1,63.6545343968845,119.67234110440711,8.559423102846669,6.940072786091891,46.267151907279256
11.9367789,0.05,11.068884240072672,0.1,36.7901540834119,61.68383187206887,4.875579962889153,3.953172942883093,26.35448628588731
11.1906851,0.05,11.074707977510156,0.1,36.81050410629964,58.05967081709798,4.878145180569952,3.9552528491107646,26.3683523274051
26.0878447,0.05,14.413674645243262,0.1,38.12149808320086,75.85949867597273,6.348880498500006,5.147740944729735,34.31827296486488
12.4928016,0.05,23.70283173297762,0.1,63.6264681009708,121.67854271248154,10.440533025240146,8.465297047492005,56.4353136499467
