Time,Probability,RiskPremium,T0,T1,T2,Z,Expected,CVaR
15.9467863,0.15,18.78300771472305,0.1,25.12003659775596,25.12003659775596,5.768619483313294,7.826253214467942,25.120036604273853
76.8766109,0.15,37.713721271713226,0.09999999999999076,48.4370932934775,48.4370932934775,12.182757912658923,15.714050529880508,48.437093293793524
17.0913537,0.15,16.445037218365794,0.09999999999999609,20.352621574472185,20.352621572959183,5.542781557334126,6.85209884098577,20.352621574472185
12.7398121,0.15,16.606321561071844,0.1,20.567211194337116,20.567211194337116,5.592647745675391,6.919300650446596,20.567211200279477
9.6008809,0.15,26.972844750773138,0.1,30.02879847911213,30.02879847911213,10.097125487145309,11.238685312822037,30.02879848217471
77.6916073,0.15,43.572674989486195,0.09999999999998721,49.38806496084171,49.38806496084171,16.04755863115171,18.155281245619268,49.38806495466973
