Time,Probability,RiskPremium,T0,T1,T2,Z,Expected,CVaR
7.7757024,0.2,22.262893899052653,0.1,63.17809376188807,156.54192510569598,4.810437105400686,13.095819940619208,42.140065627504306
7.2821645,0.2,41.120163115115496,0.1,63.6545343968845,159.2186616820817,10.178476944123872,24.188331244185548,69.21069742289262
6.773255,0.2,17.6743945128921,0.1,36.7901540834119,70.95489073513308,4.18330708221283,10.396702654642404,31.02593449488825
6.8121486,0.2,17.678124833158034,0.1,36.81050410629964,70.1419294082679,4.227660439297074,10.3988969606812,30.742679848546288
6.7440952,0.2,29.553721777111384,0.1,38.121498083200855,91.54684087940345,7.621258645722184,17.384542221830234,47.70401495222346
6.7841728,0.2,50.87761020898491,0.1,63.62646810097078,169.065317266968,12.88147849258169,29.92800600528522,83.71551074607174
