Time,Probability,RiskPremium,T0,T1,T2,Z,Expected,CVaR
182.4377948,0.2,10.36042802012119,0.1,13.713370319035427,13.713370319035398,1.3518245252845096,6.475267512575804,13.713370319035455
34.0563756,0.2,22.230600793196256,0.1,29.49631854967679,29.49631854967679,2.875707729015884,13.894125495747511,29.49631854841273
40.0843686,0.2,10.343864382356344,0.1,13.314016309297669,13.314016309297669,1.4817637662722523,6.464915238972594,13.31401631643392
29.7864101,0.2,10.469494925299157,0.1,13.326942329467332,13.326942329467315,1.5518327965827818,6.5434343283120056,13.326942329467352
52.4269849,0.2,21.09808982664119,0.09999999999999076,27.5388641777826,27.5388641777826,2.8883883712722596,13.18630614165094,27.53886418084518
53.2774354,0.2,35.96253032675224,0.1,47.24503430703164,47.24503430703164,4.816990374048027,22.476581454219627,47.24503430703164
