Time,Probability,RiskPremium,T0,T1,T2,Z,Expected,CVaR
10.913322,0.05,10.452346772730685,0.1,63.178093761888086,109.79111751075692,0.757416432806566,4.544498596839426,30.29665731226287
12.5032075,0.05,15.96216740801135,0.1,63.6545343968845,119.67234110440711,1.1566787976819792,6.940072786091891,46.267151907279256
12.4356561,0.05,9.092297768631118,0.1,36.7901540834119,61.68383187206887,0.6588621571471811,3.953172942883093,26.35448628588731
12.1547683,0.05,9.09708155295477,0.1,36.81050410629964,58.05967081709798,0.6592088081851323,3.9552528491107646,26.3683523274051
10.6808436,0.05,11.839804172878397,0.1,38.12149808320086,75.85949867597273,0.8579568241216287,5.147740944729735,34.31827296486488
14.3469581,0.05,19.47018320923161,0.1,63.6264681009708,121.67854271248154,1.4108828412486618,8.465297047492005,56.4353136499467
