Time,Probability,RiskPremium,T0,T1,T2,Z,Expected,CVaR
73.7552418,0.2,18.01741326586152,0.1,20.679352195147388,20.679352195147388,4.597840024838368,8.579720602791271,20.67935219837109
59.8147196,0.2,41.47962803237242,0.09999999999999432,47.198557862905965,47.198557862905965,10.748882591740816,19.75220382493932,47.19855786417005
70.9763066,0.2,14.711167111227818,0.09999999999999609,15.086863958691191,15.086863958691191,4.473230921688955,7.005317672013261,15.086863965827442
11.6813226,0.2,14.784885275133139,0.09999999999999609,14.946166622979487,14.946166617659014,4.582165690189083,7.040421559587186,14.946166622979487
104.4564151,0.2,28.52789361445897,0.09999999999999076,28.878532300373482,28.878532300373482,8.825653946096336,13.584711244980296,28.878532303436067
32.079152,0.2,48.02587131450807,0.1,48.51292737662032,48.51292737662032,14.89902284789771,22.869462530718177,48.512927370448374
