Time,Probability,RiskPremium,T0,T1,T2,Z,Expected,CVaR
40.4307916,0.25,23.719761021993758,0.1,25.084377162176025,25.084377162176025,7.59839822270649,11.29512429618745,25.08437716218677
14.6081416,0.25,50.2208639987358,0.09999999999999076,48.575129384565955,48.575129384565955,17.675015571618072,23.9146971422552,48.57512938471975
6.9000641,0.25,20.32489933221268,0.1,20.52857035753749,20.52857035753749,6.848859437983152,9.67852349152978,20.52857035638614
7.4197226,0.25,20.71056666228367,0.1,21.245234986211,21.245234986211,6.864320926402927,9.86217460108738,21.245234986211
25.4628154,0.25,34.141678790439066,0.09999999999999076,30.703456484496037,30.703456484496037,12.827806537038581,16.25794228116149,30.70345648755862
6.9489954,0.25,58.05495145529468,0.1,49.04956335633176,49.04956335633176,22.91821454441589,27.645214978711778,49.04956335633176
