Time,Probability,RiskPremium,T0,T1,T2,Z,Expected,CVaR
7.5611379,0.1,0.0,2.0,0.0,0.0,-0.0,0.0,0.0
6.6728319,0.1,0.0,2.0,0.0,0.0,-0.0,0.0,0.0
5.7106456,0.1,0.0,2.0,0.0,0.0,-0.0,0.0,0.0
6.7397212,0.1,0.0,2.0,0.0,0.0,-0.0,0.0,0.0
5.6759589,0.1,0.0,2.0,0.0,0.0,-0.0,0.0,0.0
5.4281566,0.1,0.0,2.0,0.0,0.0,-0.0,0.0,0.0
