Time,Probability,RiskPremium,T0,T1,T2,Z,Expected,CVaR
76.8345867,0.15,10.024614396873456,0.1,14.022363903428083,14.022363903428083,1.2500011286192683,5.276112840459724,14.022363909945977
54.4179803,0.15,20.725868584147968,0.1,29.122193870624546,29.122193870624557,2.5319799040618767,10.908351886393776,29.122193870624557
78.4996876,0.15,10.29433136163858,0.1,13.88290837756813,13.88290837756813,1.4903265279885698,5.418069137704611,13.88290837756813
67.6220887,0.15,10.341228405968067,0.1,13.90012194835263,13.90012194835263,1.5155285510581522,5.442751792614853,13.90012194835263
83.6231712,0.15,20.250277875024317,0.1,27.606933695079192,27.606933695079192,2.8126798048796755,10.658040986854909,27.606933695079196
36.8382294,0.15,33.792343805719604,0.1,47.798449515804485,47.798449515804485,4.001697536063251,17.785444108273488,47.79844951173098
