Time,Probability,RiskPremium,T0,T1,T2,Z,Expected,CVaR
92.9840218,0.15,8.554571038257263,0.1,14.255551548771706,14.255551548771706,0.9807279768812418,5.3466068989107525,14.255551548771736
31.3349762,0.15,17.632626072257224,0.09999999999999076,29.496318548412695,29.496318548412695,1.9932529637834366,11.020391295160666,29.49631854841324
19.4988128,0.15,8.756726356943169,0.1,14.066715978358452,14.066715978358456,1.1353318825364522,5.472953973089474,14.066715978358465
68.8825526,0.15,8.80644597024253,0.1,14.105467885101946,14.105467885101948,1.1520574504158845,5.504028731401562,14.105467885101948
16.3503825,0.15,17.137074554400478,0.1,27.78201662580571,27.78201662580571,2.1585667005738043,10.7106715965003,27.78201662580572
23.8402093,0.15,28.482983275627287,0.1,47.85383924176512,47.85383924176512,3.1681250562787344,17.80186454726704,47.85383923559315
