Time,Probability,RiskPremium,T0,T1,T2,Z,Expected,CVaR
22.8179812,0.25,43.30413266724702,0.1,63.17809376188807,156.54192510569595,21.217559899946004,15.46576166687393,59.60450233638771
22.0135941,0.25,82.71379761924864,0.1,63.6545343968845,159.2186616820817,43.02765987669088,29.540642006874442,97.1772802447629
24.1772841,0.25,33.98945052300957,0.1,36.7901540834119,70.95489073513308,17.849321254146602,12.139089472503418,38.81268811490056
22.4843614,0.25,33.99583708250236,0.1,36.81050410629964,70.14192940826788,17.94131220296934,12.14137038660799,38.22906700610842
21.3724099,0.25,58.90904059232944,0.1,38.121498083200855,91.54684087940345,31.666122499705313,21.038943068689104,62.39877656158932
18.3859884,0.25,103.09711235490673,0.1,63.62646810097078,169.065317266968,55.49436821504639,36.820397269609536,108.70270973794835
