Time,Probability,RiskPremium,T0,T1,T2,Z,Expected,CVaR
12.9191686,0.1,0.0,2.0,0.0,0.0,-0.0,0.0,0.0
13.7266214,0.1,0.0,2.0,0.0,0.0,-0.0,0.0,0.0
11.7558063,0.1,0.0,2.0,0.0,0.0,-0.0,0.0,0.0
12.8007472,0.1,0.0,2.0,0.0,0.0,-0.0,0.0,0.0
11.5589061,0.1,0.0,2.0,0.0,0.0,-0.0,0.0,0.0
12.7368558,0.1,0.0,2.0,0.0,0.0,-0.0,0.0,0.0
