Time,Probability,RiskPremium,T0,T1,T2,Z,Expected,CVaR
24.1155108,0.1,16.86794688190006,0.09999999999999432,29.563104503762965,29.563104503762965,6.918960110062611,6.487671877653874,29.563104505544516
11.5285698,0.1,29.538233573821625,0.09999999999999076,51.34174148513659,51.34174148513659,12.180242144224856,11.360859066854427,51.34174148513659
13.7276428,0.1,15.162699180327222,0.09999999999999432,25.9361288286945,25.9361288286945,6.315243585304489,5.831807377048953,25.936128830207508
16.4793123,0.1,15.271452589364637,0.09999999999999432,26.128696503774783,26.128696503774783,6.359557844015264,5.873635611294088,26.128696504995947
24.1550579,0.1,22.266218559983393,0.1,34.71495402362224,34.71495402362224,9.779634773506036,8.56393021537823,34.71495402270595
10.568015,0.1,36.448775388283536,0.09999999999998721,58.15188649622103,58.15188650203069,15.810046613822983,14.018759764724454,58.151886496298474
