Time,Probability,RiskPremium,T0,T1,T2,Z,Expected,CVaR
33.3167534,0.1,14.565717169724383,0.1,21.286842392358537,21.286842392358537,3.608760791539303,5.394710062860926,21.286842392358597
14.6528344,0.1,24.41868366885066,0.1,35.765952156111965,35.765952156111965,6.022028419858498,9.043956914389083,35.765952156111965
13.0353047,0.1,13.633407258927306,0.09999999999999432,19.618791627674153,19.618791627674153,3.484713626377477,5.04941009589899,19.61879162918716
20.1456296,0.1,13.589824436981496,0.1,19.610610542756557,19.610610542756557,3.4544863455211825,5.033268309993133,19.610610542756557
24.790263,0.1,21.423919654384,0.1,29.62109935225762,29.621099348592445,5.898924595210046,7.934785057179327,29.621099348592455
21.5592766,0.1,35.0116921028774,0.1,48.83853030161496,48.83853030161496,9.489465807912138,12.967293371436059,48.83853029580528
