Time,Probability,RiskPremium,T0,T1,T2,Z,Expected,CVaR
38.2719542,0.15,21.496940781296217,0.1,25.896386379512684,25.896386379512684,7.258016101117629,7.9618299189985855,25.89638637951268
14.0198007,0.15,42.49053024610805,0.09999999999999432,48.574633058270976,48.574633058270976,15.26020694935591,15.737233424484543,48.57463305953506
12.3225072,0.15,18.625782976155456,0.09999999999999609,20.618571384051297,20.618571384051297,6.9252982011815,6.898438139316822,20.618571384051297
41.0252076,0.15,18.777063100660655,0.1,20.77067980006487,20.77067980006487,6.986921090849243,6.954467815059457,20.77067980006487
20.0799144,0.15,30.494257803110877,0.1,30.348936420672246,30.348936420672246,12.53091984294365,11.294169556707809,30.348936423734827
11.6415232,0.15,49.21454883936596,0.09999999999998721,49.804178068662466,49.804178068662466,19.935139574684126,18.22761068124664,49.80417806249052
