Time,Probability,RiskPremium,T0,T1,T2,Z,Expected,CVaR
17.5994866,0.25,23.34340914410699,0.1,24.378661687021847,24.378661687021847,6.922398999553338,11.115909116241474,24.378661687021847
25.0686161,0.25,49.82124623182461,0.09999999999999432,47.82789117514753,47.82789117514753,16.455447981117718,23.724402967535703,47.82789117546355
23.4478443,0.25,19.41604174521745,0.09999999999999609,18.79857130304198,18.79857130304198,6.349172725827703,9.245734164389214,18.798571301890632
17.9108072,0.25,19.42842247623392,0.1,18.824284487580986,18.824284487580986,6.34773083179602,9.251629750587588,18.824284485213273
13.345878,0.25,33.44037669220192,0.1,29.375268391371666,29.375268391371666,12.135875995024193,15.923988901048336,29.375268391371666
13.6710561,0.25,57.866683637787084,0.1,48.69192712290145,48.69192712290145,21.85657460640173,27.555563637041153,48.69192712290145
