Time,Probability,RiskPremium,T0,T1,T2,Z,Expected,CVaR
37.0468055,0.15,20.59965147292186,0.1,27.67882933264776,27.67882933264776,7.500048697883323,8.239860589168755,27.678829332647755
29.7779243,0.15,39.42881846615297,0.09999999999999076,48.80312871378267,48.80312871378267,15.399390747545327,15.771527386461239,48.80312871504675
14.1885531,0.15,18.15994196601517,0.1,22.97442640489606,22.97442640489606,6.968352774986653,7.2639767864060465,22.97442640489606
15.3105615,0.15,18.430681448108363,0.1,23.405686126503145,23.405686126503145,7.050055479078864,7.37227257924337,23.405686138387868
12.4609135,0.15,29.08797766207627,0.1,32.581470638167026,32.581470638167026,12.216216703911709,11.635191064830455,32.581470638167026
10.1997401,0.15,46.83772098247361,0.1,53.03288098592299,53.03288098592299,19.528184442793677,18.73508839298945,53.03288097975102
