Time,Probability,RiskPremium,T0,T1,T2,Z,Expected,CVaR
33.2808868,0.1,8.66561239876675,0.1,16.124692811996766,16.124692811996766,0.7952402155990936,4.3328061993833735,16.124692811997548
40.4629055,0.1,15.506410472093147,0.1,29.19762105002851,29.19762105002851,1.3198804918520592,7.753205236046573,29.197621050028552
12.828431,0.1,8.273143537872476,0.1,15.118973045706841,15.118973045706841,0.8418513859050509,4.136571768936238,15.118973045706841
39.7504097,0.1,8.22378934886097,0.1,15.06347504180875,15.063475041808754,0.8264205642170244,4.111894674430485,15.063475041808765
27.9827578,0.1,15.576303050568361,0.1,28.876409886131537,28.876409886131537,1.4616740170299718,7.788151525284181,28.876409886131537
19.3989619,0.1,25.81771435883437,0.1,48.54207968806095,48.54207968806095,2.2188904268240806,12.908857179417184,48.54207968806095
