Time,Probability,RiskPremium,T0,T1,T2,Z,Expected,CVaR
11.5379616,0.05,11.815696351782517,0.1,63.178093761888086,109.79111751075692,0.833158076087235,4.544498596839426,30.29665731226287
11.3642628,0.05,18.044189243838925,0.1,63.6545343968845,119.67234110440711,1.2723466774501868,6.940072786091891,46.267151907279256
10.5333264,0.05,10.278249651496049,0.1,36.7901540834119,61.68383187206887,0.7247483728619002,3.953172942883093,26.35448628588731
28.0928141,0.05,10.283657407687999,0.1,36.81050410629964,58.05967081709798,0.725129689003646,3.9552528491107646,26.3683523274051
30.6543133,0.05,13.384126456297315,0.1,38.12149808320086,75.85949867597273,0.943752506533784,5.147740944729735,34.31827296486488
22.152159,0.05,22.009772323479226,0.1,63.6264681009708,121.67854271248154,1.5519711253735444,8.465297047492005,56.4353136499467
