Time,Probability,RiskPremium,T0,T1,T2,Z,Expected,CVaR
68.7274759,0.25,19.05687796501434,0.09999999999999609,20.629101787413063,20.629101787413063,4.787275786123673,10.029935771060178,20.62910179063671
74.8505522,0.25,44.72889577497749,0.09999999999999076,47.17276708057469,47.17276708057469,11.734874487365245,23.541524092093592,47.17276708089071
56.8029149,0.25,15.270184111585657,0.1,14.542016048567247,14.542016048567247,4.631214288960697,8.036939006097715,14.542016047415897
49.2657,0.25,15.462437577397784,0.09999999999999609,14.909881822242326,14.909881822242326,4.615609825006592,8.138125040735659,14.909881819874606
24.0381326,0.25,29.959300568972505,0.1,28.832315292929376,28.832315292929376,8.965542693177781,15.768052931038092,28.832315292929376
109.8312286,0.25,52.21604822947363,0.1,48.4337149256863,48.4337149256863,16.353283873413012,27.482130647091733,48.43371491951436
