Time,Probability,RiskPremium,T0,T1,T2,Z,Expected,CVaR
21.1687397,0.2,23.219110668149295,0.09999999999999609,25.079896307260594,25.079896307260594,7.382374478207708,9.674629445062147,25.079896307260594
43.220046,0.2,47.78437694278423,0.1,47.85974158388322,47.859741583883164,16.694386073534883,19.910157059493514,47.85974158388324
15.5150173,0.2,19.141579111501446,0.1,19.020860459803533,19.020860459803533,6.7478401497046425,7.975657963125682,19.020860459803533
89.7177117,0.2,19.34250781489581,0.09999999999999609,19.127577090137066,19.127577090137066,6.855850022988861,8.059378256206601,19.12757709545754
48.1756912,0.2,32.92443193568011,0.1,29.425995754773208,29.425995754773133,12.922925648823753,13.718513306533417,29.425995757340896
53.1758642,0.2,55.063676727937825,0.1,48.81844201528838,48.81844200294429,21.77038074477547,22.943198636640755,48.818442002944415
