Time,Probability,RiskPremium,T0,T1,T2,Z,Expected,CVaR
7.3665987,0.1,14.648890306742292,0.1,63.178093761888086,109.79111751075695,4.058770139624612,7.7099422667064745,36.51172127081854
6.5611187,0.1,24.291620639025002,0.1,63.6545343968845,159.2186616820817,6.800527665207639,12.785063494223687,59.84535829016043
6.2775757,0.1,12.344284753563153,0.1,36.7901540834119,61.683831872068886,3.578455489382417,6.496991975559554,29.185364861771397
6.2061823,0.1,12.34846590415254,0.1,36.81050410629964,58.73116960119909,3.571324527073713,6.499192581132909,29.278680540592017
6.2381489,0.1,18.09729549192514,0.1,38.121498083200855,75.85949867597274,5.508371697231567,9.524892364171135,40.16520666939552
5.7081079,0.1,29.95620759297579,0.1,63.62646810097078,121.6785427124816,9.01872920488274,15.766425048934627,67.47695844051894
