Time,Probability,RiskPremium,T0,T1,T2,Z,Expected,CVaR
22.755299,0.25,18.098637079878607,0.1,20.710521459245516,20.710521459245516,4.314335623631012,10.054798377710226,20.710521459245516
85.5712566,0.25,42.379724551538715,0.1,47.18181136259013,47.18181136259013,10.562301153243238,23.54429141752132,47.18181136259024
54.5475036,0.25,14.612967373960586,0.09999999999999609,14.808220912361698,14.808220912361698,4.153185169693401,8.118315207755895,14.80822091207386
13.0087007,0.25,14.648005220120274,0.09999999999999609,14.908749047206943,14.908749047206943,4.140385612998838,8.137780677844688,14.908749047206943
48.438837,0.25,28.411368287895524,0.1,28.884774992049042,28.884774992049042,8.042036268977501,15.784093493275137,28.884774995111623
126.1395947,0.25,49.469591654577194,0.10000000000002984,48.43691971803902,48.43691971803902,14.652650546826212,27.483106474765226,48.43691971186708
