Time,Probability,RiskPremium,T0,T1,T2,Z,Expected,CVaR
14.4355918,0.15,13.69231713796017,0.1,18.770422294456832,18.77042229445683,2.8845711719840184,6.5201510180763,18.77042229779016
15.3947579,0.15,27.84390111453171,0.1,37.943200843894225,37.94320084389341,5.945430473863126,13.259000530729333,37.94320084484147
12.491019,0.15,12.047084265631907,0.1,15.081504137446545,15.081504137446545,3.039698401443345,5.736706793157983,15.081504138959547
15.0022279,0.15,12.091694789401659,0.1,15.083352090730104,15.083352090730104,3.0698541186716564,5.7579498997150464,15.083352102614835
29.7460404,0.15,23.123087299165444,0.1,28.886960328981083,28.886960328981083,5.855505115232698,11.010993951983577,28.886960328981083
58.2252366,0.15,37.79749773706478,0.1,48.57436923075293,48.57436923075293,9.097243018419995,17.998808446221435,48.57436922457418
