Time,Probability,RiskPremium,T0,T1,T2,Z,Expected,CVaR
14.7812439,0.1,14.648890306754886,0.1,63.178093761888086,109.79111751075695,3.540582294034601,7.709942266713103,41.69359972678494
13.1314893,0.1,24.291620639033578,0.09999999999999076,63.65453439738984,159.2186616820816,6.243600804724892,12.7850634942282,65.41462689503312
13.2710577,0.1,12.344284748983082,0.1,36.7901540834119,61.683831872068886,3.2503291102291247,6.496991973148991,32.46662862919868
27.7089433,0.1,12.348465904171674,0.1,36.81050410629964,58.73116960119902,3.266249038985789,6.49919258114298,32.329435421571986
22.9546745,0.1,18.09729549192514,0.1,38.121498083200855,75.85949867597274,5.099536688262122,9.524892364171135,44.25355675909002
21.8241094,0.1,29.95620759297579,0.1,63.62646810097078,121.6785427124816,8.229981768743345,15.766425048934627,75.36443280191287
