Time,Probability,RiskPremium,T0,T1,T2,Z,Expected,CVaR
16.799238,0.15,20.160748539532054,0.1,28.87210242483999,28.87210242483999,7.666078540083096,8.400311891471713,28.87210243135787
16.4282251,0.15,38.09040929384521,0.09999999999999076,49.57173208192198,49.57173208192198,15.47925977951244,15.871003872435486,49.571732081921965
13.890458,0.15,17.91586542488929,0.1,24.461262483943745,24.461262483943745,7.051657786470731,7.464943927037187,24.461262483943745
17.0904403,0.15,18.261088149665184,0.1,25.157638569742033,25.157638569742033,7.142531051306598,7.608786729027169,25.157638575684395
12.3934665,0.15,28.134920076954323,0.1,33.26401565548158,33.26401565548158,12.103810253539905,11.722883365397719,33.26401565548158
12.1296528,0.15,46.12446577185662,0.1,56.6907005521194,56.6907005521194,19.411503738714863,19.218527404940218,56.69070054594743
