Time,Probability,RiskPremium,T0,T1,T2,Z,Expected,CVaR
12.8259217,0.1,21.587838346796676,0.1,63.178093761888086,109.79111751075695,7.081164588069218,7.709942266713103,41.69359972678494
11.4795355,0.1,35.798177783838966,0.09999999999999076,63.65453439738984,159.2186616820816,12.487201609449752,12.7850634942282,65.41462689503312
10.2479575,0.1,18.191577524817163,0.1,36.7901540834119,61.683831872068886,6.500658220458239,6.496991973148991,32.46662862919868
10.7301501,0.1,18.197739227200362,0.1,36.81050410629964,58.73116960119902,6.53249807797158,6.49919258114298,32.329435421571986
12.8364626,0.1,26.669698619679195,0.1,38.121498083200855,75.85949867597274,10.199073376524296,9.524892364171135,44.25355675909002
12.7027417,0.1,44.14599013701695,0.1,63.62646810097078,121.6785427124816,16.45996353748667,15.766425048934627,75.36443280191287
