Time,Probability,RiskPremium,T0,T1,T2,Z,Expected,CVaR
24.6544123,0.25,43.30413266724702,0.1,63.17809376188807,156.54192510569595,24.80714900310724,15.46576166687393,45.77798163953224
24.7028311,0.25,82.71379761924864,0.1,63.6545343968845,159.2186616820817,48.46270122434637,29.540642006874442,76.6451858871527
23.3031342,0.25,33.98945052300957,0.1,36.7901540834119,70.95489073513308,19.819300347438308,12.139089472503418,32.44969650318193
23.1628527,0.25,33.99583708250236,0.1,36.81050410629964,70.14192940826788,19.84466062493011,12.14137038660799,32.23943109625061
21.3096465,0.25,58.90904059232944,0.1,38.121498083200855,91.54684087940345,34.5550774234958,21.038943068689104,54.18914407013498
21.529685,0.25,103.09711235490673,0.1,63.62646810097078,169.065317266968,60.52186856891935,36.820397269609536,94.36886243338787
