Time,Probability,RiskPremium,T0,T1,T2,Z,Expected,CVaR
41.6754676,0.1,11.26457871660024,0.1,17.716216784096456,17.716216784096467,1.3619473238115496,4.693574465250124,17.716216784096467
60.0153755,0.1,18.768763848102658,0.1,29.496318547148697,29.496318547148604,2.278045466838357,7.820318270042699,29.49631854809667
38.7938172,0.1,10.285768271734273,0.1,15.777620289804759,15.777620289804759,1.403278087878798,4.285736779889262,15.777620289804764
15.4737098,0.1,10.098171024192416,0.1,15.488082325371517,15.488082325371517,1.3783953360418553,4.207571260080156,15.488082330256178
30.6404339,0.1,18.73277049638237,0.1,28.952016656454695,28.95201665278953,2.468771211170978,7.805321040159303,28.95201665278953
7.9768466,0.1,30.998845129973038,0.1,48.57410577515166,48.57410577515166,3.8194915380001184,12.916185470822063,48.57410577369924
