Time,Probability,RiskPremium,T0,T1,T2,Z,Expected,CVaR
19.4885712,0.2,36.668295833733794,0.1,63.17809376188807,156.54192510569598,13.37275831618495,13.095819940619208,47.094878530384605
17.6008406,0.2,67.72732748371968,0.1,63.6545343968845,159.2186616820817,28.021133750438032,24.188331244185548,75.91453954117243
17.0300829,0.2,29.11076743299872,0.1,36.7901540834119,70.95489073513308,11.752242526855813,10.396702654642404,33.602776826310794
16.3882199,0.2,29.116911489907345,0.1,36.81050410629964,70.1419294082679,11.887435885667404,10.3988969606812,33.16749243921033
17.2056997,0.2,48.67671822112456,0.1,38.121498083200855,91.54684087940345,20.675060704070727,17.384542221830234,52.774926539242415
16.6945596,0.2,83.79841681479866,0.1,63.62646810097078,169.065317266968,34.73104201819096,29.92800600528522,93.7259019763601
