Time,Probability,RiskPremium,T0,T1,T2,Z,Expected,CVaR
55.8610951,0.15,11.857024763071147,0.1,16.417070878059157,16.417070878059157,2.2575169100336057,5.928512381535573,16.417070871541267
56.8055347,0.15,25.050728119905337,0.1,34.98580799371613,34.98580799371613,4.664208682693056,12.525364059952668,34.98580799498021
38.5627367,0.15,11.119512738644278,0.09999999999999609,14.37592557089128,14.37592557089128,2.474097148640543,5.559756369322139,14.37592557126953
50.2297062,0.15,11.160971945830969,0.09999999999999609,14.37931410226178,14.37931410226178,2.500896125564502,5.5804859729154845,14.379314108204142
114.7292739,0.15,21.97676690260893,0.1,28.795498248602613,28.795498248602613,4.7558932711781665,10.988383451304465,28.795498251665194
53.629437,0.15,35.929444736816585,0.1,48.43744210876381,48.43744210876381,7.299270461443963,17.96472236840827,48.43744210259184
