Time,Probability,RiskPremium,T0,T1,T2,Z,Expected,CVaR
24.911258,0.2,36.668295833733794,0.1,63.17809376188807,156.54192510569598,20.172570034138026,13.095819940619208,47.094878530384605
33.7009632,0.2,67.72732748371968,0.1,63.6545343968845,159.2186616820817,38.366375409835406,24.188331244185548,75.91453954117243
22.0094549,0.2,29.11076743299872,0.1,36.7901540834119,70.95489073513308,16.393457361189498,10.396702654642404,33.602776826310794
33.3488097,0.2,29.116911489907345,0.1,36.81050410629964,70.1419294082679,16.44115498137324,10.3988969606812,33.16749243921033
16.7400105,0.2,48.67671822112456,0.1,38.121498083200855,91.54684087940345,27.753137567553157,17.384542221830234,52.774926539242415
12.393741,0.2,83.79841681479866,0.1,63.62646810097078,169.065317266968,47.49062121240595,29.92800600528522,93.7259019763601
