Time,Probability,RiskPremium,T0,T1,T2,Z,Expected,CVaR
14.662111,0.1,12.335907626730359,0.1,63.178093761888086,109.79111751075695,1.7457874596126788,7.7099422667064745,36.51172127081854
23.4236534,0.1,20.45610159075791,0.1,63.6545343968845,159.2186616820817,2.9650086169405534,12.785063494223687,59.84535829016043
17.313499,0.1,10.395187160895288,0.1,36.7901540834119,61.683831872068886,1.6293578967145521,6.496991975559554,29.185364861771397
15.7847292,0.1,10.398708129812668,0.1,36.81050410629964,58.73116960119909,1.6215667527338407,6.499192581132909,29.278680540592017
24.1413827,0.1,15.239827782673828,0.1,38.121498083200855,75.85949867597274,2.6509039879802576,9.524892364171135,40.16520666939552
14.0241111,0.1,25.2262800782954,0.1,63.62646810097078,121.6785427124816,4.28880169020235,15.766425048934627,67.47695844051894
