Time,Probability,RiskPremium,T0,T1,T2,Z,Expected,CVaR
24.2242972,0.2,24.203238027501992,0.1,33.903157740416525,33.903157740416525,9.766513310359162,11.001471830682757,33.903157740416525
18.2055521,0.2,46.66535777516574,0.1,56.714190937550114,56.714190937550114,20.12843181212049,21.211526261439,56.7141909388142
21.6095266,0.2,20.656374621795155,0.1,27.105718032289538,27.105718032289538,8.609644903985437,9.389261191725046,27.105718032289538
36.3639884,0.2,20.845592015771253,0.09999999999999609,27.241189951066662,27.241189951066662,8.70543478974509,9.475269098077844,27.241189951066662
17.2096163,0.2,33.20939427612653,0.1,37.98344745853257,37.98344745853257,14.680974823388683,15.095179216421144,37.98344745853257
13.8791743,0.2,63.53659816889473,0.1,63.62646810097078,93.9491671398328,24.895991987210568,28.88027189495201,93.9491671398328
