Time,Probability,RiskPremium,T0,T1,T2,Z,Expected,CVaR
21.1833484,0.2,28.81080386936227,0.1,63.17809376188807,156.54192510569598,9.906134791366053,13.095819940619208,42.140065627504306
18.103862,0.2,53.21432873720826,0.1,63.6545343968845,159.2186616820817,20.021524257281236,24.188331244185548,69.21069742289262
21.7905207,0.2,22.872745840213298,0.1,36.7901540834119,70.95489073513308,8.350196817521732,10.396702654642404,31.02593449488825
17.9650463,0.2,22.877573313498637,0.1,36.81050410629964,70.1419294082679,8.40991977524442,10.3988969606812,30.742679848546288
18.2921149,0.2,38.24599288802655,0.1,38.121498083200855,91.54684087940345,14.797556120117665,17.384542221830234,47.70401495222346
18.1672921,0.2,65.84161321162753,0.1,63.62646810097078,169.065317266968,25.156106258184973,29.92800600528522,83.71551074607174
