Time,Probability,RiskPremium,T0,T1,T2,Z,Expected,CVaR
7.9281466,0.2,18.453833642987846,0.09999999999999432,25.254152941303623,25.254152941303623,4.855887389887126,9.712544022625217,25.2541529445273
16.4927087,0.2,37.87777616183195,0.09999999999999076,47.97570237339743,47.97570237339743,10.932096820391408,19.935671664122097,47.97570237339617
19.1434901,0.2,15.299913568563246,0.1,19.372134907988208,19.372134907988208,4.417440273246715,8.052586088717584,19.372134915113644
47.5864133,0.2,15.402315327964544,0.09999999999999609,19.34299082787309,19.34299082787309,4.486706306263119,8.10648175156023,19.342990832125064
7.0123155,0.2,26.143310592723456,0.1,29.612986832102468,29.612986832102468,8.420336019148976,13.759637154065029,29.612986832102468
6.69149,0.2,43.604205817325344,0.1,48.84744766752531,48.84744766752531,14.18015739360504,22.949582009118437,48.84744766752531
