Time,Probability,RiskPremium,T0,T1,T2,Z,Expected,CVaR
39.3194458,0.15,20.226232021178543,0.09999999999999432,24.85645523596685,24.85645523596685,6.46991468272523,7.77932000814562,24.85645523759632
26.456334,0.15,40.79876713712129,0.09999999999999076,48.312676461306566,48.312676461306566,13.689638590941293,15.691833514277405,48.31267646257064
11.9083025,0.15,17.77531401466071,0.1,20.265785666820804,20.265785666820804,6.238460527608257,6.836659236408,20.26578566682081
40.9464338,0.15,17.88984834877727,0.1,20.349924668781348,20.349924668781348,6.294912625429674,6.880710903375866,20.349924674723702
12.8491805,0.15,29.13129564915024,0.1,29.83640076969486,29.83640076969486,11.40573146746952,11.204344480442431,29.83640076969486
15.5397414,0.15,47.12925362975466,0.09999999999998721,49.226693239095894,49.226693239095894,18.11759759079264,18.126636011444074,49.22669323292392
