Time,Probability,RiskPremium,T0,T1,T2,Z,Expected,CVaR
9.4151313,0.1,0.0,2.0,0.0,0.0,-0.0,0.0,0.0
6.8742365,0.1,0.0,2.0,0.0,0.0,-0.0,0.0,0.0
10.8218842,0.1,0.0,2.0,0.0,0.0,-0.0,0.0,0.0
8.7078958,0.1,0.0,2.0,0.0,0.0,-0.0,0.0,0.0
9.0697208,0.1,0.0,2.0,0.0,0.0,-0.0,0.0,0.0
8.1010403,0.1,0.0,2.0,0.0,0.0,-0.0,0.0,0.0
