Time,Probability,RiskPremium,T0,T1,T2,Z,Expected,CVaR
16.3233769,0.2,20.18864809720723,0.1,23.002398954383978,23.002398954383978,5.481693579851594,9.17665822600339,23.002398954383978
31.5071269,0.2,43.52419917279368,0.1,47.32203959971069,47.322039599710685,12.72514719487466,19.783726896724552,47.32203959971069
31.2649926,0.2,16.279673316189054,0.1,16.614745561879513,16.614745561879513,5.193864187022054,7.399851507358649,16.614745561879513
63.952504,0.2,16.209346141585264,0.1,16.226304031345254,16.226304031345254,5.29809376103214,7.367884609811432,16.226304036665727
113.8772167,0.2,30.0064155966864,0.1,29.08978416994651,29.08978416994651,10.186934038702576,13.63927981667562,29.08978416994651
60.7138161,0.2,50.34893909334203,0.1,48.57525563608472,48.5752556376277,17.187307994652194,22.885881406064577,48.5752556376277
