Time,Probability,RiskPremium,T0,T1,T2,Z,Expected,CVaR
47.5551612,0.25,29.212615305041457,0.1,33.24226579195469,33.24226579195469,12.403252475331668,12.701137089148583,33.24226579195469
21.5983562,0.25,58.78219912191197,0.1,58.27326486736187,58.27326486736187,26.68156384516585,25.55747787909199,58.27326486736187
22.4798203,0.25,25.036112887598843,0.1,26.596427303576014,26.596427303576014,11.00861424858844,10.885266472869018,26.596427303576014
23.1400598,0.25,25.28909488565362,0.09999999999999609,27.024221134421587,27.024221134421587,11.088043742138604,10.995258645936435,27.02422113382966
21.6818954,0.25,45.85354676205996,0.1,38.121498083200855,51.71944299240526,19.560598420253587,19.93632467915661,51.71944299240526
14.4805502,0.25,81.1300509136786,0.1,63.62646810097078,93.62344352831396,34.18621406412743,35.2739351798603,93.62344352831396
