Time,Probability,RiskPremium,T0,T1,T2,Z,Expected,CVaR
11.6962497,0.05,10.906796632414629,0.1,63.178093761888086,109.79111751075692,2.726699158103651,4.544498596839426,22.722492984197146
11.1110784,0.05,16.65617468662054,0.1,63.6545343968845,119.67234110440711,4.164043671655127,6.940072786091891,34.700363930459446
13.8578652,0.05,9.487615062919431,0.1,36.7901540834119,61.68383187206887,2.3719037657298565,3.953172942883093,19.765864714415475
17.5020583,0.05,9.49260683786584,0.1,36.81050410629964,58.05967081709798,2.3731517094664576,3.9552528491107646,19.77626424555384
13.0820533,0.05,12.354578267351366,0.1,38.12149808320086,75.85949867597273,3.08864456683784,5.147740944729735,25.738704723648695
16.4417669,0.05,20.31671291398082,0.1,63.6264681009708,121.67854271248154,5.0791782284952,8.465297047492005,42.32648523746003
