Time,Probability,RiskPremium,T0,T1,T2,Z,Expected,CVaR
23.0127783,0.25,31.925600680910346,0.09999999999999432,27.598039378310922,27.598039378310922,13.791806999205333,11.824296548485338,27.59803938153457
19.2868325,0.25,65.92548459976432,0.0999999999999801,51.061639345130025,51.061639345130025,30.850721172370434,24.41684614806067,51.06163934639411
18.158022,0.25,28.435749480474527,0.09999999999999254,24.42303206947656,24.423032070627908,12.347481212576358,10.531759066842426,24.423032069481675
18.4230986,0.25,28.592720736867506,0.1,24.48898485678859,24.48898485678859,12.443188852625948,10.589896569210186,24.48898485678859
17.6924941,0.25,46.464824804895045,0.1,35.04164440920016,35.04164440920016,22.122650417904822,17.209194372183497,35.04164440920016
23.7896072,0.25,79.82673487241892,0.09999999999999432,58.151886514374546,58.151886514374546,38.82670585551358,29.565457360155268,58.15188650203069
