Time,Probability,RiskPremium,T0,T1,T2,Z,Expected,CVaR
11.2288466,0.1,6.613105900865586,0.1,14.30258543615429,14.30258543615429,0.1199128192274147,3.890062294626841,14.302585442672155
7.6553594,0.1,12.76692123719192,0.09999999999999076,28.233624327493477,28.233624327493477,0.07604990330026429,7.509953668936488,28.23362432875756
14.134566,0.1,6.699206165460378,0.09999999999999609,14.31385245232726,14.313852452327259,0.16521092017953082,3.940709509094397,14.313852453840267
5.622027,0.1,6.680929708584583,0.09999999999999609,14.309342156386684,14.309342156386684,0.15612518555303012,3.9299586521085805,14.309342135800458
6.2291867,0.1,13.035919576024057,0.09999999999999076,28.404629438124864,28.404629438124864,0.18362122707174144,7.668187985896435,28.40462943811982
11.3379268,0.1,21.871513972746662,0.1,48.36716223838779,48.3671622398402,0.13052607223206447,12.865596454557014,48.36716223838778
