Time,Probability,RiskPremium,T0,T1,T2,Z,Expected,CVaR
19.9564554,0.2,22.854270290118148,0.1,26.356048406448863,26.356048406448863,7.991808288582291,9.936639256573113,26.356048406448863
18.6467119,0.2,46.19882209586882,0.09999999999998721,48.71195342035829,48.71195342035829,17.524724996726462,20.086444389508024,48.711953421622376
17.8107088,0.2,19.765944404471778,0.1,22.05895710271173,22.05895710271173,7.13253506360165,8.593888871509481,22.05895710271173
15.3397118,0.2,20.027114897433357,0.1,22.32856105505609,22.32856105505609,7.233337697492843,8.707441259753605,22.32856106037656
36.2466522,0.2,32.435745953495996,0.1,31.327320357757127,31.327320354694546,13.16580107771352,14.102498240650505,31.327320357757127
34.48488,0.2,54.01617861920454,0.1,51.553620116378696,51.553620116378696,22.11038604986301,23.485295051828068,51.55362011020676
