Time,Probability,RiskPremium,T0,T1,T2,Z,Expected,CVaR
58.1489432,0.15,17.586683448941308,0.1,21.06316029503156,21.063160295031558,4.940615303182723,7.034673379576567,21.06316029503156
10.3065168,0.15,38.786487112909796,0.1,47.40464691809775,47.40464691809775,10.515871437561062,15.51459484516392,47.40464692062593
43.9922476,0.15,15.983220989092116,0.1,17.98650231743882,17.98650231743882,4.952647024734448,6.393288395636845,17.986502317438823
18.1294518,0.15,16.316715154967827,0.1,18.51416986542957,18.51416986542957,4.995035569226723,6.526686061987222,18.51416987137193
52.7162384,0.15,27.72767113212256,0.1,29.2411909307154,29.2411909307154,9.376553688126826,11.091068452849095,29.241190930715717
117.8778698,0.15,45.08940063379528,0.1,48.74294470347399,48.74294470347399,14.77076660276364,18.035760253518223,48.742944697302015
