Time,Probability,RiskPremium,T0,T1,T2,Z,Expected,CVaR
57.1747963,0.15,8.182386001615663,0.1,13.52011864705258,13.52011864705258,0.5465565317539607,5.113991251009821,13.520118647182938
89.8565885,0.15,16.921535638216888,0.1,28.09620710740529,28.09620710740529,1.0895016638961357,10.575959773885478,28.09620710866936
26.7881512,0.15,8.508559257014344,0.1,13.57248618086683,13.57248618086683,0.7143187273566046,5.317849535633899,13.572486182379825
31.1980059,0.15,8.589884427562957,0.1,13.669306820604808,13.669306820604808,0.7310179434313916,5.368677767226848,13.669306823575987
28.4561613,0.15,16.804647074871156,0.1,27.12365693433774,27.12365693433774,1.315516898394809,10.502904421794472,27.12365693740032
34.8971869,0.15,28.24376752520596,0.1,47.376841076114125,47.376841076114125,1.6740669105568822,17.65235470325382,47.376841074571125
