Time,Probability,RiskPremium,T0,T1,T2,Z,Expected,CVaR
24.1523538,0.25,33.33145448149737,0.09999999999999787,30.732803192205985,30.732803192205985,15.470125324928729,12.344983141295357,30.732803192205985
12.2867112,0.25,67.91913099406041,0.1,55.41477979624389,55.41477979624389,33.68603346375549,25.155233701503906,55.414779797507975
24.9970326,0.25,29.202162176014113,0.09999999999999609,26.10081912909144,26.10081912909144,13.80098550310998,10.815615620745914,26.100819127940092
17.5668079,0.25,29.35795542915687,0.1,26.16508597354911,26.16508597354911,13.897107859872888,10.873316825613651,26.165085971181398
19.3870139,0.25,53.10567520713621,0.1,38.121498083200855,49.852649633749365,24.381742300346605,19.668768595235537,49.852649633749365
18.2015034,0.25,94.81888327021234,0.1,63.62646810097078,92.53438712311755,42.47589369285158,35.11810491489357,92.53438712311755
