Time,Probability,RiskPremium,T0,T1,T2,Z,Expected,CVaR
23.8859585,0.15,17.80876609576736,0.09999999999999609,22.95947671223933,22.95947671223933,4.9497417599320634,7.420319206569792,22.959476718757223
93.93675,0.15,37.44202100358102,0.09999999999999076,47.82223819041049,47.82223819041049,10.563690281356346,15.600842084825372,47.822238191680185
34.7838122,0.15,15.755781006941115,0.09999999999999609,18.815553116815337,18.815553116815337,4.903146726543483,6.564908752892072,18.815553117193588
15.8622856,0.15,15.86638483385266,0.09999999999999609,18.924087456077523,18.924087456077523,4.945808329643937,6.610993680771873,18.924087462019884
37.6439518,0.15,26.679036195759465,0.1,29.36466553208178,29.36466553208178,9.175830955440759,11.116265081566404,29.36466553514436
14.1315696,0.15,43.307436940705585,0.09999999999998721,48.78695461308991,48.78695461308991,14.502905323509925,18.044765391960535,48.78695460691794
