Time,Probability,RiskPremium,T0,T1,T2,Z,Expected,CVaR
55.423842,0.2,15.787795233022566,0.1,25.997826024380412,25.997826024380412,3.500855111338659,9.867372020639156,25.997826027604088
73.3593771,0.2,32.07516286543754,0.1,48.5039251551969,48.5039251551969,7.759643819704718,20.04697679089849,48.50392515646099
8.5628799,0.2,13.324557686236108,0.09999999999999609,20.681663990385097,20.681663990385097,3.1436368166923465,8.327848553897558,20.68166399153879
5.697198,0.2,13.556512878571144,0.1,21.11436362354905,21.114363623548776,3.1874608677979097,8.472820549106943,21.114363626882106
9.6421177,0.2,22.300240212775726,0.09999999999999076,30.46955844856302,30.46955844856302,5.882803831994696,13.937650132984782,30.469558451625602
9.577397,0.2,37.03315388143056,0.1,49.80417806249051,49.80417806249051,9.888664174398372,23.145721175894213,49.8041780501466
