Time,Probability,RiskPremium,T0,T1,T2,Z,Expected,CVaR
22.8723288,0.25,19.520348447121904,0.1,25.89638637628903,25.89638637628903,5.155024843162007,11.482557910071732,25.89638637951268
6.8316478,0.25,40.756605593140264,0.0999999999999801,48.83901367670589,48.83901367670589,11.809223754892141,23.974473878317614,48.83901367796997
18.6121372,0.25,17.155662892097087,0.1,22.322160372990556,22.322160372990556,4.6179776915759945,10.091566407115836,22.322160374141905
10.1505115,0.25,17.54072632650389,0.09999999999999609,23.186497645140108,23.186497645140108,4.648967350182896,10.31807430970814,23.186497642772395
7.2055651,0.25,28.41646531326204,0.09999999999999076,32.6706004027979,32.6706004027979,8.50989096702535,16.71556783133071,32.67060040586048
7.9712765,0.25,47.91479373435812,0.09999999999999432,51.38622079910924,51.38622079910924,15.089411346911607,28.185172784916436,51.38622079756625
