Time,Probability,RiskPremium,T0,T1,T2,Z,Expected,CVaR
5.7446318,0.2,11.054191899507483,0.1,13.787546898215021,13.787546898215021,1.6376936462776426,6.502465823239679,13.787546898215021
19.7634631,0.2,24.019185860288424,0.1,30.137043407682327,30.137043407682327,3.4870087818197155,14.128932858993153,30.137043407682327
61.7140843,0.2,10.99904396161369,0.1,13.328055701168905,13.328055701168905,1.7858061624279773,6.470025859772701,13.328055708305156
27.1196357,0.2,11.13923902511103,0.1,13.351799323388997,13.351799323388997,1.867023169245689,6.552493544182853,13.351799323388997
22.4331029,0.2,22.075890027772132,0.09999999999999076,26.954465455918385,26.954465455918385,3.502613246142456,12.985817663395402,26.954465458980952
122.1579848,0.2,38.24147642055814,0.1,47.29546034394363,47.29546034394363,5.826300607605347,22.49498612974006,47.29546033777169
