Time,Probability,RiskPremium,T0,T1,T2,Z,Expected,CVaR
56.7418688,0.2,30.010929024006337,0.09999999999999432,28.78077981450506,28.78077981450506,13.211068547937753,10.348596215174664,28.780779817728735
16.2748918,0.2,58.98001730295831,0.1,50.26512598311481,50.26512598311481,28.1675641568777,20.337937001020055,50.26512598690706
27.1775742,0.2,26.455855389745736,0.09999999999999609,25.114847770869282,25.114847770869282,11.735897979799724,9.122708755084743,25.114847768974045
14.5641789,0.2,26.596252870401194,0.09999999999999254,24.987443473869483,24.987443473869483,11.889418561043058,9.171121679448673,24.987443479189956
12.5492191,0.2,42.350795826645395,0.1,34.25165082640286,34.25165082640286,20.870298282084406,14.603722698843109,34.25165082946544
13.3107397,0.2,71.19393094393502,0.1,57.88946631499789,57.88946631499789,34.97535735186075,24.54963135997752,57.889466308825945
