Time,Probability,RiskPremium,T0,T1,T2,Z,Expected,CVaR
63.9032909,0.2,17.539774886837336,0.1,21.405277819634637,21.405277819634637,4.34750081061483,8.769887443418666,21.405277822858313
20.467068,0.2,39.507072914065695,0.09999999999999076,47.20366701372694,47.20366701372694,10.145990761747495,19.753536457032848,47.20366701499103
15.1904304,0.2,14.45809480246229,0.1,15.940637859485149,15.940637859485149,4.179990738344509,7.229047401231141,15.9406378666214
67.6043565,0.2,14.279280760738267,0.1,15.325320058649265,15.325320058649265,4.2746524929710965,7.139640380369132,15.325320058649265
35.1566284,0.2,27.2106613676377,0.1,28.956878120996436,28.95687812099643,8.232289080806737,13.60533068381885,28.956878120996436
45.8071489,0.2,45.77175789279836,0.09999999999998721,48.575245805119756,48.575245805119756,13.89460054800718,22.88587894639916,48.57524579894781
