Time,Probability,RiskPremium,T0,T1,T2,Z,Expected,CVaR
13.3143726,0.1,21.587838346778113,0.1,63.178093761888086,109.79111751075695,8.780347461069823,7.7099422667064745,41.693599726718645
13.956037,0.1,35.79817778382633,0.1,63.6545343968845,159.2186616820817,15.118679779487987,12.785063494223687,65.414626894988
12.0428701,0.1,18.191577531566743,0.1,36.7901540834119,61.683831872068886,7.799140054345479,6.496991975559554,32.46662865330432
11.3680411,0.1,18.19773922717216,0.1,36.81050410629964,58.73116960119909,7.824010219988496,6.499192581132909,32.32943542147129
16.0285517,0.1,26.669698619679195,0.1,38.121498083200855,75.85949867597274,11.935506596270233,9.524892364171135,44.25355675909002
13.3308809,0.1,44.14599013701696,0.1,63.62646810097078,121.6785427124816,19.439863925135587,15.766425048934627,75.36443280191288
