Time,Probability,RiskPremium,T0,T1,T2,Z,Expected,CVaR
6.6490235,0.2,24.88205788717649,0.1,63.17809376188807,156.54192510569598,5.977388809180273,13.095819940619208,42.140065627504306
7.5576952,0.2,45.957829363952634,0.1,63.6545343968845,159.2186616820817,12.765024884025607,24.188331244185548,69.21069742289262
6.622861,0.2,19.753735043820555,0.1,36.7901540834119,70.95489073513308,5.231186021128989,10.396702654642404,31.02593449488825
6.1810997,0.2,19.757904225294297,0.1,36.81050410629964,70.1419294082679,5.29025068704008,10.3988969606812,30.742679848546288
7.0065538,0.2,33.03063022147739,0.1,38.121498083200855,91.54684087940345,9.582193453568536,17.384542221830234,47.70401495222346
6.0721391,0.2,56.863211410041956,0.1,63.62646810097078,169.065317266968,16.177704456599443,29.92800600528522,83.71551074607174
