Time,Probability,RiskPremium,T0,T1,T2,Z,Expected,CVaR
20.2328848,0.2,20.95331190499075,0.1,63.17809376188807,156.54192510569598,3.500855111338783,13.095819940619208,42.140065627504306
18.3576067,0.2,38.70132999069692,0.1,63.6545343968845,159.21866168208157,7.759643819705296,24.188331244185548,69.21069742289262
19.2991558,0.2,16.63472424742787,0.1,36.7901540834119,70.954890735133,3.143636816748592,10.396702654642404,31.02593449488825
18.7639906,0.2,16.638235137089925,0.1,36.81050410629964,70.1419294082679,3.1877707432289646,10.3988969606812,30.742679848546288
18.7818467,0.2,27.815267554928358,0.1,38.121498083200855,91.54684087940345,5.882804423539161,17.384542221830234,47.70401495222346
16.5369222,0.2,47.88480960845637,0.1,63.62646810097078,169.065317266968,9.88867789205315,29.92800600528522,83.71551074607174
