Time,Probability,RiskPremium,T0,T1,T2,Z,Expected,CVaR
22.1006195,0.2,31.429967857486098,0.1,63.17809376188807,156.54192510569598,12.525298779489882,13.095819940619208,42.140065627504306
19.6154356,0.2,58.051994986045436,0.1,63.6545343968845,159.2186616820817,24.859190506118413,24.188331244185548,69.21069742289262
21.0648963,0.2,24.952086371141746,0.1,36.7901540834119,70.95489073513308,10.42953734845018,10.396702654642404,31.02593449488825
19.4048406,0.2,24.9573527056349,0.1,36.81050410629964,70.1419294082679,10.489699167380683,10.3988969606812,30.742679848546288
19.7679865,0.2,41.722901332392496,0.1,38.121498083200855,91.54684087940345,18.274464564483612,17.384542221830234,47.70401495222346
16.5942689,0.2,71.82721441268458,0.1,63.62646810097078,169.065317266968,31.141707459241967,29.92800600528522,83.71551074607174
