Time,Probability,RiskPremium,T0,T1,T2,Z,Expected,CVaR
18.5587132,0.2,30.5239153665191,0.1,30.0152077801474,30.0152077801474,14.151511392280659,10.525488057420338,30.0152077801474
17.051331,0.2,60.36584201798518,0.1,53.50962457594778,53.50962457594778,29.741889330135518,20.815807592408632,53.509624577211866
15.9553824,0.2,26.873744647465863,0.1,26.10081912080383,26.10081912080383,12.55673295969558,9.266808499126157,26.10081912794008
28.7022426,0.2,27.05638746822974,0.09999999999999609,26.07525246452323,26.07525246452323,12.70295957977292,9.329788782148167,26.075252469843704
16.2973514,0.2,42.70162645554653,0.1,35.045251247929414,35.045251247929414,21.88076193672541,14.72469877777471,35.045251247929414
16.1878237,0.2,72.706224874806,0.1,61.494405681605606,61.49440568777755,36.70812475226769,25.071112025795134,61.494405681605606
