Time,Probability,RiskPremium,T0,T1,T2,Z,Expected,CVaR
34.9804082,0.15,20.557695027767167,0.1,23.963656389090065,23.963656389090065,6.403855799293937,7.613961121395235,23.963656389090065
25.7423776,0.15,42.170970375126544,0.1,47.91592034837622,47.91592034837622,13.633275485747884,15.6188779167134,47.91592034837622
42.9249663,0.15,17.94907397879476,0.1,19.24324872518724,19.24324872518724,6.263091382321001,6.647805177331359,19.24324872518724
78.7708277,0.15,18.13150305505695,0.1,19.461003575886803,19.461003575886807,6.317878723578523,6.715371501872983,19.461003575886814
36.1513445,0.15,30.07327479462892,0.1,29.478507797606213,29.478507797606213,11.598921721224537,11.13824992393657,29.478507797606213
24.4436168,0.15,48.75861507328607,0.09999999999998721,48.85842943923856,48.85842943923856,18.379995505995876,18.058746323439525,48.85842943306659
