Time,Probability,RiskPremium,T0,T1,T2,Z,Expected,CVaR
19.108351,0.15,17.716354749157492,0.1,33.21894457217212,33.218944565654226,6.422100654819421,8.858177374578746,33.21894457217212
15.6055121,0.15,33.169455584230874,0.1,56.14532387170833,56.14532387170833,12.628668184156217,16.584727792115437,56.14532387170833
46.8032876,0.15,15.477218837607607,0.1,26.998091741133496,26.998091741133496,5.812661186570365,7.7386094188038,26.998091741138186
30.0705744,0.15,15.678041471076483,0.09999999999999432,27.268509496055277,27.268509496055277,5.896071859448923,7.8390207355382255,27.268509496431626
6.1791133,0.15,23.894250407772695,0.1,35.206842918626215,35.206842918626215,9.621153432106121,11.947125203886348,35.206842921688796
5.4950465,0.15,39.695397791830324,0.1,62.51035982526223,62.51035982526223,15.58143280359764,19.847698895915137,62.51035981909025
