Time,Probability,RiskPremium,T0,T1,T2,Z,Expected,CVaR
71.3387336,0.2,16.151939940905063,0.1,18.862597345845277,18.862597345845277,3.761319020295408,8.07596997045253,18.862597345845277
62.6287516,0.2,39.32284290775206,0.1,46.87418041596986,46.87418041596986,8.776317869038552,19.66142145387603,46.87418041596986
70.7185589,0.2,13.616707102471143,0.09999999999999609,14.371430311260754,14.371430311260754,3.7831228443709524,6.808353551235571,14.371430318397005
11.6045222,0.2,13.74468313350926,0.1,14.33235629383187,14.33235629383187,3.8883356759237175,6.87234156675463,14.33235629383187
52.2628718,0.2,27.082972506324246,0.1,28.722359724913147,28.722359724913147,7.469136864155474,13.54148625316212,28.722359725678803
46.8723709,0.2,45.657514811471664,0.1,48.365849763749054,48.365849763749054,12.6139204625306,22.82875740573583,48.365849763749075
