Time,Probability,RiskPremium,T0,T1,T2,Z,Expected,CVaR
89.6188165,0.2,25.65516725359589,0.09999999999999432,25.997826026798187,25.997826026798187,9.335613630185934,9.867372020613857,25.997826027604106
68.6775102,0.2,52.138007774629834,0.09999999999999076,48.534637396181736,48.534637396181736,20.69230486766008,20.053079913319273,48.534637397445834
33.6156818,0.2,21.652406239726055,0.10000000025741626,20.68166399012768,20.68166399012768,8.383031511327507,8.327848553740727,20.681663990385097
48.053877,0.2,21.970840134205833,0.1,21.00112157365899,21.00112157365899,8.500197626553778,8.450323128540703,21.001121576319072
59.4598046,0.2,36.23727719082169,0.1,30.468375362946887,30.468375362946887,15.687478462814703,13.937414304162182,30.468375363773784
33.9398584,0.2,60.164656254345864,0.1,49.77674274723464,49.77674274723464,26.369807712141323,23.14025240551766,49.77674274723464
