Time,Probability,RiskPremium,T0,T1,T2,Z,Expected,CVaR
21.5372529,0.2,30.120385863424193,0.1,63.17809376188807,156.54192510569598,10.22475420485191,13.095819940619208,47.094878530384605
17.9692995,0.2,55.63316186162689,0.1,63.6545343968845,159.2186616820817,21.099588958043903,24.188331244185548,75.91453954117243
25.3030516,0.2,23.91241610567753,0.1,36.7901540834119,70.95489073513308,8.874498616701459,10.396702654642404,33.602776826310794
18.7927327,0.2,23.917463009566774,0.1,36.81050410629964,70.1419294082679,8.964846953179748,10.3988969606812,33.16749243921033
20.2227091,0.2,39.984447110209516,0.1,38.121498083200855,91.54684087940345,15.52182802489684,17.384542221830234,52.774926539242415
19.5954224,0.2,68.83441381215601,0.1,63.62646810097078,169.065317266968,26.146828612655725,29.92800600528522,93.7259019763601
