Time,Probability,RiskPremium,T0,T1,T2,Z,Expected,CVaR
17.8884597,0.1,16.5108027783819,0.1,21.930607842477215,21.930607842477215,4.436399083107466,5.503600926127258,21.930607848995077
11.0512954,0.1,27.912998086382427,0.1,37.3100065344459,37.3100065344459,7.4063958548220326,9.30433269546078,37.31000653570998
11.2287281,0.1,15.28943118535792,0.09999999999999609,19.89955744955127,19.89955744955127,4.2717219678606035,5.096477061785945,19.899557451064286
46.5913705,0.1,15.355832215937076,0.1,20.116070566576283,20.116070566576283,4.238237545630665,5.118610738645684,20.11607056779745
23.4322776,0.1,23.882046541897726,0.09999999999999076,29.775055405677765,29.775055405677765,7.195615072713139,7.960682180632545,29.7750554020126
44.9475495,0.1,38.93034176708832,0.09999999999998721,48.89614315860906,48.89614315860906,11.585816152540561,12.976780589029453,48.896143152825196
