Time,Probability,RiskPremium,T0,T1,T2,Z,Expected,CVaR
23.0484725,0.05,2.0857169147348035e-11,2.0,0.0,0.0,-3.910719215127751e-12,1.303573071709252e-11,1.3035730717092522e-10
13.5773571,0.05,0.0,2.0,0.0,0.0,-0.0,0.0,0.0
12.656863,0.05,-1.6138831900510317e-12,0.1,0.0,0.0,-7.060738956473265e-13,-1.0086769937818947e-12,0.0
12.1201435,0.05,4.763409235004596,0.09999999626573697,20.770679803799126,20.770679803799126,0.006923559934601697,2.9771307718778868,20.770679803799126
11.6989229,0.05,-3.909508450306021e-12,2.0,0.0,0.0,-1.7104099470088848e-12,-2.443442781441263e-12,0.0
10.4618854,0.05,0.0,2.0,5.809681624668883e-9,5.809681624668883e-9,-0.0,0.0,0.0
