Time,Probability,RiskPremium,T0,T1,T2,Z,Expected,CVaR
85.2277413,0.25,28.867140459735413,0.09999999999999787,26.193618387305158,26.193618387305158,11.461579393182415,11.546856183894002,26.19361839054136
24.758473,0.25,60.018237111345314,0.09999999999999076,48.99444639499872,48.99444639499872,26.01608164702681,24.007294844538013,48.99444639398891
18.2477326,0.25,25.805082024326886,0.1,23.382670354042386,23.382670354042386,10.258794197332003,10.322032809730825,23.382670352891036
47.4611069,0.25,26.16020155282689,0.09999999999999609,23.862581932316566,23.86258193231657,10.336720408156284,10.464080621130831,23.86258192998042
9.0807995,0.25,42.22240445082137,0.1,33.486668898583524,33.486668898583524,18.694359821965637,16.888961780328568,33.486668901646105
8.0066101,0.25,71.46929499703496,0.1,53.25419147973582,53.25419147973582,33.01498760585256,28.58771799881395,53.25419147973582
