Time,Probability,RiskPremium,T0,T1,T2,Z,Expected,CVaR
16.5353674,0.15,24.473395010022706,0.1,31.990941331925626,31.990941331925626,11.082808169345354,8.74049821786527,31.990941331925637
14.1722618,0.15,46.05284573113461,0.1,54.70695795139794,54.70695795139794,21.953498217420858,16.447444903976656,54.70695795266203
14.9067186,0.15,21.46807036061281,0.1,26.246229134852996,26.246229134852996,10.085090144593094,7.6671679859331485,26.246229136365997
12.4329542,0.15,21.882810830908053,0.1,27.02264864639137,27.02264864639137,10.226049434467615,7.815289582467143,27.022648652333732
12.7877365,0.15,33.40427478689061,0.1,35.02310776889893,35.02310776889893,16.855574721958078,11.930098138175246,35.02310777196151
12.9852461,0.15,55.190458199454994,0.1,61.08062756236989,61.08062756236989,27.20563034551404,19.710877928376807,61.08062755619792
