Time,Probability,RiskPremium,T0,T1,T2,Z,Expected,CVaR
13.7043452,0.1,0.0,2.0,0.0,0.0,-0.0,0.0,0.0
11.9825557,0.1,0.0,2.0,0.0,0.0,-0.0,0.0,0.0
19.1209111,0.1,7.065923667858952,0.09999999999999963,14.257372738358546,14.257372738358546,0.040852641730110106,3.9255131488105377,14.257372739871554
12.4422096,0.1,7.049413594414235,0.09999999999999609,14.258563806119932,14.258563806119932,0.030405831062900845,3.9163408857856297,14.258563811004594
13.3240895,0.1,0.0,2.0,0.0,0.0,-0.0,0.0,0.0
13.1146722,0.1,0.0,2.0,0.0,0.0,-0.0,0.0,0.0
