Time,Probability,RiskPremium,T0,T1,T2,Z,Expected,CVaR
14.4572279,0.1,16.190878760083596,0.1,63.178093761888086,109.79111751075695,5.082570747375903,7.7099422667064745,41.693599726718645
12.7749187,0.1,26.84863333786975,0.1,63.6545343968845,159.2186616820817,8.800613503569636,12.785063494223687,65.414626894988
13.1025635,0.1,13.643683148675057,0.1,36.7901540834119,61.683831872068886,4.54972750534103,6.496991975559554,32.46662865330432
27.2358572,0.1,13.648304420379128,0.1,36.81050410629964,58.73116960119909,4.566087555212375,6.499192581132909,32.32943542147129
23.2905991,0.1,20.002273964759375,0.1,38.121498083200855,75.85949867597274,7.004515161096351,9.524892364171135,44.25355675909002
21.9281667,0.1,33.109492602762714,0.1,63.62646810097078,121.6785427124816,11.383266778530267,15.766425048934627,75.36443280191288
