Time,Probability,RiskPremium,T0,T1,T2,Z,Expected,CVaR
40.7457677,0.15,18.480695526906505,0.1,26.338867161314088,26.338867161314088,5.869664978849015,8.035085011698484,26.338867157134437
15.7961834,0.15,36.231616171326415,0.09999999999998721,48.67613997034554,48.67613997034554,12.247923731235604,15.752876596228829,48.67613997167704
11.9023848,0.15,16.11616457787757,0.09999999999999609,21.274268848014675,21.274268848014675,5.5423263078703755,7.007028077338014,21.274268848014675
26.3952736,0.15,16.403902609431068,0.1,21.840288808866756,21.84028880886673,5.594731730225991,7.132131569317834,21.840288808866756
8.6364474,0.15,26.08483185808294,0.1,30.63343676218505,30.63343676218505,9.920549234787412,11.341231242644794,30.63343676524763
18.2860852,0.15,42.41168626227642,0.09999999999998721,51.07972064504945,51.079720645049456,15.811858406793487,18.439863592294053,51.07972064504944
