Time,Probability,RiskPremium,T0,T1,T2,Z,Expected,CVaR
16.245572,0.15,12.005710613952848,0.1,17.950932413850573,17.950932413850573,2.1972743468374247,6.318795059975196,17.950932417109367
11.2610278,0.15,24.170745047437492,0.1,35.76595215611197,35.76595215611197,4.535948067337469,12.721444761809119,35.76595215611197
13.1594706,0.15,10.81675023740117,0.1,14.903723783162425,14.903723783162425,2.3605145934823244,5.693026440737478,14.903723784675433
18.6404232,0.15,10.84873725860493,0.09999999999999609,14.887822183103971,14.887822183103971,2.3854874026894137,5.709861715055231,14.887822184589561
51.7645731,0.15,20.893612270861038,0.1,28.82815939608465,28.82815939608465,4.547517825006124,10.996638037295286,28.828159399160842
47.1011365,0.15,34.16372093600556,0.1,48.50144767095918,48.50144767095918,7.026652607514839,17.980905755792403,48.50144766478721
