Time,Probability,RiskPremium,T0,T1,T2,Z,Expected,CVaR
7.7982802,0.05,5.479306552082036,0.09999999999999432,22.951374727770666,22.951374727770666,0.2833597280397726,3.223121501224723,22.951374729400133
5.0447368,0.05,7.826388563379894,0.09999999999999076,32.6503174310336,32.6503174310336,0.4179746400551476,4.603757978458762,32.65031742711862
4.1871525,0.05,5.350658091054135,0.09999999999999432,22.144400422164672,22.144400422164672,0.3035167063635784,3.1474459359142073,22.144400423677688
3.9327332,0.05,5.406488549073272,0.09999999999999432,22.284541706134604,22.284541706134604,0.31577573483278326,3.1802873818077937,22.284541706134604
4.9565891,0.05,7.667636056171957,0.1,31.707654917044838,31.707654917044838,0.43753382921356754,4.510374150689358,31.707654913379674
4.3662109,0.05,12.251380548729081,0.09999999999998721,50.84151186668958,50.84151186668958,0.6812043662550951,7.206694440428904,50.8415118608799
