Time,Probability,RiskPremium,T0,T1,T2,Z,Expected,CVaR
108.7346365,0.25,27.55813898408838,0.09999999999999787,25.89638637870676,25.89638637870676,10.310049686261296,11.482557910036782,25.89638637951268
22.1995703,0.25,57.538737307962215,0.09999999999999432,48.839013676705875,48.839013676705875,23.618447509783508,23.974473878317614,48.83901367796996
36.6947109,0.25,24.247127801645526,0.09999999999999609,22.373637086965743,22.373637086965743,9.235891016908402,10.102969917352253,22.373637085814394
16.3979436,0.25,24.756121778000885,0.09999999999999787,23.17287796552529,23.17287796552529,9.297940148237728,10.315050740833597,23.172877963157575
15.6518969,0.25,40.10753136570818,0.09999999999999076,32.65200989614018,32.65200989614018,17.019844565825174,16.711471402378354,32.65200989614018
10.6110305,0.25,67.64441468454244,0.1,51.38622079908026,51.38622079908026,30.17882269376291,28.185172785226268,51.38622079910924
