Time,Probability,RiskPremium,T0,T1,T2,Z,Expected,CVaR
14.369502,0.1,16.961872986754248,0.1,63.178093761888086,109.79111751075695,4.252881312929094,7.7099422667064745,32.70518930229992
13.5938937,0.1,28.127139687292136,0.1,63.6545343968845,159.2186616820817,7.058987095619933,12.785063494223687,54.200508981466314
20.1234814,0.1,14.293382346231022,0.1,36.7901540834119,61.683831872068886,3.7503403620026243,6.496991975559554,26.727242018903787
22.9958767,0.1,14.29822367849242,0.1,36.81050410629964,58.73116960119909,3.734376068498615,6.499192581132909,26.82246772543737
29.4402736,0.1,20.954763201176497,0.1,38.121498083200855,75.85949867597274,5.827908808153684,9.524892364171135,37.5347025084296
12.9312474,0.1,34.68613510765616,0.1,63.62646810097078,121.6785427124816,9.50851182060934,15.766425048934627,62.82241623949559
