Time,Probability,RiskPremium,T0,T1,T2,Z,Expected,CVaR
11.7898458,0.05,-8.690487144728347e-12,2.0,0.0,-3.1845320252129264e-9,-5.866100928465636e-12,-4.3452435723641734e-12,6.315935428978667e-17
11.5010362,0.05,5.219978523503717e-12,2.0,3.91497678720043e-9,3.91497678720043e-9,3.5234633975910073e-12,2.6099892617518586e-12,6.315935428978667e-17
13.1606747,0.05,-2.0173397767090737e-12,0.1,0.0,0.0,-1.3617319814961266e-12,-1.0086698883545369e-12,7.894919286223334e-17
18.1644834,0.05,4.9790192709527526e-12,2.0,3.7342573477872065e-9,3.7342573477872065e-9,3.3608269550061074e-12,2.4895096354763763e-12,3.1579677144893335e-17
16.1021458,0.05,4.8868476672699525e-12,2.0,3.6651641721618944e-9,3.6651641721618944e-9,3.2986111225202176e-12,2.4434238336349755e-12,3.1579677144893335e-17
16.7881827,0.05,2.842170943040401e-17,2.0,5.809681624668883e-9,5.809681624668883e-9,-3.607978113804063e-17,1.4210854715202004e-17,1.578983857244667e-16
