Time,Probability,RiskPremium,T0,T1,T2,Z,Expected,CVaR
69.3437218,0.25,27.280241818988,0.09999999999999609,27.79496012543668,27.79496012543668,10.639071487654359,11.86097470390777,27.79496012866033
22.3425222,0.25,56.22926801180411,0.09999999999998366,51.22368868619628,51.22368868619628,23.74890592371264,24.44750783121896,51.22368868746035
24.7398865,0.25,24.26006740268993,0.1,24.508683871636798,24.508683871636798,9.523963466812624,10.54785539247388,24.50868387048545
64.1169849,0.25,24.390653615599348,0.1,24.56704331295595,24.56704331295595,9.597298217675206,10.604632006782387,24.567043310588236
13.3131016,0.25,39.652694556779146,0.1,35.206842918626215,35.206842918626215,17.022430293426613,17.240301981208454,35.206842921688796
10.3332818,0.25,68.26423279339085,0.09999999999998721,58.757482227046346,58.757482227046346,29.860917275114627,29.68010121451751,58.757482227046346
