Time,Probability,RiskPremium,T0,T1,T2,Z,Expected,CVaR
12.2639499,0.05,-1.0863108930910432e-11,2.0,-3.1845320252129264e-9,-3.1845320252129264e-9,-7.821438430255512e-12,-4.3452435723641734e-12,0.0
10.9372254,0.05,6.524961312000717e-12,2.0,3.91497678720043e-9,3.91497678720043e-9,4.697972144640516e-12,2.6099845248002867e-12,0.0
13.4316831,0.05,-2.5216924844547367e-12,0.1,0.0,0.0,-1.8156185888074105e-12,-1.0086769937818947e-12,0.0
16.1152718,0.05,0.0,2.0,0.0,0.0,-0.0,0.0,0.0
24.9030662,0.05,6.108606953603157e-12,2.0,3.6651641721618944e-9,3.6651641721618944e-9,4.398197006594273e-12,2.443442781441263e-12,0.0
14.8475049,0.05,0.0,2.0,5.809681624668883e-9,5.809681624668883e-9,-0.0,0.0,0.0
