Time,Probability,RiskPremium,T0,T1,T2,Z,Expected,CVaR
19.9857855,0.2,24.846424994640437,0.1,28.8074885944803,28.8074885944803,9.880045034389276,10.352677081100179,28.807488597703976
18.5255388,0.2,49.3681487529964,0.09999999999998366,51.79430545379621,51.79430545379621,20.992025903919888,20.57006198041529,51.7943054550603
17.0743816,0.2,21.981365906340862,0.1,25.35084925377899,25.35084925377899,8.7744767471646,9.158902460975384,25.35084925377899
47.9263689,0.2,22.073446954594488,0.1,25.157638567081925,25.157638567081925,8.886085138848198,9.19726956441441,25.157638569742065
13.572083,0.2,35.312857880453876,0.1,34.96930836424177,34.96930836424177,15.5352627017516,14.71369078352251,34.96930836424177
10.7183298,0.2,59.1920896131791,0.1,58.63007005879075,58.63007005879075,26.03704409436291,24.663370672157775,58.63007005879075
