Time,Probability,RiskPremium,T0,T1,T2,Z,Expected,CVaR
42.150612,0.1,17.649504030302236,0.1,24.333455087936677,24.333455087936677,5.308735540677379,5.883168010100718,24.33345509445537
19.4265441,0.1,33.23371897639141,0.09999999999998721,48.464352487948794,48.464352487948794,9.070556494057834,11.077906325463806,48.464352487948794
13.6764898,0.1,15.664289903777119,0.09999999999999609,20.68166398887209,20.68166398887209,5.031778027990613,5.221429967925709,20.681663990385097
12.6842098,0.1,15.837384508268368,0.1,21.14569963129229,21.14569963129229,5.004956325481641,5.279128169422758,21.14569963617695
19.1599765,0.1,24.227335717193576,0.09999999999999076,30.504766277847004,30.504766277847004,8.301411449171338,8.075778572397857,30.50476627418184
21.9372439,0.1,39.142855926838344,0.09999999999998721,49.351591744241304,49.351591744241304,13.388846702939114,13.047618642279483,49.351591732621934
