Time,Probability,RiskPremium,T0,T1,T2,Z,Expected,CVaR
18.711784,0.2,10.68436723582928,0.1,14.289563547586852,14.289563547586852,1.723087505877901,6.677729522393451,14.289563547586852
18.6285122,0.2,25.434105235593893,0.1,35.179409588768735,35.179409588768735,3.752861318011834,15.896315772246028,35.17940959003282
36.8161358,0.2,10.590583075825771,0.1,13.759166366357109,13.759166366357109,1.829453070216288,6.619114422391152,13.75916636645226
92.1078056,0.2,10.734554525520386,0.09999999999999609,13.803929553636468,13.803929553636468,1.89700805134081,6.709096578450182,13.803929564214945
30.3691097,0.2,21.035309149471352,0.1,27.42018496112609,27.42018496112609,3.6063059080100466,13.147068218419738,27.420184961891735
23.4072222,0.2,36.04791085360995,0.1,47.39540050906538,47.39540050906538,6.0583297028988685,22.529944283505987,47.3954005075224
