Time,Probability,RiskPremium,T0,T1,T2,Z,Expected,CVaR
20.1978143,0.2,21.967726080345578,0.1,24.54010814257059,24.54010814257059,6.420971671922788,9.55118525232419,24.54010814257059
25.418764,0.2,45.6694459218031,0.09999999999999076,47.62652867348443,47.62652867348443,14.705065950563796,19.85628083556636,47.62652867474851
16.3946223,0.2,17.981001960370026,0.1,18.33516397629008,18.33516397629008,5.956240203424742,7.8178269392913675,18.33516398342633
50.0820338,0.2,18.104078329470376,0.1,18.3052846181956,18.3052846181956,6.059161437593475,7.871338404117577,18.305284623516073
13.3477835,0.2,31.46479954617824,0.09999999999999076,29.259028686918107,29.259028686918107,11.552979494147067,13.680347628773212,29.259028686918107
119.0322981,0.2,52.70865049818835,0.1,48.703157791673526,48.703157791673526,19.47730464286131,22.91680456442946,48.70315779167352
