Time,Probability,RiskPremium,T0,T1,T2,Z,Expected,CVaR
75.2765443,0.25,22.796941241278034,0.09999999999999432,25.52337058072427,25.52337058072427,7.161000632371634,11.398470620639,25.52337058153018
54.6945051,0.25,47.94894775663527,0.09999999999999076,48.839013676705875,48.839013676705875,16.515111938421846,23.974473878317614,48.83901367796996
17.7122404,0.25,19.7078624374334,0.1,21.274268848014675,21.274268848014675,6.427829929927267,9.8539312187167,21.274268848014675
15.1195711,0.25,20.44544361678511,0.09999999999999609,22.769160241542284,22.769160241542284,6.458790278447695,10.222721808392555,22.769160241542284
23.3636019,0.25,33.11522727988025,0.09999999999999076,31.979487315247095,31.979487315247095,11.931051536429292,16.557613639940126,31.979487318309676
26.7584835,0.25,55.87816939783697,0.1,50.303535294559474,50.303535294559474,21.229749520226264,27.939084698918478,50.303535294559474
