Time,Probability,RiskPremium,T0,T1,T2,Z,Expected,CVaR
22.8732679,0.25,46.397285000621814,0.1,63.17809376188807,156.54192510569595,24.3107122333208,15.46576166687393,59.60450233638771
23.129241,0.25,88.62192602062345,0.1,63.6545343968845,159.2186616820817,48.935788278065694,29.540642006874442,97.1772802447629
23.9838773,0.25,36.41726841751025,0.1,36.7901540834119,70.95489073513308,20.27713914864728,12.139089472503418,38.81268811490056
23.256063,0.25,36.424111159823994,0.1,36.81050410629964,70.14192940826788,20.36958628029097,12.14137038660799,38.22906700610842
22.4503532,0.25,63.11682920606738,0.1,38.121498083200855,91.54684087940345,35.87391111344326,21.038943068689104,62.39877656158932
20.9482594,0.25,110.46119180882881,0.1,63.62646810097078,169.065317266968,62.85844766896848,36.820397269609536,108.70270973794835
