Time,Probability,RiskPremium,T0,T1,T2,Z,Expected,CVaR
11.795917,0.05,-1.129763328814685e-11,2.0,0.0,-3.1845320252129264e-9,-8.690512408470064e-12,-4.3452435723641734e-12,6.315935428978667e-17
12.5806127,0.05,6.785972080554832e-12,2.0,3.91497678720043e-9,3.91497678720043e-9,5.219953259762001e-12,2.6099892617518586e-12,6.315935428978667e-17
11.1278753,0.05,-2.622541709721797e-12,0.1,0.0,0.0,-2.0173713563862195e-12,-1.0086698883545369e-12,7.894919286223334e-17
13.3543089,0.05,6.472725052238577e-12,2.0,3.7342573477872065e-9,3.7342573477872065e-9,4.979006639081894e-12,2.4895096354763763e-12,3.1579677144893335e-17
11.1226841,0.05,6.352901967450939e-12,2.0,3.6651641721618944e-9,3.6651641721618944e-9,4.8868350353990955e-12,2.4434238336349755e-12,3.1579677144893335e-17
11.9209626,0.05,3.694822225952521e-17,2.0,5.809681624668883e-9,5.809681624668883e-9,-3.473764485938267e-17,1.4210854715202004e-17,1.578983857244667e-16
