Time,Probability,RiskPremium,T0,T1,T2,Z,Expected,CVaR
84.3045609,0.15,12.005710609812624,0.1,17.950932407332683,17.950932407332683,2.197274347155558,6.318795057796103,17.950932407332683
35.9894923,0.15,24.170745047437492,0.1,35.76595215611197,35.76595215611197,4.535948067337469,12.721444761809119,35.76595215611197
28.3993578,0.15,10.797102056281204,0.1,14.862248590817924,14.862248590817924,2.3605477736362093,5.682685292779586,14.862248592330932
30.5178226,0.15,10.848737257989557,0.1,14.887822183103975,14.887822183103975,2.3854874027463957,5.709861714731391,14.887822183103971
21.3402226,0.15,20.892176313593477,0.1,28.8251264732712,28.825126476333782,4.54752078147464,10.995882270312418,28.825126476333782
75.9960144,0.15,34.16236763083791,0.1,48.49858333098398,48.49858333098398,7.026657190454232,17.980193489914658,48.49858332481201
