Time,Probability,RiskPremium,T0,T1,T2,Z,Expected,CVaR
12.8799071,0.05,10.452346772730685,0.1,63.178093761888086,109.79111751075692,2.272249298419707,4.544498596839426,22.722492984197146
10.287722,0.05,15.96216740801135,0.1,63.6545343968845,119.67234110440711,3.47003639304594,6.940072786091891,34.700363930459446
13.9177598,0.05,9.092297768631118,0.1,36.7901540834119,61.68383187206887,1.9765864714415433,3.953172942883093,19.765864714415475
17.269148,0.05,9.09708155295477,0.1,36.81050410629964,58.05967081709798,1.9776264245553876,3.9552528491107646,19.77626424555384
17.0248399,0.05,11.839804172878397,0.1,38.12149808320086,75.85949867597273,2.573870472364871,5.147740944729735,25.738704723648695
12.414626,0.05,19.47018320923161,0.1,63.6264681009708,121.67854271248154,4.232648523745992,8.465297047492005,42.32648523746003
