Time,Probability,RiskPremium,T0,T1,T2,Z,Expected,CVaR
7.3870476,0.25,17.336512800853516,0.1,21.18550550605402,21.18550550605402,3.842297054568204,10.197948706384416,21.18550550605402
26.0027004,0.25,40.031535723599944,0.1,47.193971571031874,47.193971571031874,9.389770719043234,23.54796219035307,47.193971571031874
18.8630814,0.25,13.918343153388834,0.1,15.036492365823108,15.036492365823108,3.6763129690624607,8.187260678464138,15.036492364671759
22.2766054,0.25,13.972699154375254,0.09999999999999787,15.179464386747835,15.179464386747835,3.665395481377298,8.219234796691216,15.179464384380122
12.0916836,0.25,26.860783157050832,0.1,28.93899708248013,28.93899708248013,7.118761554955414,15.800460680617984,28.93899708554271
25.7880721,0.25,46.787506379437886,0.1,48.569155698018946,48.569155698018946,12.95131586858562,27.522062576139803,48.569155691847
