Time,Probability,RiskPremium,T0,T1,T2,Z,Expected,CVaR
14.4231983,0.15,24.552467651077112,0.1,27.297910262852565,27.297910262852565,9.678497732397402,8.184155883692389,27.29791026937046
53.8481259,0.15,47.28818375875558,0.09999999999999432,48.74185423017442,48.74185423017442,19.98276163045463,15.762727919585092,48.74185423020201
13.4773943,0.15,21.499910646903707,0.09999999999999432,22.306628651415874,22.306628651415874,9.03427664541238,7.166636882301209,22.306628651415874
13.8377391,0.15,21.977631167574174,0.09999999999999609,23.08722173922375,23.08722173922375,9.135283470458303,7.3258770558580375,23.08722174516611
10.299651,0.15,34.58008819285927,0.1,31.84009202295964,31.84009202295964,15.94370354303729,11.526696064286492,31.84009202295964
11.8112658,0.15,55.83321086052582,0.1,52.18009938463356,52.18009938463356,25.47298038945677,18.611070286842043,52.18009938463356
