Time,Probability,RiskPremium,T0,T1,T2,Z,Expected,CVaR
21.3655509,0.2,14.682653161605433,0.1,23.002398954383978,23.002398954383978,2.7408467899259876,9.17665822600339,23.002398954383978
33.8307252,0.2,31.653963034759457,0.1,47.32203959971069,47.322039599710685,6.362573597437764,19.783726896724552,47.32203959971069
31.5397878,0.2,11.839762411773822,0.1,16.614745561879513,16.614745561879513,2.596932093510944,7.399851507358649,16.614745561879513
34.3432602,0.2,11.843298176414711,0.1,16.363376563540783,16.36337656354059,2.6489737748325184,7.402061360259199,16.363376566873924
20.6838136,0.2,21.822520816429954,0.1,29.08896694203277,29.08896694203277,5.093467019349044,13.639075510268777,29.088966944329712
19.5215162,0.2,36.617410249710495,0.1,48.57525563762771,48.57525563762771,8.593653997329593,22.885881406069206,48.57525563762771
