Time,Probability,RiskPremium,T0,T1,T2,Z,Expected,CVaR
48.3981471,0.15,15.09807518059349,0.1,18.956852047775023,18.956852047775044,3.5767060535025297,6.564380513301506,18.956852047775044
40.9585427,0.15,35.58913769356718,0.09999999999999076,47.22159450762271,47.22159450762271,7.416377013429605,15.473538127638085,47.221594508886795
24.4457668,0.15,13.529640875234767,0.09999999999999609,15.693383844489404,15.693383844489404,3.722815805172944,5.882452554449878,15.69338384347976
15.5728616,0.15,13.468660909400008,0.1,15.494314666153038,15.494314666153038,3.757371327440267,5.855939525826024,15.49431466616037
29.9544597,0.15,25.360963965368885,0.1,28.952016649726957,28.952016649726957,7.164253662334408,11.026506071899393,28.952016649737164
38.999179,0.15,41.39745873543136,0.1,48.57515500370025,48.57515500370025,11.168225606211351,17.99889510236157,48.57474016950799
