Time,Probability,RiskPremium,T0,T1,T2,Z,Expected,CVaR
6.2612659,0.2,17.11935843834312,0.09999999999999432,27.087573328633223,27.087573328633223,4.496543219873788,10.070210846084265,27.087573328651118
4.9409222,0.2,34.169831896364144,0.09999999999999432,48.786956444205906,48.786956444205906,9.766872481361471,20.099901115508413,48.78695644546999
4.9537336,0.2,14.959694263102852,0.1,23.188114581660695,23.188114581660695,4.001629944302354,8.79982015476637,23.188114581660695
7.413057,0.2,15.188947274421263,0.09999999999999609,23.57662205839499,23.57662205839499,4.05798032765338,8.934674867306578,23.57662206371546
5.0631986,0.2,24.3856454853861,0.1,32.6441828821181,32.6441828821181,7.296195310375363,14.344497344344827,32.6441828821181
4.6966695,0.2,40.26061855418374,0.1,52.639603887648065,52.639603887648065,12.234368693944447,23.68271679657888,52.63960388764806
