Time,Probability,RiskPremium,T0,T1,T2,Z,Expected,CVaR
42.2458435,0.15,15.014994231982932,0.1,20.093922149631638,20.093922149631638,3.545873183798715,6.824997378174079,20.093922149631634
35.8247992,0.15,34.0906553421664,0.1,47.31797354863122,47.31797354863122,7.457125521777947,15.495752428257532,47.31797354863122
39.8038016,0.15,13.334420178875016,0.1,16.469047247482777,16.469047247482777,3.630538588877075,6.061100081306825,16.46904724899578
45.3678082,0.15,13.388813842375543,0.1,16.491571259243546,16.491571259243546,3.6609779915859186,6.085824473807072,16.491571265185907
8.386427,0.15,24.319915790192493,0.1,29.07332701189524,29.07332701189524,6.958821670745044,11.054507177360172,29.07332701189524
58.8196628,0.15,39.61140786633076,0.1,48.602478450662964,48.60247843831901,10.897169906957611,18.005185393786775,48.60247843831901
