Time,Probability,RiskPremium,T0,T1,T2,Z,Expected,CVaR
63.4671737,0.15,10.266893104184696,0.1,14.45569084034827,14.45569084034827,1.6950431422713845,5.403627949570924,14.455690841977743
13.7726052,0.15,22.0032040386473,0.1,31.458446312673807,31.458446312673807,3.4653359212532138,11.580633704551229,31.458446312673807
57.1812879,0.15,10.520318986090011,0.09999999999999609,14.29058736164639,14.29058736164639,1.9195569137429047,5.537009992678997,14.290587363159398
84.821582,0.15,10.540389856034247,0.1,14.2573588078967,14.2573588078967,1.9443914272650171,5.5475736084391,14.257358809382293
49.523183,0.15,20.462597158157738,0.1,27.987619166184192,27.987619166184192,3.6665682632356535,10.769787977977913,27.987619169246774
94.8459742,0.15,33.96652535441988,0.1,48.11747275561541,48.117472757158396,5.5052827950215315,17.87711860758936,48.11747275561542
