Time,Probability,RiskPremium,T0,T1,T2,Z,Expected,CVaR
12.0707569,0.05,6.583044584647144,0.1,25.110827649723912,25.110827649723912,0.9536775420848397,3.4647603077090254,25.110827656241778
10.076097,0.05,9.266945747020403,0.1,35.04411437895728,35.04411437895728,1.3729284289571317,4.877339866852844,35.04411437895728
10.9372358,0.05,6.453229980230167,0.1,24.378037920541836,24.378037920541836,0.9586330395004479,3.3964368317000746,24.37803792199648
15.4022495,0.05,6.502878575519603,0.1,24.424009478267017,24.424009478267017,0.9801667238728253,3.422567671326099,24.42400947453276
19.9662351,0.05,8.790206209444735,0.1,32.67900726148284,32.67900726148284,1.3585235949786183,4.626424320760393,32.67900725781767
10.3151033,0.05,14.20105831877234,0.1,53.24383607325712,53.24383607325712,2.1498576136617604,7.4742412204064825,53.24383606744744
