Time,Probability,RiskPremium,T0,T1,T2,Z,Expected,CVaR
22.9240255,0.25,36.3185258832329,0.1,35.35393773285475,35.35393773285475,17.751864873347376,12.970902101154682,35.3539377360784
16.0641555,0.25,72.29971214899619,0.09999999999999432,60.35396839562755,60.35396839562755,37.84522572414921,25.821325767498553,60.35396839689163
17.4115349,0.25,30.70191357606879,0.1,27.228556588282338,27.228556588282338,15.671047578553289,10.96496913431033,27.22855658713099
19.705409,0.25,31.029521545447153,0.1,27.72301691147741,27.72301691147741,15.787288332190162,11.081971980516897,27.72301691147741
19.9130516,0.25,56.02417022671433,0.1,38.121498083200855,52.282663386220776,27.947030212289153,20.008632223826602,52.282663386220776
19.156917,0.25,99.08761199008622,0.1,63.6264681009708,94.50869045897711,48.91911473514019,35.38843285360223,94.50869045897711
