Time,Probability,RiskPremium,T0,T1,T2,Z,Expected,CVaR
12.2227937,0.05,-1.129763328814685e-11,2.0,-3.1845320252129264e-9,-3.1845320252129264e-9,-8.255962787491929e-12,-4.3452435723641734e-12,0.0
10.788459,0.05,6.7859597644807455e-12,2.0,3.91497678720043e-9,3.91497678720043e-9,4.958970597120545e-12,2.6099845248002867e-12,0.0
13.6303352,0.05,-2.6225601838329264e-12,0.1,0.0,0.0,-1.9164862881856e-12,-1.0086769937818947e-12,0.0
15.6976802,0.05,0.0,2.0,0.0,0.0,-0.0,0.0,0.0
25.4489672,0.05,6.352951231747283e-12,2.0,3.6651641721618944e-9,3.6651641721618944e-9,4.6425412847383994e-12,2.443442781441263e-12,0.0
15.6880331,0.05,0.0,2.0,5.809681624668883e-9,5.809681624668883e-9,-0.0,0.0,0.0
