Time,Probability,RiskPremium,T0,T1,T2,Z,Expected,CVaR
24.155469,0.05,7.456393097268048,0.1,24.37866168702181,24.37866168702181,0.9187146929975668,3.3892695896673133,24.378661687021847
15.4639312,0.05,10.710428661677259,0.1,34.95900088361748,34.95900088361748,1.3284583649790302,4.868376664398765,34.9590008797286
10.1245379,0.05,7.195861088400062,0.1,23.18898542312519,23.18898542312519,0.9372942178225001,3.2708459492727493,23.188985424638204
15.8814482,0.05,7.287438245335022,0.1,23.39483036199371,23.39483036199371,0.9626125507928938,3.312471929697729,23.39483036199371
10.2070091,0.05,10.17325819106398,0.09999999999999432,32.657572648252845,32.657572648252845,1.344045266010235,4.62420826866543,32.65757264458768
8.2278629,0.05,16.163408732269012,0.09999999999998721,52.02450842275262,52.02450842275262,2.1147790950424628,7.347003969213192,52.02450842263545
