Time,Probability,RiskPremium,T0,T1,T2,Z,Expected,CVaR
21.9817343,0.25,18.098637079878607,0.1,20.710521459245516,20.710521459245516,4.314335623631012,10.054798377710226,20.710521459245516
114.8382243,0.25,42.379724551603104,0.09999999999999432,47.181811362590246,47.181811362590246,10.56230115328438,23.544291417557236,47.181811362590246
48.9486814,0.25,14.612967373961276,0.09999999999999609,14.808220912361698,14.808220912361698,4.1531851696938435,8.118315207756279,14.80822091207386
10.1620701,0.25,14.648005220120274,0.09999999999999609,14.908749047206943,14.908749047206943,4.140385612998838,8.137780677844688,14.908749047206943
41.3632825,0.25,28.413507296922262,0.1,28.88868778806761,28.88868778806761,8.042033379471388,15.785281831623303,28.88868779113019
83.807117,0.25,49.46987687655057,0.1,48.437442102591824,48.437442102591824,14.652649937382593,27.48326493141696,48.43744209641988
