Time,Probability,RiskPremium,T0,T1,T2,Z,Expected,CVaR
5.2069893,0.2,11.352140188068827,0.1,14.289563547586852,14.289563547586852,2.010268756857751,6.677729522393451,14.289563547586852
5.0263637,0.2,27.02373681281824,0.1,35.179409588768735,35.179409588768735,4.378338204346768,15.896315772246028,35.17940959003282
11.7433698,0.2,11.252494518081,0.1,13.759166366365719,13.759166366365719,2.1343619152288795,6.6191144224006955,13.759166366547639
28.8249462,0.2,11.405464183365398,0.09999999999999609,13.803929553636468,13.803929553636468,2.2131760598996357,6.709096578450182,13.80392956420895
14.4482531,0.2,22.350015971313397,0.1,27.42018496112609,27.42018496112609,4.207356892678639,13.147068218419738,27.420184961891735
16.1946648,0.2,38.30090528196012,0.1,47.3954005075222,47.395400509065176,7.068051320048273,22.529944283505962,47.3954005075222
