Time,Probability,RiskPremium,T0,T1,T2,Z,Expected,CVaR
28.9772548,0.1,9.978835091537439,0.1,19.102632106449835,19.102632106449835,1.4611139039689456,4.989417545768718,19.1026321129677
48.4931252,0.1,16.821369821144195,0.1,32.328616063207996,32.328616063207996,2.431202122412995,8.410684910572096,32.32861606320834
15.0840167,0.1,9.43045724344003,0.1,17.818425248193,17.818425248193,1.4394294647235033,4.715228621720015,17.81842524970601
11.6936352,0.1,9.39946827711655,0.09999999999999609,17.82517551144474,17.82517551144474,1.4183737950313724,4.699734138558275,17.825175512665904
26.5376224,0.1,15.715773777398146,0.1,29.199675130174683,29.199675132007275,2.5224398281010147,7.857886888699071,29.199675131090984
18.7577165,0.1,25.873609544560114,0.09999999999998721,48.674318488739644,48.674318488739644,4.002426343165158,12.936804772280054,48.674318488739644
