Time,Probability,RiskPremium,T0,T1,T2,Z,Expected,CVaR
43.0772138,0.1,13.7080959728739,0.1,20.585489916794373,20.585489916794366,3.0761505087773737,5.272344604951525,20.585489916794373
20.3548592,0.1,23.16674696026498,0.09999999999999076,34.988935379292094,34.988935379292094,5.128932837335926,8.910287292409564,34.988935379608115
16.3988408,0.1,12.831349815529174,0.1,18.962667525480118,18.962667525480118,2.986578727199288,4.93513454443428,18.962667526993126
9.5748268,0.1,12.846666999151285,0.09999999999999609,19.08319486884048,19.08319486884048,2.9558820450869487,4.941025768904327,19.08319486936151
11.2391725,0.1,20.558625510392943,0.09999999999999076,29.462604766330134,29.462604766330134,5.107057465861977,7.90716365784348,29.46260476266497
46.3113683,0.1,33.70540701942567,0.09999999999998721,48.817209173580906,48.817209173580906,8.193032055849338,12.96361808439448,48.817209167771225
