Time,Probability,RiskPremium,T0,T1,T2,Z,Expected,CVaR
11.8165309,0.05,9.679342946730268,0.1,28.372744650211338,28.372744650211335,3.491526692456337,3.7228242102808706,28.37274465021134
10.5069608,0.05,16.373136270267526,0.09999999999999432,52.43393681598365,52.43393681598365,5.462118495115041,6.297360103949034,52.43393681598365
10.0879491,0.05,9.320454567153217,0.1,26.840536119095887,26.840536119095887,3.4100897587700527,3.584790218135858,26.840536120608903
15.2557812,0.05,9.460327036594565,0.09999999999999432,27.203770015697383,27.203770015697383,3.465221445807831,3.6385873217671376,27.203770011963126
10.9623123,0.05,12.53914728282152,0.09999999999999432,35.03899481050433,35.03899481050433,4.694773742694488,4.822748954931363,35.038994806888034
11.8343786,0.05,20.656230068183753,0.09999999999998721,59.22581087472299,59.22581087472299,7.583415496151908,7.944703872378344,59.22581086891331
