Time,Probability,RiskPremium,T0,T1,T2,Z,Expected,CVaR
5.5685063,0.05,7.725647614627026,0.1,63.178093761888086,109.79111751075692,1.3633495790518269,4.544498596839426,22.722492984197146
4.177348,0.05,11.798123736356224,0.1,63.6545343968845,119.67234110440711,2.0820218358275744,6.940072786091891,34.700363930459446
4.2866763,0.05,6.720394002901262,0.1,36.7901540834119,61.68383187206887,1.185951882864929,3.953172942883093,19.765864714415475
4.0806117,0.05,6.723929843488305,0.1,36.81050410629964,58.05967081709798,1.1865758547332292,3.9552528491107646,19.77626424555384
4.0695077,0.05,8.75115960604055,0.1,38.12149808320086,75.85949867597273,1.5443222834189183,5.147740944729735,25.738704723648695
4.206806,0.05,14.391004980736415,0.1,63.6264681009708,121.67854271248154,2.539589114247602,8.465297047492005,42.32648523746003
