Time,Probability,RiskPremium,T0,T1,T2,Z,Expected,CVaR
21.9357774,0.15,15.999779837843016,0.1,26.123133143747122,26.123133143747122,4.3752412726528025,7.999889918921508,26.123133150265016
27.8693363,0.15,31.488045243538732,0.09999999999999076,48.61815108038721,48.61815108038721,9.169196929793072,15.744022621769359,48.61815108165129
43.4038532,0.15,13.878953400478686,0.1,20.86319167679214,20.86319167679214,4.154733704928789,6.9394767002393385,20.86319167679214
19.0059535,0.15,14.068844724753113,0.1,21.24309838432482,21.24309838432482,4.1926871579869065,7.034422362376554,21.243098384324824
19.3115152,0.15,22.640462414734046,0.09999999999999076,30.50476627418184,30.50476627418184,7.483324193391541,11.320231207367023,30.504766277244464
14.7189394,0.15,36.70696258180713,0.1,50.55095952809769,50.55095952809769,11.913985643773284,18.35348129090355,50.5509595265547
