Time,Probability,RiskPremium,T0,T1,T2,Z,Expected,CVaR
10.1882515,0.15,11.664483656957083,0.1,20.256640265478012,20.256640265478012,2.1239868228099152,6.861460974680599,20.256640272013488
9.6118712,0.15,26.348889964159515,0.09999999999999076,47.33407430131393,47.33407430131393,4.482597473640817,15.499347037740876,47.334074301629954
9.5607339,0.15,10.381720487611222,0.1,16.67327866647157,16.67327866647157,2.1615492304325166,6.106894404477243,16.673278667984572
8.8767263,0.15,10.456783767960347,0.1,16.783425240458772,16.783425240458772,2.1792592996519855,6.151049275270735,16.783425240458776
13.0564066,0.15,18.815459728272426,0.1,29.13350286301713,29.13350286301713,4.134425164677857,11.067917487218942,29.133502869096773
17.2735547,0.15,30.619208562853547,0.1,48.62972940789265,48.62972940789265,6.484223358813619,18.0112991546198,48.629729401720674
