Time,Probability,RiskPremium,T0,T1,T2,Z,Expected,CVaR
23.3976994,0.25,36.39109563276861,0.1,39.78577025776981,39.78577025776981,17.65139472641629,13.478183567692051,39.785770260993466
20.0605916,0.25,70.5038766108265,0.1,62.90561530330227,62.90561530330227,37.03271603584695,26.11254689289869,62.90561530330227
20.5812637,0.25,29.97310043444881,0.1,28.4443372047246,28.4443372047246,15.403314346259789,11.101148309055128,28.4443372047246
22.7145618,0.25,30.118712671869076,0.1,28.371494972841848,28.371494972841848,15.520350663887093,11.155078767358926,28.371494970474135
23.6000738,0.25,54.4372466477397,0.1,38.12149808320086,53.63920519640408,27.579851046165633,20.16194320286661,53.63920519640408
20.1935116,0.25,95.81908940549555,0.1,63.62646810097079,95.39081638658364,48.35008482284667,35.488551631664905,95.39081638658364
