Time,Probability,RiskPremium,T0,T1,T2,Z,Expected,CVaR
11.3475792,0.05,-7.82143843025551e-12,2.0,-3.1845320252129264e-9,-3.1845320252129264e-9,-4.345243572364172e-12,-4.3452435723641734e-12,0.0
13.1501103,0.05,4.697972144640516e-12,2.0,3.91497678720043e-9,3.91497678720043e-9,2.6099845248002867e-12,2.6099845248002867e-12,0.0
10.5010058,0.05,-1.8156185888074103e-12,0.1,0.0,0.0,-1.0086769937818945e-12,-1.0086769937818947e-12,0.0
12.5337945,0.05,0.0,2.0,0.0,0.0,-0.0,0.0,0.0
12.0608622,0.05,4.398197006594273e-12,2.0,3.6651641721618944e-9,3.6651641721618944e-9,2.4434427814412622e-12,2.443442781441263e-12,0.0
12.7104544,0.05,0.0,2.0,5.809681624668883e-9,5.809681624668883e-9,-0.0,0.0,0.0
