Time,Probability,RiskPremium,T0,T1,T2,Z,Expected,CVaR
12.2293386,0.05,3.650004600785905e-11,2.0,0.0,0.0,-1.1732157645383277e-11,1.303573071709252e-11,1.3035730717092522e-10
13.8703903,0.05,0.0,2.0,0.0,0.0,-0.0,0.0,0.0
14.8992126,0.05,8.472886747767915e-12,0.1,0.0,0.0,-2.7234278832111176e-12,3.026030981345684e-12,3.0260309813456844e-11
22.8230264,0.05,8.335966161258076,0.09999999626573697,20.770679803799126,20.770679803799126,0.02077067980380537,2.9771307718778868,20.770679803799126
28.233814,0.05,-6.841639788035535e-12,2.0,0.0,0.0,-5.131229841026651e-12,-2.443442781441263e-12,0.0
30.5138155,0.05,0.0,2.0,5.809681624668883e-9,5.809681624668883e-9,-0.0,0.0,0.0
