Time,Probability,RiskPremium,T0,T1,T2,Z,Expected,CVaR
5.7342192,0.1,13.10690185340101,0.1,63.178093761888086,109.79111751075695,1.6476725313555218,7.7099422667064745,32.70518930229992
5.0684231,0.1,21.734607940180254,0.1,63.6545343968845,159.2186616820817,2.7372276228701904,12.785063494223687,54.200508981466314
4.7515499,0.1,11.044886358451237,0.1,36.7901540834119,61.683831872068886,1.5133568763900502,6.496991975559554,26.727242018903787
4.5997918,0.1,11.04862738792596,0.1,36.81050410629964,58.73116960119909,1.500943535147384,6.499192581132909,26.82246772543737
4.542325,0.1,16.19231701909093,0.1,38.121498083200855,75.85949867597274,2.465953133281033,9.524892364171135,37.5347025084296
5.3099531,0.1,26.80292258318887,0.1,63.62646810097078,121.6785427124816,3.9780988556700922,15.766425048934627,62.82241623949559
