Time,Probability,RiskPremium,T0,T1,T2,Z,Expected,CVaR
24.553314,0.25,40.21098033387221,0.1,63.17809376188807,156.54192510569595,12.620330677934945,15.465761666873927,45.77798163953224
20.291517,0.25,76.80566921787369,0.09999999999999076,63.6545343968845,159.2186616820816,28.42320965888794,29.540642006874442,76.6451858871527
15.6403978,0.25,31.56163262850889,0.1,36.7901540834119,70.954890735133,11.298300343734065,12.139089472503418,32.449696503181926
21.8079777,0.25,31.56756300518075,0.1,36.81050410629964,71.72100819410541,11.386968334715721,12.141370386607987,32.2394310962506
21.2102758,0.25,54.701251978586335,0.1,38.121498083200855,91.54684087634087,20.40222850932419,21.038943068687058,54.189144070124755
19.4895474,0.25,95.73303290098482,0.1,63.62646810097078,169.065317266968,35.89324956586391,36.820397269609536,94.36886243338785
