Time,Probability,RiskPremium,T0,T1,T2,Z,Expected,CVaR
23.0245246,0.05,9.543447053362796,0.1,63.178093761888086,109.79111751075695,1.8625772614527392,4.544498596839427,35.90821054754571
13.4204053,0.05,14.574152850792975,0.1,63.6545343968845,119.67234110440717,2.7609429861754817,6.940072786091891,55.67144357134789
12.2865223,0.05,8.301663180054504,0.1,36.7901540834119,61.68383187206889,1.7492676280780226,3.953172942883093,29.94539903381694
12.1848883,0.05,8.30603098313261,0.1,36.81050410629964,58.059670817097995,1.7712172936850266,3.9552528491107646,29.750861252478924
10.4349869,0.05,10.810255983932448,0.1,38.121498083200855,75.85949867597274,2.3880734985045624,5.147740944729735,37.89215635171121
11.2403447,0.05,17.77712379973322,0.1,63.6264681009708,121.6785427124816,3.8429170231601457,8.465297047492005,63.154394338302694
