Time,Probability,RiskPremium,T0,T1,T2,Z,Expected,CVaR
13.4297704,0.1,18.772994552444246,0.09999999999999609,27.245644033409096,27.245644033409096,7.268334904351427,6.257664850814745,27.24564403992696
13.6245301,0.1,33.384054391687044,0.09999999999999076,48.85414181023205,48.85414181023205,12.824505340891363,11.128018130562321,48.854141811496135
13.4481885,0.1,16.9671054314621,0.1,24.08027900602037,24.08027900602037,6.7052593217132035,5.655701810487397,24.080279007533377
15.125189,0.1,17.115857243159894,0.1,24.431297844626425,24.431297844626425,6.729068469992152,5.705285747719959,24.431297849511086
14.3159037,0.1,25.09828699306852,0.09999999999999076,32.68675932081587,32.68675932081587,10.652025415513718,8.366095664356168,32.6867593171507
11.4385003,0.1,40.572955083896765,0.1,53.03288098592301,53.03288099173269,17.17149606644182,13.524318361298972,53.03288098592301
