Time,Probability,RiskPremium,T0,T1,T2,Z,Expected,CVaR
14.5268936,0.1,23.129826800119435,0.1,63.178093761888086,109.79111751075695,12.539706633001757,7.7099422667064745,36.51172127081854
23.8243019,0.1,38.35519048267105,0.1,63.6545343968845,159.2186616820817,20.8640975088537,12.785063494223687,59.84535829016043
17.5880796,0.1,19.49097592667866,0.1,36.7901540834119,61.683831872068886,10.725146662497938,6.496991975559554,29.185364861771397
19.4102462,0.1,19.497577743398736,0.1,36.81050410629964,58.73116960119909,10.720436366319914,6.499192581132909,29.278680540592017
21.2896346,0.1,28.574677092513376,0.1,38.121498083200855,75.85949867597274,15.9857532978198,9.524892364171135,40.16520666939552
17.4774136,0.1,47.29927514680387,0.1,63.62646810097078,121.6785427124816,26.361796758710803,15.766425048934627,67.47695844051894
