Time,Probability,RiskPremium,T0,T1,T2,Z,Expected,CVaR
17.0647044,0.15,20.751531191857705,0.1,63.178093761888086,109.79111751075698,5.645912764772739,10.375765595928852,41.90811780363635
15.805931,0.15,37.09045117913568,0.1,63.6545343968845,159.2186616820817,11.233259224486396,18.54522558956784,67.29166802344398
16.1027078,0.15,17.056227405564382,0.1,36.7901540834119,61.68383187206888,5.099911381289858,8.528113702782191,31.38279584606454
17.1795692,0.15,17.06079625224313,0.1,36.81050410629964,59.60930820403673,5.142386301691406,8.530398126121549,31.11714362232266
13.8085231,0.15,27.18734098200616,0.1,38.121498083200855,91.54684087940345,8.789778903963649,13.59367049100308,45.61961440459937
14.4129168,0.15,45.811247348762045,0.1,63.62646810097078,169.06531726696798,14.219914144170687,22.905623674380998,80.81035387578319
