Time,Probability,RiskPremium,T0,T1,T2,Z,Expected,CVaR
27.6603921,0.1,9.912077531722158,0.1,16.880837793393287,16.880837793393287,1.0752159423886898,4.505489787146405,16.880837793395134
29.0018479,0.1,17.129261457538416,0.09999999999999076,29.34194743087097,29.34194743087097,1.7986616987139021,7.786027935244743,29.34194743118699
21.3758796,0.1,9.298031319605354,0.09999999999999609,15.511875477441025,15.511875477441025,1.1217292848153289,4.226377872547884,15.511875478954034
32.1705238,0.1,9.104081059493227,0.1,15.179464386747835,15.179464386747833,1.1014263929176242,4.138218663405983,15.179464386747838
12.785829,0.1,17.158147629431156,0.1,28.924542091575198,28.924542091575198,1.9651051899670378,7.7991580133777765,28.924542087910034
16.5370138,0.1,28.415404330973722,0.1,48.5736936677953,48.57369367360498,3.019151176730406,12.916092877715379,48.5736936677953
