Time,Probability,RiskPremium,T0,T1,T2,Z,Expected,CVaR
52.776781,0.15,13.183776939708359,0.1,27.678829319612028,27.678829319612028,3.000019479152569,8.239860587317658,27.678829319698934
21.8016473,0.15,25.230782865709486,0.1,48.786956442941815,48.786956442941815,6.159771859327262,15.769239291068546,48.7869564442059
16.1573814,0.15,11.622362858249684,0.1,22.97442640489606,22.97442640489606,2.7873411099946015,7.2639767864060465,22.97442640489606
10.0618253,0.15,11.795636126789418,0.1,23.405686126503145,23.405686126503145,2.8200221916315944,7.37227257924337,23.405686138387868
4.9026338,0.15,18.61630570372873,0.1,32.581470638167026,32.581470638167026,4.886486681564624,11.635191064830455,32.581470638167026
4.5376686,0.15,29.976141428783,0.1,53.03288098592299,53.03288098592299,7.811273777117363,18.73508839298945,53.03288097975102
