Time,Probability,RiskPremium,T0,T1,T2,Z,Expected,CVaR
82.0957575,0.25,14.752771306665048,0.1,18.101552628650236,18.101552628650236,2.8679680714041265,9.22048206666551,18.101552628650236
76.4423707,0.25,37.36502731356571,0.1,46.58085760178962,46.58085760178962,7.043570583343719,23.353142070978574,46.580857601789624
16.6877539,0.25,12.649024450746447,0.1,14.12801923095381,14.12801923095381,2.8766704842587956,7.905640281716354,14.12801923095381
64.0017858,0.25,12.691766414169239,0.1,14.250190384049722,14.250190384049722,2.864061492932848,7.932354008855852,14.250190383457793
11.4945076,0.25,24.76645184070537,0.1,27.940943655297545,27.940943655297545,5.548846062888646,15.479032400441044,27.940943658360126
66.1848002,0.25,43.659183097195715,0.09999999999999432,47.819757138520224,47.819757138520224,10.212363354319624,27.28698943574726,47.81975712617636
