Time,Probability,RiskPremium,T0,T1,T2,Z,Expected,CVaR
10.5176763,0.05,12.724596071150396,0.1,63.178093761888086,109.79111751075695,3.475540681705027,4.544498596839427,35.90821054754571
10.8908269,0.05,19.432203801057298,0.1,63.6545343968845,119.67234110440717,5.182425397177012,6.940072786091891,55.67144357134789
13.676382,0.05,11.068884240072673,0.1,36.7901540834119,61.68383187206889,3.2168773835495013,3.953172942883093,29.94539903381694
11.766816,0.05,11.074707977510156,0.1,36.81050410629964,58.059670817097995,3.2501138678941675,3.9552528491107646,29.750861252478924
11.0482653,0.05,14.413674645243262,0.1,38.121498083200855,75.85949867597274,4.35427138946631,5.147740944729735,37.89215635171121
11.3742557,0.05,23.702831732977625,0.1,63.6264681009708,121.6785427124816,7.034170091864009,8.465297047492005,63.154394338302694
