Time,Probability,RiskPremium,T0,T1,T2,Z,Expected,CVaR
18.2806609,0.2,37.97787782779568,0.1,63.17809376188807,156.54192510569598,21.977633318487943,13.095819940619208,42.140065627504306
28.4141921,0.2,70.14616060813822,0.1,63.6545343968845,159.2186616820817,41.455592746081926,24.188331244185548,69.21069742289262
20.9360982,0.2,30.15043769846293,0.1,36.7901540834119,70.95489073513308,17.690811859795964,10.396702654642404,31.02593449488825
33.1487003,0.2,30.15680118597545,0.1,36.81050410629964,70.1419294082679,17.723525936507748,10.3988969606812,30.742679848546288
21.815857,0.2,50.41517244330769,0.1,38.121498083200855,91.54684087940345,29.99868294843817,17.384542221830234,47.70401495222346
16.1797634,0.2,86.79121741532711,0.1,63.62646810097078,169.065317266968,51.48446093596325,29.92800600528522,83.71551074607174
