Time,Probability,RiskPremium,T0,T1,T2,Z,Expected,CVaR
18.5735694,0.2,23.57247589311458,0.1,63.17809376188807,156.54192510569598,7.57223138380687,13.095819940619208,42.140065627504306
29.0139468,0.2,43.538996239534065,0.1,63.6545343968845,159.2186616820817,14.848428377477791,24.188331244185548,69.21069742289262
30.8086877,0.2,18.714064778356303,0.1,36.7901540834119,70.95489073513308,6.254438939689334,10.396702654642404,31.02593449488825
23.9462337,0.2,18.718014529226156,0.1,36.81050410629964,70.1419294082679,6.284739279758457,10.3988969606812,30.742679848546288
21.7185604,0.2,31.292175999294415,0.1,38.121498083200855,91.54684087940345,10.875686504424872,17.384542221830234,47.70401495222346
17.1927368,0.2,53.87041080951341,0.1,63.62646810097078,169.065317266968,18.563654330149507,29.92800600528522,83.71551074607174
