Time,Probability,RiskPremium,T0,T1,T2,Z,Expected,CVaR
17.2426154,0.15,21.789107751450608,0.1,63.178093761888086,109.79111751075698,7.616557203849805,10.375765595928852,48.34361511264845
14.2947058,0.15,38.944973738092486,0.1,63.6545343968845,159.2186616820817,14.685794226661086,18.54522558956784,75.68476480820352
15.3218659,0.15,17.909038775842596,0.1,36.7901540834119,61.68383187206888,6.748167812858074,8.528113702782191,34.85568630480569
16.2380036,0.15,17.91383606485529,0.1,36.81050410629964,59.60930820403673,6.819104342640347,8.530398126121549,34.17373408705541
19.0071992,0.15,28.546708031106427,0.1,38.121498083200855,91.54684087940345,11.146521459212313,13.59367049100308,51.658831299913444
12.4093133,0.15,48.101809716200115,0.1,63.62646810097078,169.06531726696798,18.1841713527057,22.905623674380998,93.02577056551507
