Time,Probability,RiskPremium,T0,T1,T2,Z,Expected,CVaR
19.683836,0.2,37.97787782779568,0.1,63.17809376188807,156.54192510569598,14.682340310246836,13.095819940619208,47.094878530384605
18.8009562,0.2,70.14616060813822,0.1,63.6545343968845,159.2186616820817,30.439966874856573,24.188331244185548,75.91453954117243
15.9174681,0.2,30.15043769846293,0.1,36.7901540834119,70.95489073513308,12.791912792320023,10.396702654642404,33.602776826310794
16.3194697,0.2,30.15680118597545,0.1,36.81050410629964,70.1419294082679,12.92732558173551,10.3988969606812,33.16749243921033
17.1854783,0.2,50.41517244330769,0.1,38.121498083200855,91.54684087940345,22.413514926253864,17.384542221830234,52.774926539242415
17.1632636,0.2,86.79121741532711,0.1,63.62646810097078,169.065317266968,37.72384261871942,29.92800600528522,93.7259019763601
