Time,Probability,RiskPremium,T0,T1,T2,Z,Expected,CVaR
58.7711463,0.25,20.98560743255744,0.09999999999999787,26.74252728430627,26.74252728430627,6.310165338842732,11.658670795865287,26.742527285112182
21.577667,0.25,43.5929943570294,0.0999999999999801,50.033626844529174,50.033626844529174,14.211604829443719,24.218330198349687,50.033626844529174
21.6705549,0.25,18.837312874065823,0.09999999999999609,24.080279006020376,24.080279006020376,5.649118017951701,10.465173818925381,24.080279004869027
25.391237,0.25,18.968520977098176,0.1,24.22291521308913,24.22291521308913,5.693484167354733,10.538067209499,24.22291521072142
16.3168957,0.25,30.971842289254987,0.09999999999999076,35.02804043343514,35.02804043343514,10.200970962286673,17.206579049586086,35.02804043649772
10.6654524,0.25,52.35901452090464,0.1,55.70858308785318,55.70858308785318,17.946624782931806,29.08834140050245,55.70858308785318
