Time,Probability,RiskPremium,T0,T1,T2,Z,Expected,CVaR
93.4711046,0.25,20.694693635308397,0.1,23.5641451522046,23.5641451522046,5.367479219957596,10.891944018583292,23.5641451522046
76.5951096,0.25,44.84435325354391,0.1,47.382187392754346,47.382187392754346,12.919098395020121,23.60229118607561,47.38218739307037
35.5498779,0.25,16.714807214223917,0.09999999999999609,17.15561073409038,17.15561073409038,4.992119936737544,8.797266954854647,17.15561073380254
34.1316936,0.25,17.01592468569183,0.1,17.747799524159575,17.747799524159575,4.98295745976242,8.955749834574727,17.747799524159575
9.9681293,0.25,30.195659532393556,0.09999999999999076,29.259028686918107,29.259028686918107,9.624905440344687,15.89245238547025,29.25902868998069
53.8410113,0.25,52.295061016688315,0.1,48.574894461301874,48.574894461301874,17.403432344800397,27.523716324573154,48.574894459758895
