Time,Probability,RiskPremium,T0,T1,T2,Z,Expected,CVaR
11.5645025,0.05,-8.255962787491929e-12,2.0,-3.1845320252129264e-9,-3.1845320252129264e-9,-5.214292286837008e-12,-4.3452435723641734e-12,0.0
13.067841,0.05,4.958970597120545e-12,2.0,3.91497678720043e-9,3.91497678720043e-9,3.1319814297603442e-12,2.6099845248002867e-12,0.0
11.5913088,0.05,-1.9164862881855998e-12,0.1,0.0,0.0,-1.2104123925382736e-12,-1.0086769937818947e-12,0.0
16.2760766,0.05,0.0,2.0,0.0,0.0,-0.0,0.0,0.0
24.8641485,0.05,4.6425412847383994e-12,2.0,3.6651641721618944e-9,3.6651641721618944e-9,2.9321313377295155e-12,2.443442781441263e-12,0.0
15.6127321,0.05,0.0,2.0,5.809681624668883e-9,5.809681624668883e-9,-0.0,0.0,0.0
