Time,Probability,RiskPremium,T0,T1,T2,Z,Expected,CVaR
6.5664529,0.1,16.190878760083596,0.1,63.178093761888086,109.79111751075695,4.160669642760317,7.7099422667064745,36.51172127081854
6.8357364,0.1,26.84863333786975,0.1,63.6545343968845,159.2186616820817,7.004525624255566,12.785063494223687,59.84535829016043
6.6815735,0.1,13.643683148675057,0.1,36.7901540834119,61.683831872068886,3.7434352401837305,6.496991975559554,29.185364861771397
6.3161716,0.1,13.648304420379128,0.1,36.81050410629964,58.73116960119909,3.7321886453273554,6.499192581132909,29.278680540592017
6.2547639,0.1,20.002273964759375,0.1,38.121498083200855,75.85949867597274,5.881334454804589,9.524892364171135,40.16520666939552
6.5313396,0.1,33.109492602762714,0.1,63.62646810097078,121.6785427124816,9.58648754509043,15.766425048934627,67.47695844051894
