Time,Probability,RiskPremium,T0,T1,T2,Z,Expected,CVaR
27.7184742,0.05,7.456393097268048,0.1,24.378661687021847,24.378661687021825,0.9187146929975668,3.3892695896673133,24.378661687021847
12.7310541,0.05,10.710428662624663,0.1,34.95900088753246,34.95900088753246,1.3284583649770445,4.868376664829397,34.959000883617485
12.4642317,0.05,7.195861088400062,0.1,23.18898542312519,23.18898542312519,0.9372942178225001,3.2708459492727493,23.188985424638204
25.7624288,0.05,7.287438245335022,0.1,23.39483036199371,23.394830365727966,0.9626125507928938,3.312471929697729,23.39483036199371
10.0978701,0.05,10.17325819106398,0.09999999999999432,32.657572648252845,32.657572648252845,1.344045266010235,4.62420826866543,32.65757264458768
8.9064256,0.05,16.163408732303093,0.1,52.024508428562285,52.024508428562285,2.1147790950458027,7.347003969228682,52.024508422752604
