Time,Probability,RiskPremium,T0,T1,T2,Z,Expected,CVaR
48.326767,0.15,13.703047609655133,0.1,18.791653936388858,18.791653936388556,2.884549232525844,6.525260766502464,18.791653939721886
29.6367289,0.15,27.843901114492763,0.1,37.943200843894104,37.94320084389341,5.945430473836278,13.259000530710761,37.94320084484147
56.7398858,0.15,12.040581962941111,0.1,15.068674022811223,15.068674022811223,3.039699256771645,5.733610458543349,15.068674023189473
53.0848317,0.15,12.113192793123131,0.09999999999999609,15.125931112140142,15.125931112140142,3.069795322970468,5.768187044344322,15.12593111808251
39.5993333,0.15,23.11881597271527,0.1,28.878532297310883,28.878532297310883,5.855505677101796,11.008959987007204,28.878532297310883
100.928267,0.15,37.79749773708206,0.09999999999998721,48.57436923075294,48.57436923075294,9.097243018429545,17.998808446229667,48.57436922458098
