Time,Probability,RiskPremium,T0,T1,T2,Z,Expected,CVaR
46.2830484,0.2,21.708218445364796,0.09999999999999432,25.99782602679817,25.99782602679817,7.001710222646119,9.867372020620358,25.997826027614835
41.1978998,0.2,44.103348939406004,0.09999999999999076,48.50392515488088,48.50392515488088,15.519287639399666,20.046976790639093,48.5039251551969
23.3647251,0.2,18.321266818236317,0.1,20.6816639903851,20.6816639903851,6.2872736334962465,8.32784855374374,20.681663990398317
12.4070645,0.2,18.640205208074086,0.1,21.11436362354905,21.114363623548776,6.374921735622274,8.472820549124577,21.114363626882106
32.6764184,0.2,30.66231146874049,0.1,30.468375359884295,30.468375359884295,11.765608847075352,13.93741430397286,30.468375362946876
15.3427992,0.2,50.90855528942381,0.1,49.7767427410627,49.7767427410627,19.777355784106724,23.14025240428337,49.7767427410627
