Time,Probability,RiskPremium,T0,T1,T2,Z,Expected,CVaR
13.7425861,0.05,10.15287522044835,0.1,29.029773462742867,29.029773462742867,3.8656061333728258,3.7603241557216074,29.029773469260746
9.299595,0.05,17.120350557264402,0.1,53.18742811667782,53.18742811667782,6.094824226508491,6.340870576764594,53.18742811667783
14.5249699,0.05,9.716907119933907,0.1,27.08661019996817,27.08661019996817,3.769277059807813,3.598854488864408,27.086610201481186
13.2850204,0.05,9.830566722866415,0.1,27.244851064097794,27.24485106783205,3.8292260421678255,3.6409506380986647,27.244851064097794
16.2965484,0.05,13.021798951254189,0.09999999999999432,35.04164440920016,35.04164440920016,5.177034860278974,4.822888500464501,35.041644405571645
12.5462782,0.05,21.459885357896326,0.1,59.286557584073776,59.286557584073776,8.377934480771145,7.948105688109742,59.28655757826408
