Time,Probability,RiskPremium,T0,T1,T2,Z,Expected,CVaR
14.4250089,0.1,8.853669097815697,0.09999999999999609,14.833684770056367,14.833684770056367,0.5055581630987418,4.024395044461683,14.83368477009982
22.2574286,0.1,16.876879785158692,0.1,28.857440507561538,28.857440507561538,0.7311181856761308,7.671308993254025,28.857440508825622
45.1437173,0.1,8.717743688621267,0.1,14.399627737720085,14.399627737720085,0.580326133000123,3.9626107675551094,14.399627737720085
9.4226885,0.1,8.685086543857016,0.09999999999999609,14.37931410226178,14.37931410226178,0.5647009344920286,3.9477666108440688,14.379314107146442
40.7104613,0.1,17.08619535828831,0.1,28.785467363263525,28.785467363263525,0.9121369519980461,7.766452435585623,28.785467362347234
22.1854646,0.1,28.344517268213597,0.1,48.43744210404425,48.43744210404425,1.2392175358459085,12.883871485551666,48.43744210259184
