Time,Probability,RiskPremium,T0,T1,T2,Z,Expected,CVaR
28.2038713,0.05,10.16780876900191,0.1,24.37866168050398,24.37866168050398,1.531191154995987,3.3892695896673133,24.378661687021847
26.2953534,0.05,14.614374267070234,0.1,34.98700368719726,34.98700368719726,2.2140297797497333,4.871458089023411,34.987003682211714
12.1826116,0.05,9.812537847818204,0.1,23.18898542312519,23.18898542312519,1.5621570297040859,3.2708459492727493,23.188985424638204
10.9481656,0.05,9.937415789093176,0.1,23.39483036199371,23.39483036199371,1.6043542513214504,3.312471929697729,23.39483036199371
8.4840684,0.05,13.872624805996342,0.09999999999999432,32.657572648252845,32.657572648252845,2.2400754433503405,4.62420826866543,32.65757264458768
9.9658267,0.05,22.08120031277323,0.09999999999998721,52.14610207221511,52.14610207221511,3.524374717978617,7.360400104257759,52.146102066405426
