Time,Probability,RiskPremium,T0,T1,T2,Z,Expected,CVaR
16.8410482,0.1,20.81684412010748,0.1,63.178093761888086,109.79111751075695,6.858090094502633,7.7099422667064745,32.70518930229992
13.7488915,0.1,34.51967143440395,0.1,63.6545343968845,159.2186616820817,11.380746568369615,12.785063494223687,54.200508981466314
14.322315,0.1,17.541878334010793,0.1,36.7901540834119,61.683831872068886,5.98732384761519,6.496991975559554,26.727242018903787
12.6165341,0.1,17.547819969058878,0.1,36.81050410629964,58.73116960119909,5.967808601849837,6.499192581132909,26.82246772543737
14.925512,0.1,25.717209383262055,0.1,38.121498083200855,75.85949867597274,9.189864483026307,9.524892364171135,37.5347025084296
14.0612381,0.1,42.56934763212347,0.1,63.62646810097078,121.6785427124816,15.038924785548604,15.766425048934627,62.82241623949559
