Time,Probability,RiskPremium,T0,T1,T2,Z,Expected,CVaR
78.3916141,0.25,18.648527381145737,0.1,26.72582137043723,26.72582137043723,4.732624004225579,11.655329613216074,26.725821371243143
23.3380942,0.25,38.74932831735972,0.0999999999999801,50.033626844529174,50.033626844529174,10.658703622083182,24.218330198349687,50.033626844529174
22.9451293,0.25,16.74427811028078,0.09999999999999609,24.080279006020376,24.080279006020376,4.236838513463788,10.465173818925381,24.080279004869027
17.4793711,0.25,16.862867621226627,0.1,24.229060967752698,24.229060967752698,4.2701100526422335,10.539292263266635,24.229060965384985
8.4191588,0.25,27.530526479337812,0.09999999999999432,35.02804043343514,35.02804043343514,7.650728221715008,17.206579049586086,35.02804043649772
5.8045557,0.25,46.54134624080405,0.1,55.70858308785318,55.70858308785318,13.459968587198766,29.08834140050245,55.70858308785318
