Time,Probability,RiskPremium,T0,T1,T2,Z,Expected,CVaR
12.8537098,0.05,10.906796632414629,0.1,63.178093761888086,109.79111751075692,0.9088997193678878,4.544498596839426,22.722492984197146
10.2369148,0.05,16.65617468662054,0.1,63.6545343968845,119.67234110440711,1.3880145572183713,6.940072786091891,34.700363930459446
11.5900326,0.05,9.487615062919431,0.1,36.7901540834119,61.68383187206887,0.7906345885766222,3.953172942883093,19.765864714415475
18.5902565,0.05,9.49260683786584,0.1,36.81050410629964,58.05967081709798,0.7910505698221504,3.9552528491107646,19.77626424555384
11.4036179,0.05,12.354578267351366,0.1,38.12149808320086,75.85949867597273,1.0295481889459466,5.147740944729735,25.738704723648695
12.5783515,0.05,20.31671291398082,0.1,63.6264681009708,121.67854271248154,1.6930594094984062,8.465297047492005,42.32648523746003
