Time,Probability,RiskPremium,T0,T1,T2,Z,Expected,CVaR
15.4895187,0.15,20.393942243222202,0.1,63.178093761888086,63.178093768405965,3.5355476798113603,10.196971121611101,36.84266488881002
18.03831,0.15,37.09045117913567,0.1,63.6545343968845,159.21866168208157,7.545529792330077,18.545225589567835,62.54400877851886
14.3737814,0.15,17.056227405564375,0.1,36.79015408341189,61.68383187206888,3.50224766183565,8.528113702782187,28.631577866568374
38.0364246,0.15,16.556013805922262,0.1,36.19922252752806,36.19922252752806,3.532882912737022,8.278006902961113,27.25850286385755
15.9142314,0.15,27.18734098202796,0.1,38.121498083200855,91.54684087940338,6.5541744465533425,13.593670491013976,41.75165466885655
13.2390308,0.15,45.81124734876204,0.1,63.62646810097078,169.06531726696798,10.359218748949768,22.905623674380994,73.09124337610604
