Time,Probability,RiskPremium,T0,T1,T2,Z,Expected,CVaR
18.9043497,0.2,17.435650629406418,0.09999999999999609,23.002398954383985,23.002398954383985,4.111270184888828,9.17665822600339,23.002398954383985
18.7179545,0.2,37.613572888328626,0.09999999999999432,47.37438937622248,47.37438937622248,9.543623958329922,19.796617309646678,47.374389377486565
40.0819633,0.2,14.059717863710398,0.1,16.614745554743262,16.614745554743262,3.89539814009538,7.3998515072159305,16.614745561879513
17.3524168,0.2,13.998980758540757,0.1,16.22630402602479,16.22630402602479,3.973570320710253,7.367884609758227,16.226304036665734
56.2609466,0.2,25.964710785260646,0.09999999999999076,29.197247272025038,29.197247272025038,7.639590524643191,13.6656372554004,29.197247272790683
29.9748593,0.2,43.483174671526115,0.1,48.57525563608472,48.5752556376277,12.890480995991336,22.885881406066122,48.5752556376277
