Time,Probability,RiskPremium,T0,T1,T2,Z,Expected,CVaR
10.9518753,0.05,12.724596071150396,0.1,63.178093761888086,109.79111751075692,3.0296657312262765,4.544498596839426,30.29665731226287
14.0797478,0.05,19.432203801057298,0.1,63.6545343968845,119.67234110440711,4.626715190727931,6.940072786091891,46.267151907279256
11.0393495,0.05,11.068884240072672,0.1,36.7901540834119,61.68383187206887,2.635448628588734,3.953172942883093,26.35448628588731
12.6271757,0.05,11.074707977510156,0.1,36.81050410629964,58.05967081709798,2.6368352327405193,3.9552528491107646,26.3683523274051
12.6196106,0.05,14.413674645243262,0.1,38.12149808320086,75.85949867597273,3.4318272964864933,5.147740944729735,34.31827296486488
12.2645599,0.05,23.70283173297762,0.1,63.6264681009708,121.67854271248154,5.643531364994672,8.465297047492005,56.4353136499467
