Time,Probability,RiskPremium,T0,T1,T2,Z,Expected,CVaR
178.6840537,0.25,12.166391484481265,0.1,13.515114304773888,13.515114304773888,2.1979489555686436,7.603994677800826,13.515114305580472
39.665825,0.25,31.943798992702856,0.09999999999999076,37.94320084515749,37.94320084515749,4.787594031870662,19.964874370438974,37.943200846421576
110.5578365,0.25,12.027804613114238,0.1,13.06431514624415,13.064315146531982,2.291651824698687,7.517377883196531,13.064315146244146
32.2283772,0.25,12.13603887006463,0.1,13.291648706361231,13.291648706953154,2.26836481124593,7.585024293790439,13.291648706361226
26.296392,0.25,23.899744216631525,0.1,26.474333460605983,26.474333460605983,4.347606751495294,14.93734013539465,26.47433345974898
24.1864625,0.25,43.302176027135125,0.1,47.19469131724114,47.194691318784116,8.185983489445896,27.063860016959215,47.194691318784116
