Time,Probability,RiskPremium,T0,T1,T2,Z,Expected,CVaR
25.2795747,0.25,41.757556500559694,0.1,63.17809376188807,156.54192510569595,21.877920766734373,15.46576166687393,59.60450233638771
24.1178555,0.25,79.75973341856117,0.1,63.6545343968845,159.2186616820817,43.45542758789788,29.540642006874442,97.1772802447629
22.847785,0.25,32.77554157575918,0.1,36.7901540834119,70.95489073513308,17.969092239016064,12.139089472503418,38.81268811490056
25.5581469,0.25,32.78170004384159,0.1,36.81050410629964,70.14192940826788,18.031559995283555,12.14137038660799,38.22906700610842
25.0666355,0.25,56.8051462854606,0.1,38.121498083200855,91.54684087940345,31.630219867481532,21.038943068689104,62.39877656158932
23.9765599,0.25,99.4150726279459,0.1,63.62646810097078,169.065317266968,55.40644411150249,36.820397269609536,108.70270973794835
