Time,Probability,RiskPremium,T0,T1,T2,Z,Expected,CVaR
19.9760294,0.2,36.668295833733794,0.1,63.17809376188807,156.54192510569598,15.07271124567323,13.095819940619208,47.094878530384605
18.3098032,0.2,67.72732748371968,0.1,63.6545343968845,159.2186616820817,30.607444165287326,24.188331244185548,75.91453954117243
17.7487973,0.2,29.11076743299872,0.1,36.7901540834119,70.95489073513308,12.912546235439237,10.396702654642404,33.602776826310794
22.8818668,0.2,29.116911489907345,0.1,36.81050410629964,70.1419294082679,13.02586565959386,10.3988969606812,33.16749243921033
20.128879,0.2,48.67671822112456,0.1,38.121498083200855,91.54684087940345,22.444579919941273,17.384542221830234,52.774926539242415
14.236418,0.2,83.79841681479866,0.1,63.62646810097078,169.065317266968,37.92093681674475,29.92800600528522,93.7259019763601
