Time,Probability,RiskPremium,T0,T1,T2,Z,Expected,CVaR
46.924606,0.2,25.497769264580555,0.1,27.84005606705957,27.84005606705957,10.006377049413091,10.19910770583215,27.840056070283246
16.4767113,0.2,50.30040821629132,0.1,48.90594640478813,48.90594640478813,21.544509993534838,20.12016328651652,48.90594640731629
13.9643071,0.2,22.51985500505067,0.1,24.39685625066267,24.39685625066267,8.895238724155924,9.007942002020313,24.396856264935167
16.5062827,0.2,22.720517679634487,0.09999999999999609,24.470718736459574,24.470718736459574,9.017557106802826,9.088207071853745,24.470718741780047
15.3507993,0.2,35.87622313859249,0.1,32.679007257817666,32.679007257817666,16.02717848244125,14.350489255436909,32.679007257817666
13.8446245,0.2,59.98923735267976,0.1,54.45610058432832,54.45610058432832,26.85542071863088,23.995694941071886,54.45610058432832
