Time,Probability,RiskPremium,T0,T1,T2,Z,Expected,CVaR
24.0070378,0.25,27.838371000373083,0.1,63.17809376188807,156.54192510569595,6.310165338967497,15.465761666873927,45.77798163953224
25.3372052,0.25,53.17315561237408,0.09999999999999076,63.6545343968845,159.2186616820816,14.21160482944395,29.540642006874442,76.6451858871527
21.8000867,0.25,21.85036105050614,0.1,36.7901540834119,70.954890735133,5.649150171867042,12.139089472503418,32.449696503181926
26.5755931,0.25,21.85446669589437,0.1,36.81050410629964,71.72100819410541,5.693484167357871,12.141370386607987,32.2394310962506
23.003852,0.25,37.87009752363677,0.1,38.121498083200855,91.54684087634087,10.201114254662148,21.038943068687058,54.189144070124755
21.1072219,0.25,66.27671508529724,0.1,63.62646810097078,169.065317266968,17.946624782931966,36.820397269609536,94.36886243338785
