Time,Probability,RiskPremium,T0,T1,T2,Z,Expected,CVaR
19.6505326,0.2,36.668295833733794,0.1,63.17809376188807,156.54192510569598,11.954777618360534,13.095819940619208,42.140065627504306
19.0540927,0.2,67.72732748371968,0.1,63.6545343968845,159.2186616820817,25.53004976805134,24.188331244185548,69.21069742289262
16.8586454,0.2,29.11076743299872,0.1,36.7901540834119,70.95489073513308,10.462372042257972,10.396702654642404,31.02593449488825
17.4846369,0.2,29.116911489907345,0.1,36.81050410629964,70.1419294082679,10.580501374080105,10.3988969606812,30.742679848546288
16.3490101,0.2,48.67671822112456,0.1,38.121498083200855,91.54684087940345,19.16438690713703,17.384542221830234,47.70401495222346
15.3904536,0.2,83.79841681479866,0.1,63.62646810097078,169.065317266968,32.35540891319884,29.92800600528522,83.71551074607174
