Time,Probability,RiskPremium,T0,T1,T2,Z,Expected,CVaR
28.0134018,0.1,10.000580902372288,0.1,20.536322944004382,20.536322944004382,1.6825454073094255,5.26346363282749,20.536322944004382
16.2083978,0.1,16.92847231342989,0.09999999999999076,34.98580799498021,34.98580799498021,2.8035328981896575,8.909722270226254,34.985807995296234
11.9666437,0.1,9.35379254567256,0.09999999999999609,18.895523991115933,18.89552399111593,1.6362487805477728,4.923048708248742,18.895523992628938
23.2131974,0.1,9.312090335839926,0.1,18.862238215202154,18.862238215202154,1.6187625504162546,4.9011001767578515,18.862238220086816
33.8185578,0.1,15.00000744269681,0.1,29.392945856519418,29.392945856519418,2.805625664674729,7.894740759314085,29.392945852854254
27.7381003,0.1,24.633814146270844,0.09999999999998721,48.8261305771414,48.8261305771414,4.4964557598904555,12.965165340142475,48.82613057133172
