Time,Probability,RiskPremium,T0,T1,T2,Z,Expected,CVaR
11.438184,0.05,-9.125011501964763e-12,2.0,-3.1845320252129264e-9,-3.1845320252129264e-9,-5.6488166440734244e-12,-4.3452435723641734e-12,0.0
13.1322827,0.05,0.0,2.0,0.0,0.0,-0.0,0.0,0.0
10.1980492,0.05,-2.118221686941979e-12,0.1,0.0,0.0,-1.3112800919164632e-12,-1.0086769937818947e-12,0.0
12.4755772,0.05,0.0,2.0,0.0,0.0,-0.0,0.0,0.0
11.8043834,0.05,0.0,2.0,0.0,0.0,-0.0,0.0,0.0
12.4908429,0.05,0.0,2.0,5.809681624668883e-9,5.809681624668883e-9,-0.0,0.0,0.0
