Time,Probability,RiskPremium,T0,T1,T2,Z,Expected,CVaR
24.0797561,0.2,21.19018141681307,0.09999999999999432,24.888766197741013,24.888766197741013,6.21837782871213,9.631900644005981,24.88876619856305
32.2188345,0.2,43.78282898176238,0.09999999999999076,47.82011497757184,47.82011497757184,14.109952904029658,19.901285900801028,47.820114977748815
17.1078671,0.2,17.45643128927018,0.1,18.83765939997961,18.83765939997961,5.7056685274475765,7.934741495122726,18.83765939997961
39.0132021,0.2,17.59096951944214,0.1,18.841421087452172,18.841421087452172,5.799140233500109,7.995895236110004,18.841421092772645
64.283732,0.2,30.155745540540703,0.1,29.375268391371673,29.375268391371673,10.964749512037157,13.70715706388209,29.375268391371673
66.370557,0.2,50.459174242635896,0.1,48.786161732718114,48.786161732718114,18.475625248475122,22.93598829210729,48.78616172654617
