Time,Probability,RiskPremium,T0,T1,T2,Z,Expected,CVaR
66.4235708,0.25,25.649075750818618,0.1,26.742527281082626,26.742527281082626,9.465248008448073,11.658670795826621,26.74252728430627
22.0712275,0.25,53.280326436369734,0.0999999999999801,50.033626844529174,50.033626844529174,21.317407244166112,24.218330198349687,50.033626844529174
20.961676,0.25,23.023382401635956,0.09999999999999609,24.080279006020376,24.080279006020376,8.473677026927506,10.465173818925381,24.080279004869027
24.4302044,0.25,23.183747861981164,0.1,24.222915215456844,24.222915215456844,8.540226251060398,10.538067209991482,24.22291521308913
15.8650962,0.25,37.85447390908946,0.09999999999999076,35.02804043343514,35.02804043343514,15.30145644343002,17.206579049586086,35.02804043649772
11.9580392,0.25,63.99435108110621,0.1,55.70858308785318,55.70858308785318,26.919937174398413,29.08834140050245,55.70858308785318
