Time,Probability,RiskPremium,T0,T1,T2,Z,Expected,CVaR
21.5827425,0.15,17.773847590099603,0.10000001303552963,29.394023205663323,29.394023205663323,6.170567702755948,8.463736947666503,29.394023212181217
13.1684665,0.15,33.559508940426,0.1,50.46557324484466,50.46557324484466,12.406062192098391,15.980718543059922,50.46557324484466
13.3713771,0.15,15.75944819508749,0.1,24.785145081235054,24.785145081235054,5.662852163462026,7.504499140517898,24.785145081235054
18.4663946,0.15,16.059544204169704,0.1,25.47247251302049,25.47247251302049,5.738381624637551,7.647402001985589,25.472472518962853
14.0602096,0.15,24.795941421002354,0.1,33.95658223000473,33.95658223000473,9.66600160657217,11.807591152858212,33.95658223000473
22.3609258,0.15,40.66568704739567,0.1,57.88946631091906,57.88946631091906,15.522346152997818,19.36461287971218,57.88946631094983
