Time,Probability,RiskPremium,T0,T1,T2,Z,Expected,CVaR
44.9387866,0.2,17.76126963732848,0.09999999999999432,25.997826027604088,25.997826027604088,4.667806815056113,9.867372020738038,25.997826028410007
87.9087579,0.2,36.084558223390374,0.1,48.50392515519689,48.50392515519689,10.34619175960672,20.046976790772284,48.50392515582894
8.8825837,0.2,14.990127396733785,0.10000000028820787,20.681663990096894,20.681663990096894,4.191515755663979,8.327848553740989,20.681663990385097
7.6721458,0.2,15.251076988408307,0.1,21.11436362354905,21.114363623548776,4.249947823739292,8.472820549115708,21.114363626882106
12.9406448,0.2,25.087345747154735,0.09999999999999076,30.468375359884305,30.468375359884305,7.843739231385515,13.9374143039749,30.468375362946887
13.8832342,0.2,41.65245432771051,0.1,49.77674274723464,49.77674274723464,13.184903856071271,23.14025240428337,49.7767427410627
