Time,Probability,RiskPremium,T0,T1,T2,Z,Expected,CVaR
20.401754,0.25,23.790309385868902,0.09999999999999609,25.225240555179134,25.225240555179134,7.597807999563835,11.32871875517571,25.22524055840278
10.1712536,0.25,50.21337837771383,0.09999999999999076,48.560316547259916,48.560316547259916,17.675031421531777,23.911132560816064,48.56031654757594
9.165269,0.25,20.32489933221268,0.1,20.52857035753749,20.52857035753749,6.848859437983152,9.67852349152978,20.52857035638614
8.7864462,0.25,20.71056666228367,0.1,21.245234986211,21.245234986211,6.864320926402927,9.86217460108738,21.245234986211
10.3955919,0.25,34.10198599569367,0.09999999999999076,30.624725141252757,30.624725141252757,12.827955578540319,16.239040950330327,30.624725141252753
10.2962466,0.25,58.05495145529468,0.1,49.04956335633176,49.04956335633176,22.91821454441589,27.645214978711778,49.04956335633176
