Time,Probability,RiskPremium,T0,T1,T2,Z,Expected,CVaR
59.9882824,0.25,31.02893080876836,0.1,35.009105052231746,35.009105052231746,13.6841328620659,12.928721170320145,35.009105052231746
21.7923599,0.25,61.73813499460922,0.1,59.55980478963396,59.55980478963396,29.246795704893174,25.72422291442063,59.55980479089804
58.8473639,0.25,26.239842695308884,0.1,26.96858474719959,26.96858474719959,12.099511514099397,10.933267789711973,26.96858474719959
15.4273061,0.25,26.464547666231176,0.09999999999999609,27.268509496055277,27.268509496055277,12.189329878276402,11.026894860929673,27.268509496055277
10.5977692,0.25,47.9735484291021,0.1,38.121498083200855,52.12349002677962,21.5576676140454,19.988978512125893,52.12349002677962
7.583436,0.25,84.90258767598802,0.1,63.62646810097078,94.40871611589405,37.719981894146564,35.37607819832822,94.40871611589405
