Time,Probability,RiskPremium,T0,T1,T2,Z,Expected,CVaR
21.2548899,0.1,7.8023286429249215,0.10000000000000188,14.345192310544984,14.345192310544984,0.2457545252607647,3.9011643214624603,14.345192310610162
56.7488191,0.1,15.181525638930063,0.1,28.54311825580361,28.54311825580361,0.25743841663588607,7.59076281946503,28.54311825611963
17.5110507,0.1,7.8907528402408476,0.09999999999999609,14.33173955020978,14.33173955020978,0.31014932405955564,3.9453764201204238,14.331739551722789
9.8555541,0.1,7.866784302058804,0.09999999999999609,14.322510319850448,14.322510319850448,0.29720079023241947,3.9333921510293997,14.32251032473511
23.2397021,0.1,15.397622702492939,0.1,28.5219254925604,28.5219254925604,0.41072140180186933,7.698811351246469,28.521925492516832
15.8565685,0.1,25.759963200451196,0.1,48.42217217508191,48.42217217508191,0.4402148990259467,12.879981600225598,48.42217217508191
