Time,Probability,RiskPremium,T0,T1,T2,Z,Expected,CVaR
10.8886166,0.05,-8.690487144728347e-12,2.0,0.0,-3.1845320252129264e-9,-5.214304918707865e-12,-4.3452435723641734e-12,6.315935428978667e-17
14.3813021,0.05,5.219978523503717e-12,2.0,3.91497678720043e-9,3.91497678720043e-9,3.1319744822313722e-12,2.6099892617518586e-12,6.315935428978667e-17
11.0500976,0.05,1.8156200098928823e-11,0.1,0.0,0.0,-1.2104164978963016e-12,9.07810004946441e-12,6.052068278626797e-11
12.5040529,0.05,4.9790192709527526e-12,2.0,3.7342573477872065e-9,3.7342573477872065e-9,2.987405246636222e-12,2.4895096354763763e-12,3.1579677144893335e-17
12.6149898,0.05,4.8868476672699525e-12,2.0,3.6651641721618944e-9,3.6651641721618944e-9,2.9321022844265427e-12,2.4434238336349755e-12,3.1579677144893335e-17
12.215732,0.05,2.842170943040401e-17,2.0,5.809681624668883e-9,5.809681624668883e-9,-1.4526651486650936e-17,1.4210854715202004e-17,1.578983857244667e-16
