Time,Probability,RiskPremium,T0,T1,T2,Z,Expected,CVaR
24.7876287,0.2,24.820733653196044,0.09999999999999432,26.31175203056182,26.31175203056182,9.158229692386348,9.928293461278374,26.31175203136774
53.9282636,0.2,50.15282320240429,0.09999999999999076,48.57538608593652,48.57538608593652,20.11170403959083,20.061129280961563,48.57538608625254
16.0349196,0.2,21.40224353980482,0.1,21.883604831695514,21.883604831695514,8.178398528362056,8.56089741592196,21.883604831695514
12.0008021,0.2,21.74786391824837,0.1,22.284541706134604,22.284541706134604,8.293829702356641,8.699145567299386,22.284541706134604
14.6412847,0.2,35.18015874034957,0.1,31.165738814684495,31.165738814684495,15.12530888164719,14.072063496139798,31.165738817747076
11.6428665,0.2,58.5706341765922,0.1,51.250689116928406,51.250689116928406,25.404528099753268,23.428253670637005,51.250689116928406
