Time,Probability,RiskPremium,T0,T1,T2,Z,Expected,CVaR
28.3190053,0.1,8.980951582383744,0.1,19.102632106449835,19.102632106449835,1.1688911231796801,4.989417545768718,19.10263211294551
59.8885704,0.1,15.13923283902971,0.1,32.32861606447208,32.32861606447208,1.9449616979303757,8.410684910572101,32.328616063208386
18.897681,0.1,8.487411518599393,0.09999999999999609,17.818425248192998,17.818425248192998,1.151543571729837,4.715228621444148,17.818425248571252
10.0938387,0.1,8.459521450033565,0.1,17.825175512665904,17.825175512665904,1.1346990361301326,4.6997341389075125,17.825175513887068
19.4128724,0.1,14.144196399674899,0.1,29.199675134756276,29.199675134756276,2.017951862486795,7.857886888708369,29.1996751311074
10.1658195,0.1,23.29255576313022,0.09999999999998721,48.69192712290145,48.69192712290145,3.201923333876196,12.940308757294536,48.691927117091765
