Time,Probability,RiskPremium,T0,T1,T2,Z,Expected,CVaR
18.2908104,0.2,32.739549851548034,0.1,63.17809376188807,156.54192510569598,13.403044995476701,13.095819940619208,54.70038604363338
23.4427158,0.2,60.47082811046395,0.1,63.6545343968845,159.2186616820817,26.96077933477339,24.188331244185548,86.3331147875522
23.8399675,0.2,25.991756636605967,0.1,36.7901540834119,70.95489073513308,11.582584017096968,10.396702654642404,37.14650242041974
19.4362082,0.2,25.997242401703005,0.1,36.81050410629964,70.1419294082679,11.689891049538124,10.3988969606812,36.45525957057242
19.5163329,0.2,43.46135555457555,0.1,38.121498083200855,91.54684087940345,19.693364059245013,17.384542221830234,59.9408707118324
17.11377,0.2,74.82001501321308,0.1,63.62646810097078,169.065317266968,33.72826254806179,29.92800600528522,104.35298240439263
