Time,Probability,RiskPremium,T0,T1,T2,Z,Expected,CVaR
27.7107257,0.1,14.620292219102192,0.1,21.405277822858306,21.405277822858306,3.6087450001477968,5.414923044111894,21.40527782937617
11.6990027,0.1,24.41868366885066,0.1,35.765952156111965,35.765952156111965,6.022028419858498,9.043956914389083,35.765952156111965
11.2247365,0.1,13.633407258927306,0.09999999999999609,19.61879162767415,19.61879162767415,3.484713626377479,5.04941009589899,19.618791629187157
23.5873149,0.1,13.589824436981496,0.1,19.610610542756557,19.610610542756557,3.454486345521183,5.033268309993133,19.610610542756557
15.9242916,0.1,21.423919654384,0.09999999999999076,29.621099352257634,29.621099352257634,5.89892459521004,7.934785057179327,29.62109934859247
38.4845264,0.1,35.011692102741286,0.1,48.83853029580468,48.83853029580468,9.489465807868642,12.967293371385608,48.83853029563433
