Time,Probability,RiskPremium,T0,T1,T2,Z,Expected,CVaR
22.9781877,0.25,44.850708833934355,0.1,63.17809376188807,156.54192510569595,20.3670198387904,15.46576166687393,51.53747097995397
19.5103218,0.25,85.66786181993596,0.1,63.6545343968845,159.2186616820817,42.3496715231552,29.540642006874442,84.65083516649952
20.179278,0.25,35.203359470259855,0.1,36.7901540834119,70.95489073513308,17.36804783096814,12.139089472503418,34.92397813965663
23.40254,0.25,35.20997412116312,0.1,36.81050410629964,70.14192940826788,17.449252236754624,12.14137038660799,34.61877637781018
20.5005502,0.25,61.01293489919847,0.1,38.121498083200855,91.54684087940345,30.486941066821725,21.038943068689104,58.9871461234396
21.0044328,0.25,106.77915208186772,0.1,63.62646810097078,169.065317266968,53.19310342435458,36.820397269609536,103.88300282122408
