Time,Probability,RiskPremium,T0,T1,T2,Z,Expected,CVaR
14.95699,0.1,19.274855666766193,0.1,63.178093761888086,109.79111751075695,4.364468649031694,7.7099422667064745,36.51172127081854
12.0260471,0.1,31.962658735559213,0.1,63.6545343968845,159.2186616820817,7.412521542351343,12.785063494223687,59.84535829016043
12.1517474,0.1,16.242479938898878,0.1,36.7901540834119,61.683831872068886,4.07339474178636,6.496991975559554,29.185364861771397
17.2004131,0.1,16.247981452832295,0.1,36.81050410629964,58.73116960119909,4.053916881834612,6.499192581132909,29.278680540592017
15.5094528,0.1,23.812230910427836,0.1,38.121498083200855,75.85949867597274,6.627259969950607,9.524892364171135,40.16520666939552
13.6668999,0.1,39.41606262233655,0.1,63.62646810097078,121.6785427124816,10.722004225505849,15.766425048934627,67.47695844051894
