Time,Probability,RiskPremium,T0,T1,T2,Z,Expected,CVaR
17.0113383,0.15,30.089720228193656,0.1,63.178093761888086,109.79111751075698,14.98410180110869,10.375765595928852,41.90811780363635
15.4067667,0.15,53.781154209746795,0.1,63.6545343968845,159.2186616820817,27.923962255097514,18.54522558956784,67.29166802344398
13.9011813,0.15,24.731529738068314,0.1,36.7901540834119,61.68383187206888,12.77521371379379,8.528113702782191,31.38279584606454
17.3327926,0.15,24.738154565752524,0.1,36.81050410629964,59.60930820403673,12.8197446152008,8.530398126121549,31.11714362232266
15.4047752,0.15,39.42164442390892,0.1,38.121498083200855,91.54684087940345,21.02408234586641,13.59367049100308,45.61961440459937
13.0351443,0.15,66.42630865570489,0.1,63.62646810097078,169.06531726696798,34.83497545111358,22.905623674380998,80.81035387578319
