Time,Probability,RiskPremium,T0,T1,T2,Z,Expected,CVaR
15.3637377,0.1,17.177187255257493,0.09999999999999609,26.1936183807873,26.1936183807873,6.027750357915799,6.134709734020574,26.193618387305165
16.2593643,0.1,31.125525855027316,0.1,48.75091534102889,48.75091534102889,10.600602594000238,11.11625923393841,48.75091534229298
11.7863119,0.1,15.481419251710228,0.1,22.974426404896054,22.974426404896054,5.591003921971274,5.529078304182255,22.974426406409062
11.9633004,0.1,15.636298733225681,0.1,23.40568613838786,23.40568613838786,5.596582893864939,5.584392404723447,23.405686143272522
24.7193489,0.1,23.409886372835032,0.1,32.63943096213698,32.63943095847179,8.979523354779186,8.36067370458394,32.63943095847181
15.9086063,0.1,37.52093481235319,0.1,51.95707688173677,51.95707688173677,14.481415195753002,13.40033386155474,51.95707688173677
