Time,Probability,RiskPremium,T0,T1,T2,Z,Expected,CVaR
31.441982,0.1,9.970891815498344,0.1,19.082707499518143,19.082707499518143,1.4611305065480071,4.985445907749171,19.08270751255388
26.749295,0.1,16.821369821144092,0.1,32.32861606194391,32.32861606194391,2.4312021224130165,8.410684910572044,32.328616063207996
19.2719467,0.1,9.430457243440028,0.1,17.81842524970601,17.818425248193,1.4394294647235015,4.715228621720014,17.81842524970601
21.5795471,0.1,9.399468277157258,0.1,17.825175507781243,17.825175507781243,1.4183737950568123,4.699734138578629,17.825175512665904
18.811482,0.1,15.720498624444271,0.09999999999999076,29.21152675775969,29.211526754094525,2.522429951754096,7.860249312222136,29.211526754094525
34.0969764,0.1,25.873609519708804,0.1,48.6743147947339,48.6743147947339,4.002427251497616,12.936804759854397,48.67431479328149
