Time,Probability,RiskPremium,T0,T1,T2,Z,Expected,CVaR
6.3455805,0.15,19.713954632264816,0.1,63.178093761888086,109.79111751075698,3.8660147034419783,10.375765595928852,37.736637260398794
6.8112014,0.15,35.23592862017892,0.1,63.6545343968845,159.2186616820817,7.89094639282083,18.54522558956784,62.54400877851889
6.7196861,0.15,16.20341603528616,0.1,36.7901540834119,61.68383187206888,3.654609499746737,8.528113702782191,28.631577866568378
7.0948271,0.15,16.207756439630987,0.1,36.81050410629964,59.60930820403673,3.6793461428017933,8.530398126121549,28.520458979659754
6.7409048,0.15,25.827973932905817,0.1,38.121498083200855,91.54684087940345,6.60270660634296,13.59367049100308,41.75165466880207
6.6640261,0.15,43.52068498132394,0.1,63.62646810097078,169.06531726696798,10.577937366597943,22.905623674380998,73.09124337610605
