Time,Probability,RiskPremium,T0,T1,T2,Z,Expected,CVaR
12.2800575,0.05,1.5816687835013e-10,2.0,6.51786535854626e-9,0.0,-6.08334147500498e-12,6.083341475004998e-11,4.0555609833366646e-10
10.9599595,0.05,-8.821746462217561e-11,2.0,0.0,0.0,-6.446660876235907e-11,-3.3929794085452155e-11,0.0
26.6736174,0.05,4.982866196693673e-11,0.1,0.0,0.0,-1.916486998728324e-12,1.9164869987283353e-11,1.2776579991522236e-10
16.5832769,0.05,-6.472711504557082e-11,2.0,0.0,0.0,-4.7300584071763297e-11,-2.4895044248296476e-11,0.0
12.7560451,0.05,-6.988251281351647e-11,2.0,0.0,0.0,-5.1067990132954343e-11,-2.687788954366018e-11,0.0
11.9063185,0.05,3.694822225952521e-17,2.0,5.809681624668883e-9,5.809681624668883e-9,-2.0368891758456196e-17,1.4210854715202004e-17,1.578983857244667e-16
