Time,Probability,RiskPremium,T0,T1,T2,Z,Expected,CVaR
52.5798698,0.25,22.61471400627714,0.1,28.021215990477323,28.021215990477323,7.488485963433496,11.902481055935201,28.021215990477323
18.9185072,0.25,46.66093523348251,0.09999999999998366,51.82147846464396,51.82147846464396,16.649929968308356,24.558386964990625,51.821478465908044
20.8526977,0.25,20.13901368616204,0.09999999999999254,24.79196654389039,24.79196654389039,6.701035667651353,10.599480887453621,24.79196654273904
22.557392,0.25,20.23751415952467,0.09999999999999787,24.8206587990296,24.8206587990296,6.752323806708193,10.65132324185513,24.82065879666189
19.5399397,0.25,33.08688735572785,0.1,36.148331379838936,36.148331379838936,11.925900087874592,17.41415123985673,36.148331379838936
13.9342762,0.25,56.656090446761446,0.1,59.509558704463,59.509558704463,20.898982728285354,29.818994971979325,59.509558704463
