Time,Probability,RiskPremium,T0,T1,T2,Z,Expected,CVaR
18.9381292,0.2,22.854270290118148,0.1,26.356048406448863,26.356048406448863,7.991808288582291,9.936639256573113,26.356048406448863
22.2787601,0.2,46.19882209586882,0.09999999999999432,48.711953420358284,48.711953420358284,17.524724996726462,20.086444389508024,48.71195342162237
17.7032536,0.2,19.765944404471778,0.1,22.05895710271173,22.05895710271173,7.13253506360165,8.593888871509481,22.05895710271173
20.6049254,0.2,20.027114897433357,0.1,22.32856105505609,22.32856105505609,7.233337697492843,8.707441259753605,22.32856106037656
39.5270845,0.2,32.57755782753689,0.09999999999999076,31.657427936070754,31.657427936070754,13.165420541763915,14.164155577190057,31.657427939133335
32.2699759,0.2,54.20703444291906,0.09999999999998721,52.00077459677762,52.00077459677762,22.10900897441423,23.56827584474718,52.00077459060567
