Time,Probability,RiskPremium,T0,T1,T2,Z,Expected,CVaR
17.0909823,0.15,23.86426087063637,0.1,63.178093761888086,109.79111751075698,7.1820248331660235,10.375765595928852,41.90811780363635
15.5362591,0.15,42.65401885600606,0.1,63.6545343968845,159.2186616820817,14.35950477966295,18.54522558956784,67.29166802344398
16.6187925,0.15,19.614661516399025,0.1,36.7901540834119,61.68383187206888,6.51561138496037,8.528113702782191,31.38279584606454
19.3280778,0.15,19.619915690079598,0.1,36.81050410629964,59.60930820403673,6.572168464717816,8.530398126121549,31.11714362232266
18.8831478,0.15,31.26544212930706,0.1,38.121498083200855,91.54684087940345,11.266582855584748,13.59367049100308,45.61961440459937
14.4123318,0.15,52.68293445107631,0.1,63.62646810097078,169.06531726696798,18.196364736414882,22.905623674380998,80.81035387578319
