Time,Probability,RiskPremium,T0,T1,T2,Z,Expected,CVaR
139.7605258,0.15,9.556594252521567,0.1,14.130643709930563,14.130643709930563,1.1598765827984592,5.3092190291787045,14.130643716448457
23.6332336,0.15,19.669547677314192,0.1,29.184769520161435,29.184769520161435,2.351986128339185,10.927526487396774,29.184769520477456
44.5720319,0.15,9.76260393043919,0.1,13.901211102989183,13.901211102989173,1.371795291734377,5.423668850244012,13.90121110298921
9.0937183,0.15,9.79977633107273,0.1,13.905252607257284,13.905252607257284,1.39412979689885,5.4443201839292135,13.905252613199645
33.4141659,0.15,19.20206652504409,0.1,27.638917464871497,27.638917464871497,2.594365833850895,10.667814736135599,27.638917464871497
40.3108543,0.15,32.030609682224146,0.09999999999999432,47.82955229764413,47.82955229764413,3.723657328285154,17.794783156791034,47.82955229149959
