Time,Probability,RiskPremium,T0,T1,T2,Z,Expected,CVaR
21.5489815,0.25,23.34694868349271,0.1,24.384998130962202,24.384998130962202,6.922392663106103,11.117594611187133,24.38499813418585
22.8892254,0.25,49.81846020241232,0.1,47.82291496890756,47.82291496890756,16.455448442225812,23.723076286862955,47.822914970171645
32.7489403,0.25,19.364544246393347,0.1,18.705604306286585,18.705604306286585,6.349575596337789,9.221211545901618,18.705604306286585
18.1818003,0.25,19.4284224762306,0.1,18.824284487580986,18.824284487580986,6.347730831793651,9.251629750586009,18.824284485213266
11.7633133,0.25,33.440376694645984,0.1,29.375268391371666,29.375268391371666,12.135875994319766,15.9239889022123,29.37526839749683
14.168684,0.25,57.866683637890766,0.1,48.6919271290734,48.6919271290734,21.85657460647578,27.55556363709053,48.69192712290145
