Time,Probability,RiskPremium,T0,T1,T2,Z,Expected,CVaR
66.9533583,0.1,11.289384558731497,0.1,18.706094840602006,18.706094840602006,1.5517731196416225,4.908428069013683,18.706094840659944
22.4785854,0.1,18.359102839721718,0.1,30.243924276310345,30.243924276310345,2.5852872361347874,7.98221862596596,30.243924276311592
21.5460752,0.1,10.213113835958588,0.1,16.490789984897084,16.490789984897084,1.5550225615171802,4.440484276503723,16.49078998489709
21.0744851,0.1,10.147578309172324,0.1,16.430255517431654,16.430255517431654,1.5291950080786458,4.411990569205391,16.430255517457656
40.6615482,0.1,18.02074648202113,0.1,29.08896694203282,29.08896694203282,2.74678839434709,7.835107166096204,29.088966942032823
37.2103674,0.1,29.707803016122018,0.1,48.57525563762771,48.57525563762771,4.310780081874356,12.916436093966107,48.57525563762771
