Time,Probability,RiskPremium,T0,T1,T2,Z,Expected,CVaR
35.2435694,0.15,9.069269177245237,0.1,14.215913267435955,14.215913267435955,1.070090241678159,5.334864221908952,14.215913267435955
7.2933078,0.15,18.680779628519435,0.09999999999999076,29.388744986027255,29.388744986027255,2.1720704029417077,10.988693899129125,29.38874498729134
28.5697954,0.15,9.232579115392717,0.1,13.925308066106336,13.925308066106336,1.2533364714620245,5.430928891407492,13.925308066484586
10.6840999,0.15,9.289824092655623,0.1,13.972642907643396,13.972642907643396,1.2728095351513822,5.4646024074445245,13.972642907643396
19.0106744,0.15,18.17413928051308,0.1,27.714691940129114,27.714691940129114,2.3762625829690682,10.69067016500762,27.714691940129114
17.2797996,0.15,30.245142930866926,0.09999999999999432,47.817615830550416,47.817615830550416,3.4459757988665185,17.791260547568918,47.81761582900742
