Time,Probability,RiskPremium,T0,T1,T2,Z,Expected,CVaR
12.9037381,0.05,11.815696351782517,0.1,63.178093761888086,109.79111751075692,1.8177994387357757,4.544498596839426,22.722492984197146
10.2429863,0.05,18.044189243838925,0.1,63.6545343968845,119.67234110440711,2.776029114436769,6.940072786091891,34.700363930459446
12.1612901,0.05,10.278249651496049,0.1,36.7901540834119,61.68383187206887,1.5812691771532401,3.953172942883093,19.765864714415475
18.3611568,0.05,10.283657407687999,0.1,36.81050410629964,58.05967081709798,1.5821011396443097,3.9552528491107646,19.77626424555384
14.0436469,0.05,13.384126456297315,0.1,38.12149808320086,75.85949867597273,2.0590963778918954,5.147740944729735,25.738704723648695
9.8254421,0.05,22.009772323479226,0.1,63.6264681009708,121.67854271248154,3.3861188189968123,8.465297047492005,42.32648523746003
