Time,Probability,RiskPremium,T0,T1,T2,Z,Expected,CVaR
18.4885891,0.2,36.668295833733794,0.1,63.17809376188807,156.54192510569598,20.668051324426056,13.095819940619208,42.140065627504306
29.1895052,0.2,67.72732748371968,0.1,63.6545343968845,159.2186616820817,39.036759621663386,24.188331244185548,69.21069742289262
30.2226343,0.2,29.11076743299872,0.1,36.7901540834119,70.95489073513308,16.651141594331754,10.396702654642404,31.02593449488825
23.8385084,0.2,29.116911489907345,0.1,36.81050410629964,70.1419294082679,16.683636240439647,10.3988969606812,30.742679848546288
21.4202867,0.2,48.67671822112456,0.1,38.121498083200855,91.54684087940345,28.26022872625505,17.384542221830234,47.70401495222346
15.9348945,0.2,83.79841681479866,0.1,63.62646810097078,169.065317266968,48.491660335434794,29.92800600528522,83.71551074607174
