Time,Probability,RiskPremium,T0,T1,T2,Z,Expected,CVaR
12.678183,0.05,10.452346772730685,0.1,63.178093761888086,109.79111751075692,3.3326323043489126,4.544498596839426,30.29665731226287
12.4382579,0.05,15.96216740801135,0.1,63.6545343968845,119.67234110440711,5.089386709800717,6.940072786091891,46.267151907279256
12.0118044,0.05,9.092297768631118,0.1,36.7901540834119,61.68383187206887,2.8989934914476,3.953172942883093,26.35448628588731
11.3206736,0.05,9.09708155295477,0.1,36.81050410629964,58.05967081709798,2.9005187560145647,3.9552528491107646,26.3683523274051
24.331824,0.05,11.839804172878397,0.1,38.12149808320086,75.85949867597273,3.775010026135141,5.147740944729735,34.31827296486488
14.2961207,0.05,19.47018320923161,0.1,63.6264681009708,121.67854271248154,6.207884501494134,8.465297047492005,56.4353136499467
