Time,Probability,RiskPremium,T0,T1,T2,Z,Expected,CVaR
5.6677979,0.2,11.054191899507483,0.1,13.787546898215021,13.787546898215021,1.6376936462776426,6.502465823239679,13.787546898215021
16.6032072,0.2,24.183410250465432,0.09999999999999076,30.4035583764497,30.4035583764497,3.4866656345097855,14.225535441450383,30.403558377713782
44.3787883,0.2,10.995123790096882,0.1,13.321708965428698,13.321708965428702,1.7858082780088425,6.467719876527569,13.321708965428714
35.5769273,0.2,11.139239028397158,0.1,13.351799323388995,13.351799323388995,1.8670231692437744,6.552493546116029,13.351799328709468
30.3927956,0.2,22.075890027772136,0.1,26.95446545591838,26.95446545591838,3.502613246142454,12.9858176633954,26.954465458980962
59.4163879,0.2,38.24829732525496,0.09999999999999432,47.30660769967817,47.30660769350622,5.826255194348816,22.498998426620215,47.30660768733428
