Time,Probability,RiskPremium,T0,T1,T2,Z,Expected,CVaR
18.4768425,0.1,8.160116003832227,0.1,14.286333331832736,14.286333331832736,0.11412095311134879,3.8857695256344296,14.286333338350602
9.3261313,0.1,0.0,2.0,0.0,0.0,-0.0,0.0,0.0
17.8861104,0.1,8.270191832568056,0.1,14.304321226430533,14.304321226430533,0.1855513898335358,3.938186586937165,14.304321226430533
15.6788587,0.1,8.244679447996331,0.09999999999999609,14.294491942948348,14.294491942948348,0.17125996943557448,3.9260378323791696,14.29449194783301
15.7494355,0.1,16.027183650224007,0.09999999999999076,28.26778180752595,28.26778180752595,0.1408756000442356,7.631992214392461,28.267781803860785
9.0558294,0.1,0.0,2.0,0.0,0.0,-0.0,0.0,0.0
