Time,Probability,RiskPremium,T0,T1,T2,Z,Expected,CVaR
13.2267375,0.1,0.0,2.0,0.0,0.0,-0.0,0.0,0.0
12.9000226,0.1,0.0,2.0,0.0,0.0,-0.0,0.0,0.0
11.7907822,0.1,0.0,2.0,0.0,0.0,-0.0,0.0,0.0
11.8034424,0.1,0.0,2.0,0.0,0.0,-0.0,0.0,0.0
11.3313963,0.1,0.0,2.0,0.0,0.0,-0.0,0.0,0.0
10.583056,0.1,0.0,2.0,0.0,0.0,-0.0,0.0,0.0
