Time,Probability,RiskPremium,T0,T1,T2,Z,Expected,CVaR
17.0120859,0.15,23.86426087063637,0.1,63.178093761888086,109.79111751075698,8.758642443551405,10.375765595928852,41.90811780363635
15.380094,0.15,42.65401885600606,0.1,63.6545343968845,159.2186616820817,16.79682690135678,18.54522558956784,67.29166802344398
16.1982792,0.15,19.614661516399025,0.1,36.7901540834119,61.68383187206888,7.658345492124501,8.528113702782191,31.38279584606454
17.4973903,0.15,19.619915690079598,0.1,36.81050410629964,59.60930820403673,7.7015057395278745,8.530398126121549,31.11714362232266
13.6883933,0.15,31.26544212930706,0.1,38.121498083200855,91.54684087940345,12.867880051264553,13.59367049100308,45.61961440459937
14.5177618,0.15,52.68293445107631,0.1,63.62646810097078,169.06531726696798,21.09160124648494,22.905623674380998,80.81035387578319
