Time,Probability,RiskPremium,T0,T1,T2,Z,Expected,CVaR
6.8175171,0.2,17.119358438449133,0.09999999999999432,27.08757332863321,27.08757332863321,4.4965432197925335,10.070210846146619,27.087573329546583
4.8335531,0.2,34.169831896364144,0.09999999999999432,48.786956444205906,48.786956444205906,9.766872481361471,20.099901115508413,48.78695644546999
4.8962367,0.2,14.959694263102852,0.1,23.188114581660695,23.188114581660695,4.001629944302354,8.79982015476637,23.188114581660695
6.8599522,0.2,15.18894727284133,0.09999999999999609,23.576622058394985,23.576622058394985,4.057980327661414,8.934674866377252,23.576622058394985
4.9628533,0.2,24.3856454853861,0.1,32.6441828821181,32.6441828821181,7.296195310375363,14.344497344344827,32.6441828821181
4.8195616,0.2,40.26061855418374,0.1,52.639603887648065,52.639603887648065,12.234368693944447,23.68271679657888,52.63960388764806
