Time,Probability,RiskPremium,T0,T1,T2,Z,Expected,CVaR
13.7224053,0.1,0.0,2.0,0.0,0.0,-0.0,0.0,0.0
11.2248004,0.1,0.0,2.0,0.0,0.0,-0.0,0.0,0.0
11.2636956,0.1,0.0,2.0,0.0,0.0,-0.0,0.0,0.0
11.368982,0.1,0.0,2.0,0.0,0.0,-0.0,0.0,0.0
10.7722776,0.1,0.0,2.0,0.0,0.0,-0.0,0.0,0.0
10.953656,0.1,0.0,2.0,0.0,0.0,-0.0,0.0,0.0
