Time,Probability,RiskPremium,T0,T1,T2,Z,Expected,CVaR
54.7275692,0.15,18.480695526594165,0.09999999999999609,26.338867155504964,26.338867155504964,5.869664978638562,8.035085011562698,26.338867157134437
18.0204026,0.15,36.231616171303145,0.09999999999998721,48.67613997034554,48.67613997034554,12.247923731236778,15.75287659621871,48.67613997160962
14.5473628,0.15,16.11616457787757,0.09999999999999609,21.274268848014675,21.274268848014675,5.5423263078703755,7.007028077338014,21.274268848014675
25.8653671,0.15,16.403902609431068,0.1,21.840288808866756,21.84028880886673,5.594731730225991,7.132131569317834,21.840288808866756
11.0511705,0.15,26.08483185808294,0.1,30.63343676218505,30.63343676218505,9.920549234787412,11.341231242644794,30.63343676524763
22.5996304,0.15,42.4116862625414,0.09999999999998721,51.079720651221415,51.079720651221415,15.811858406972068,18.43986359240926,51.07972064504944
