Time,Probability,RiskPremium,T0,T1,T2,Z,Expected,CVaR
19.0752502,0.2,35.358713839671864,0.1,63.17809376188807,156.54192510569598,12.09740790864288,13.095819940619208,42.140065627504306
20.1124978,0.2,65.30849435930112,0.1,63.6545343968845,159.2186616820817,25.362334952568048,24.188331244185548,69.21069742289262
16.0441069,0.2,28.071097167534447,0.1,36.7901540834119,70.95489073513308,10.454163368806027,10.396702654642404,31.02593449488825
15.1548826,0.2,28.077021793839272,0.1,36.81050410629964,70.1419294082679,10.557800822405287,10.3988969606812,30.742679848546288
21.6585556,0.2,46.93826399894163,0.1,38.121498083200855,91.54684087940345,18.941906321473788,17.384542221830234,47.70401495222346
15.407276,0.2,80.80561621427013,0.1,63.62646810097078,169.065317266968,32.05198354970967,29.92800600528522,83.71551074607174
