Time,Probability,RiskPremium,T0,T1,T2,Z,Expected,CVaR
24.0883027,0.25,29.27432550705964,0.1,38.2044813300767,38.2044813300767,12.233118452547764,13.306511594118072,38.2044813300767
21.7301045,0.25,57.32889259917925,0.1,62.40498737425659,62.40498737425659,25.818345079721503,26.05858754508135,62.40498737425659
23.8312619,0.25,24.286443941968663,0.1,27.875907172808436,27.875907172808436,10.72165907045945,11.039292700894832,27.875907171657087
24.1992052,0.25,24.49839558732155,0.09999999999999432,28.19115654527126,28.19115654527126,10.804432901693666,11.13563435787342,28.191156542903546
23.5250541,0.25,44.24927631997943,0.1,38.121498083200855,53.185112418041854,19.175198151826486,20.11330741817247,53.185112418041854
19.9339596,0.25,78.01598287201477,0.1,63.6264681009708,95.1426951488357,33.602039762774574,35.46181039637041,95.1426951488357
