Time,Probability,RiskPremium,T0,T1,T2,Z,Expected,CVaR
16.1029433,0.1,18.050266470587502,0.09999999999999609,26.951094431447487,26.951094431447487,6.644320498013218,6.224229817443959,26.951094437965352
15.8354948,0.1,32.24847282221916,0.09999999999999076,48.78390277688521,48.78390277688521,11.71237484607343,11.120163042144526,48.7839027781493
10.3708452,0.1,16.108260658425397,0.1,23.188985423125196,23.188985423125196,6.1450848220168215,5.554572640836361,23.188985423125196
19.0378911,0.1,16.45237201522404,0.09999999999999432,24.149386371842084,24.149386371842084,6.160101624001662,5.673231729387602,24.14938637672675
13.7421794,0.1,24.256572689469433,0.09999999999999076,32.6706004027979,32.6706004027979,9.815671032064762,8.364335410161889,32.67060039913274
15.9456134,0.1,38.98412836630469,0.1,52.31518837624064,52.31518837624064,15.823229108545025,13.44280288493269,52.31518837624065
