Time,Probability,RiskPremium,T0,T1,T2,Z,Expected,CVaR
20.4364865,0.2,20.994871219752454,0.09999999999999609,26.68432329073646,26.68432329073646,6.825622103493643,9.997557723691608,26.684323293960137
19.046644,0.2,42.162335965772634,0.09999999999999432,48.66211802371459,48.66211802371459,14.938829328894833,20.077302840844133,48.662118024978675
17.3401113,0.2,18.14400498207295,0.1,22.306628651415874,22.306628651415874,6.087346039907224,8.640002372415688,22.306628651415874
37.104306,0.2,18.45811549990906,0.1,22.7691602362218,22.7691602362218,6.173641332413076,8.789578809480512,22.769160241542284
17.4685519,0.2,29.816048875117218,0.1,31.84009202295964,31.84009202295964,11.207436985406892,14.198118511960583,31.84009202295964
10.6266685,0.2,49.41745335234851,0.1,51.80466309904646,51.80466309904646,18.817197094605127,23.532120643975624,51.80466309904646
