Time,Probability,RiskPremium,T0,T1,T2,Z,Expected,CVaR
62.3439415,0.25,31.034442575544748,0.1,28.20897796037696,28.20897796037696,13.40268964665497,11.936324067517283,28.20897795715332
22.7663838,0.25,64.01376055865127,0.09999999999998366,52.16686019944892,52.16686019944892,29.751919349181517,24.62067713794265,52.16686019944892
73.1053384,0.25,27.51956507036074,0.1,24.70807276497326,24.708072763821868,11.991848335432941,10.584448103984895,24.708072763821907
40.6899399,0.25,27.733265390288754,0.1,24.905612264248898,24.905612264248898,12.082984750229542,10.66664053472635,24.905612264248898
9.5826196,0.25,45.69570295935691,0.09999999999999432,37.04828335492413,37.04828335492413,21.304878044222505,17.575270368983297,37.04828335798671
11.2811161,0.25,78.09341623026394,0.1,60.71266936488506,60.71266936488506,37.320627894988206,30.035929319332528,60.71266936488506
