Time,Probability,RiskPremium,T0,T1,T2,Z,Expected,CVaR
9.707585,0.2,24.88205788717649,0.1,63.17809376188807,156.54192510569598,8.386332087580747,13.095819940619208,47.094878530384605
8.2848444,0.2,45.957829363952634,0.1,63.6545343968845,159.2186616820817,16.596877290068374,24.188331244185548,75.91453954117243
7.437521,0.2,19.753735043820555,0.1,36.7901540834119,70.95489073513308,7.036424972011331,10.396702654642404,33.602776826310794
7.8087367,0.2,19.757904225294297,0.1,36.81050410629964,70.1419294082679,7.0821477167601925,10.3988969606812,33.16749243921033
6.7869257,0.2,33.03063022147739,0.1,38.121498083200855,91.54684087940345,12.107049567905957,17.384542221830234,52.774926539242415
6.4302847,0.2,56.863211410041956,0.1,63.62646810097078,169.065317266968,20.555415807649222,29.92800600528522,93.7259019763601
