Time,Probability,RiskPremium,T0,T1,T2,Z,Expected,CVaR
71.4820617,0.15,8.690949333683864,0.1,13.515114304773892,13.515114304773892,0.6376492870929769,5.112323137461121,13.515114306403365
40.2833184,0.15,17.993423373075476,0.1,28.121478398355194,28.121478398355194,1.2710675846798676,10.584366690044368,28.121478399619416
10.1706972,0.15,9.026430237679842,0.1,13.547932112170447,13.547932112170447,0.8333718485866815,5.309664845694044,13.547932112548697
35.7263518,0.15,9.113003012915916,0.1,13.645034729004948,13.645034729004948,0.8528573523057514,5.360590007597592,13.64503473049054
12.586754,0.15,17.8549375172512,0.1,27.12365693663955,27.12365693663955,1.5347697149163337,10.502904421912579,27.123656937405194
31.4427002,0.15,30.014541539934992,0.1,47.38677455448637,47.38677455448637,1.9530222121674876,17.655612670549935,47.3867745483144
