Time,Probability,RiskPremium,T0,T1,T2,Z,Expected,CVaR
7.7056936,0.2,22.262893899052653,0.1,63.17809376188807,156.54192510569598,6.2626493897449445,13.095819940619208,42.140065627504306
6.6193019,0.2,41.120163115115496,0.1,63.6545343968845,159.2186616820817,12.42959525305922,24.188331244185548,69.21069742289262
6.8552694,0.2,17.6743945128921,0.1,36.7901540834119,70.95489073513308,5.214768674225131,10.396702654642404,31.02593449488825
6.9591627,0.2,17.678124833158034,0.1,36.81050410629964,70.1419294082679,5.244849583690335,10.3988969606812,30.742679848546288
6.9825674,0.2,29.553721777111384,0.1,38.121498083200855,91.54684087940345,9.137232282241841,17.384542221830234,47.70401495222346
7.7114241,0.2,50.87761020898491,0.1,63.62646810097078,169.065317266968,15.57085372962101,29.92800600528522,83.71551074607174
