Time,Probability,RiskPremium,T0,T1,T2,Z,Expected,CVaR
17.8544253,0.15,16.60694661394397,0.1,31.990941331925626,31.990941331925626,5.54140408467269,8.74049821786527,31.990941331925637
15.7776913,0.15,31.250145317555518,0.1,54.70695795139794,54.70695795139794,10.976749108710353,16.447444903976656,54.70695795266203
15.3653622,0.15,14.56761917327307,0.1,26.246229134852996,26.246229134852996,5.042545072296638,7.6671679859331485,26.246229136365997
24.1964767,0.15,14.8490502066876,0.1,27.02264864639137,27.02264864639137,5.113024717233782,7.815289582467143,27.022648652333732
15.2651855,0.15,22.667186462532854,0.1,35.02310776889893,35.02310776889893,8.42778736097898,11.930098138175246,35.02310777196151
15.4308247,0.15,37.450668063916034,0.1,61.08062756236989,61.08062756236989,13.602815172757103,19.710877928376807,61.08062755619792
