Time,Probability,RiskPremium,T0,T1,T2,Z,Expected,CVaR
21.625338,0.05,9.997896913046745,0.1,63.178093761888086,109.79111751075692,3.6355988774715455,4.544498596839426,22.722492984197146
12.6640437,0.05,15.268160129402169,0.1,63.6545343968845,119.67234110440711,5.552058228873519,6.940072786091891,34.700363930459446
13.3265146,0.05,8.69698047434281,0.1,36.7901540834119,61.68383187206887,3.1625383543064745,3.953172942883093,19.765864714415475
12.3879434,0.05,8.70155626804369,0.1,36.81050410629964,58.05967081709798,3.164202279288615,3.9552528491107646,19.77626424555384
12.1486047,0.05,11.32503007840542,0.1,38.12149808320086,75.85949867597273,4.118192755783787,5.147740944729735,25.738704723648695
12.7866146,0.05,18.62365350448243,0.1,63.6264681009708,121.67854271248154,6.772237637993623,8.465297047492005,42.32648523746003
