Time,Probability,RiskPremium,T0,T1,T2,Z,Expected,CVaR
31.5140969,0.1,9.07870318956094,0.1,18.101552628650193,18.101552628650193,0.9696164049400193,4.778264836611003,18.101552628650666
33.5746338,0.1,14.986998129300789,0.1,29.804722167497648,29.804722167497648,1.6198972729126428,7.887893752263647,29.804722168761728
30.929461,0.1,8.229414093718695,0.1,15.983606305695668,15.983606305695668,0.9850595855637347,4.331270575641379,15.983606305695668
26.663013,0.1,8.184136419660952,0.1,15.943605959511151,15.943605959511151,0.967654764167813,4.307440220874169,15.943605959350096
39.2862012,0.1,14.866840902568601,0.1,29.040154745515583,29.040154745515583,1.7383123871447517,7.824653106615087,29.04015474185042
12.9798536,0.1,24.54111903002341,0.1,48.57498613625744,48.57498613625744,2.710088668318166,12.916378436854533,48.57498613625744
