Time,Probability,RiskPremium,T0,T1,T2,Z,Expected,CVaR
82.1739622,0.25,16.67082066632197,0.1,21.930607848995077,21.930607848995077,3.3737215167348635,10.41926291645122,21.930607848995077
43.5398839,0.25,37.68199035822393,0.1,47.20503088392043,47.205030883920436,8.217299656510438,23.55124397388995,47.20503088518452
48.8931798,0.25,13.297943636636996,0.1,15.456000711847782,15.456000711847782,3.2005323790014355,8.311214772898143,15.456000711847782
10.2757272,0.25,13.29729261760324,0.1,15.488082330256178,15.488082330256178,3.1921661205375864,8.31080788600201,15.488082330256178
8.342467,0.25,25.373900271404942,0.09999999999999076,29.13839825085831,29.13839825085831,6.195284955703618,15.858687669628294,29.13839825392089
15.9280848,0.25,44.00235498118901,0.1,48.498583330984,48.498583330984,11.25160525101051,27.501471863243363,48.498583330984
