Time,Probability,RiskPremium,T0,T1,T2,Z,Expected,CVaR
25.8254395,0.25,31.186349224285753,0.1,40.56462729168906,40.56462729168906,13.576265199818074,13.55928227142856,40.56462729168906
20.5929642,0.25,60.09111350281477,0.1,63.040133582529585,63.040133582529585,28.427508040482085,26.12657108818026,63.040133582529585
23.693732,0.25,25.571547865499564,0.1,28.606406008475965,28.606406008475965,11.83023231828268,11.118064289347664,28.606406008475965
29.614529,0.25,25.65728370095566,0.09999999999999432,28.374013840512927,28.374013840512927,11.919141996602054,11.155340739545922,28.3740138382636
22.5665319,0.25,46.41075833881388,0.1,38.121498083200855,53.7987113560914,21.189149640621086,20.178590582092976,53.7987113560914
18.5012797,0.25,81.63686522024463,0.1,63.62646810097078,95.44572119944671,37.14986119806345,35.494289226193295,95.44572119944671
