Time,Probability,RiskPremium,T0,T1,T2,Z,Expected,CVaR
20.0530313,0.2,30.036491167203213,0.1,35.040918090280954,35.040918090280954,14.1286064625683,11.124626358223473,35.040918090280954
18.9415521,0.2,57.720586091035074,0.1,58.25692620128486,58.25692620128486,28.966804971700075,21.377994848531554,58.25692620254895
20.3208128,0.2,25.43879451752169,0.1,27.408539150748492,27.408539150748492,12.419666088160522,9.421775747230253,27.408539157884746
17.1514091,0.2,25.636434031219554,0.09999999999999432,27.425247981756804,27.425247981756804,12.555403980109478,9.494975567118297,27.425247987077277
16.9341042,0.2,44.23853610777607,0.1,38.121498083200855,50.00015756682758,21.13079019210646,16.38464300288008,50.00015756682758
14.3017208,0.2,78.19554344965702,0.1,63.62646810097078,94.69681401521272,36.08713073560493,28.961312388761794,94.69681401521272
