Time,Probability,RiskPremium,T0,T1,T2,Z,Expected,CVaR
16.8646515,0.15,21.702194199926137,0.1,24.69846976618554,24.69846976618554,7.172336105146325,7.750783642830827,24.698469772703433
32.0649913,0.15,43.88146159117893,0.1,48.20236717057141,48.20236717057141,15.19734438147782,15.671950568278323,48.20236717183549
48.9029131,0.15,19.060714042041976,0.1,20.10349611124976,20.10349611124976,6.9348768742473235,6.8073978721578285,20.10349611124976
47.8763534,0.15,19.266306475843635,0.09999999999999432,20.350553876765495,20.350553876765495,6.997590677936794,6.8808237413727396,20.350553882707857
12.0777005,0.15,31.31554032477469,0.1,29.72463258159749,29.72463258159749,12.715214364173237,11.184121544562396,29.72463258466007
22.4777332,0.15,50.7176368480546,0.09999999999999998,49.15365934379785,49.15365934379785,20.18810807228377,18.113441731448066,49.153659342254855
