Time,Probability,RiskPremium,T0,T1,T2,Z,Expected,CVaR
7.1264586,0.2,27.50122187530035,0.1,63.17809376188807,156.54192510569598,10.048765081648382,13.095819940619208,42.140065627504306
7.8512788,0.2,50.79549561278972,0.1,63.6545343968845,159.2186616820817,19.8538094417981,24.188331244185548,69.21069742289262
7.4839557,0.2,21.833075574749035,0.1,36.7901540834119,70.95489073513308,8.341988144069767,10.396702654642404,31.02593449488825
7.0943228,0.2,21.83768361743051,0.1,36.81050410629964,70.1419294082679,8.38721922356955,10.3988969606812,30.742679848546288
7.6610835,0.2,36.507538665843455,0.1,38.121498083200855,91.54684087940345,14.575075534454268,17.384542221830234,47.70401495222346
6.2827341,0.2,62.84881261109902,0.1,63.62646810097078,169.065317266968,24.8526808946958,29.92800600528522,83.71551074607174
