Time,Probability,RiskPremium,T0,T1,T2,Z,Expected,CVaR
44.2717365,0.15,11.857024763071147,0.1,16.41707087154127,16.417070871541267,2.2575169100336057,5.928512381535573,16.417070871541267
49.341795,0.15,25.050728120031778,0.1,34.98580799371613,34.98580799371613,4.664208682778424,12.525364060015889,34.98580799498021
37.1325351,0.15,11.119512738507158,0.09999999999999609,14.37592557089128,14.37592557089128,2.474097148654782,5.559756369253579,14.375925570964409
47.7931355,0.15,11.160092097243059,0.09999999999999609,14.377613369954467,14.377613369954467,2.500897486155027,5.580046048621529,14.377613369954467
66.8187072,0.15,21.97220500750753,0.1,28.786637802311517,28.786637802311517,4.755915149258647,10.986102503753765,28.786637802311517
61.6977658,0.15,35.94880500960551,0.09999999999999432,48.47548174234099,48.47548174234099,7.299024773766931,17.974402504802732,48.4754817363336
