Time,Probability,RiskPremium,T0,T1,T2,Z,Expected,CVaR
29.9062939,0.1,12.280286193294996,0.1,18.723561473226944,18.723561473226944,1.8435929150062977,4.912114477317968,18.72356147974481
34.9284683,0.1,19.990994438066355,0.1,30.31091006507993,30.31091006507993,3.0687917468984285,7.996397775226473,30.310910065079977
13.8175229,0.1,11.195769208479403,0.1,16.66965947846685,16.66965947846685,1.8409208070575938,4.478307683391772,16.66965947846685
19.1603626,0.1,11.062402842423996,0.1,16.491571259243553,16.491571259243553,1.8107976565431858,4.424961136969593,16.491571259247674
54.844652,0.1,19.59470275258818,0.1,29.102131768554006,29.102131768554006,3.2511213845453675,7.837881101035236,29.102131768554003
28.7638879,0.1,32.319439127672894,0.09999999999998721,48.629729401720674,48.629729401720674,5.110881978667003,12.927775651069148,48.62972939591099
