Time,Probability,RiskPremium,T0,T1,T2,Z,Expected,CVaR
11.623442,0.05,-6.952389715782678e-12,2.0,-3.1845320252129264e-9,-3.1845320252129264e-9,-3.0416705006549225e-12,-4.3452435723641734e-12,0.0
9.9083435,0.05,4.175975239680459e-12,2.0,3.91497678720043e-9,3.91497678720043e-9,1.826989167360201e-12,2.6099845248002867e-12,0.0
9.8859192,0.05,-1.6138831900510317e-12,0.1,0.0,0.0,-7.060738956473265e-13,-1.0086769937818947e-12,0.0
9.7401149,0.05,4.763409235004596,0.09999999626573697,20.770679803799126,20.770679803799126,0.006923559934601697,2.9771307718778868,20.770679803799126
16.7675137,0.05,3.909508450306021e-12,2.0,3.6651641721618944e-9,3.6651641721618944e-9,1.7104099470088848e-12,2.443442781441263e-12,0.0
10.9813738,0.05,0.0,2.0,5.809681624668883e-9,5.809681624668883e-9,-0.0,0.0,0.0
