Time,Probability,RiskPremium,T0,T1,T2,Z,Expected,CVaR
65.0427336,0.25,25.19542132591562,0.09999999999999254,25.761509367842955,25.761509367842955,8.734791290658126,11.452464239052563,25.7615093710666
19.8647801,0.25,52.74384253229908,0.09999999999999076,48.839013676705875,48.839013676705875,20.066779724103146,23.974473878317614,48.83901367796996
25.3568736,0.25,22.114005381724606,0.1,22.14440042216466,22.14440042216466,7.82978182583096,10.051820628056566,22.144400421876824
19.4522843,0.25,22.67317488999557,0.1,23.13238301192828,23.13238301192828,7.877948254685609,10.3059885863617,23.13238301192828
21.5288995,0.25,36.78191467078788,0.09999999999999432,32.68675932081586,32.68675932081586,14.474165027424823,16.719052123085348,32.68675932387844
50.70786,0.25,61.85646416867515,0.1,51.079720645049434,51.079720645049434,25.702788438526493,28.116574622124862,51.07972064504944
