Time,Probability,RiskPremium,T0,T1,T2,Z,Expected,CVaR
10.6761797,0.15,14.602410855438539,0.1,20.679352191923677,20.679352191923677,3.53113491271527,6.953528978780181,20.679352191923687
13.9758836,0.15,32.56857755006753,0.1,47.37750251951569,47.3775025195157,7.499134277523677,15.508846452412953,47.3775025195157
48.4045773,0.15,13.377835815031148,0.1,17.87810830955098,17.87810830955098,3.5551247166848334,6.370398007157706,17.87810831111969
13.1022563,0.15,13.420829068337143,0.1,17.87450934121643,17.87450934121643,3.5848665766962085,6.390870984922377,17.87450934065088
22.2430201,0.15,23.266862380748396,0.1,29.18658314631003,29.186583146310006,6.755266643272631,11.079458276546863,29.18658314631003
27.5026399,0.15,37.88937661732375,0.09999999999998721,48.775972766609634,48.775972766609634,10.626792583417942,18.042560293963582,48.77597276043766
