Time,Probability,RiskPremium,T0,T1,T2,Z,Expected,CVaR
36.5993611,0.25,35.66665937061258,0.1,48.439371436808216,48.439371436808216,17.98272485318879,14.26666374824502,48.43937144003187
33.1561688,0.25,72.0613284970981,0.1,63.6545343968845,94.02911845651745,36.71633839249106,28.824531398839227,94.02911845651745
24.0820744,0.25,29.020543799600716,0.1,34.61868192048725,34.61868192048725,15.111279839810862,11.60821751984034,34.618681919335906
22.6326952,0.25,29.054423187145492,0.1,34.092469052593025,34.09246905022531,15.185583934750543,11.621769274858236,34.09246905022531
22.3343048,0.25,51.32027761638865,0.1,38.121498083200855,58.16497175894524,27.028480498594178,20.528111046555463,58.16497175894524
19.6968872,0.25,89.29096715673519,0.1,63.626468100970776,98.26853539493808,47.319365440816675,35.71638686269409,98.26853539493808
