Time,Probability,RiskPremium,T0,T1,T2,Z,Expected,CVaR
13.4028151,0.05,5.481023633717117,0.09999999999999432,22.959476712239333,22.959476712239333,0.2833575675205817,3.2241315492453446,22.959476718757198
5.039845,0.05,7.826388564196323,0.1,32.65031743103358,32.65031743103358,0.4179746400518072,4.603757978938997,32.65031743099415
5.3595626,0.05,5.3457019359518405,0.09999999999999432,22.121014979659375,22.121014979659375,0.30352294248196987,3.1445305505599133,22.121014979659375
5.4983757,0.05,5.412863669347564,0.09999999999999432,22.314622491282773,22.314622491282773,0.31576771329104436,3.1840374525573942,22.314622487548515
5.6769873,0.05,7.667636056171957,0.1,31.707654917044838,31.707654917044838,0.43753382921356754,4.510374150689358,31.707654913379674
4.0411798,0.05,12.251380548729081,0.1,50.84151186668958,50.84151186668958,0.6812043662550951,7.206694440428903,50.8415118608799
