Time,Probability,RiskPremium,T0,T1,T2,Z,Expected,CVaR
5.7163028,0.05,9.543447053362796,0.1,63.178093761888086,109.79111751075692,2.423732584981023,4.544498596839426,30.29665731226287
5.646769,0.05,14.574152850792974,0.1,63.6545343968845,119.67234110440711,3.7013721525823415,6.940072786091891,46.267151907279256
5.4242655,0.05,8.301663180054504,0.1,36.7901540834119,61.68383187206887,2.1083589028709886,3.953172942883093,26.35448628588731
5.6406289,0.05,8.30603098313261,0.1,36.81050410629964,58.05967081709798,2.109468186192406,3.9552528491107646,26.3683523274051
5.1137662,0.05,10.810255983932448,0.1,38.12149808320086,75.85949867597273,2.7454618371891923,5.147740944729735,34.31827296486488
5.6506907,0.05,17.77712379973322,0.1,63.6264681009708,121.67854271248154,4.5148250919957436,8.465297047492005,56.4353136499467
