Time,Probability,RiskPremium,T0,T1,T2,Z,Expected,CVaR
12.1268815,0.1,0.0,2.0,0.0,0.0,-0.0,0.0,0.0
10.4775167,0.1,0.0,2.0,0.0,0.0,-0.0,0.0,0.0
10.404449,0.1,0.0,2.0,0.0,0.0,-0.0,0.0,0.0
10.755044,0.1,0.0,2.0,0.0,0.0,-0.0,0.0,0.0
12.6362378,0.1,0.0,2.0,0.0,0.0,-0.0,0.0,0.0
14.4051173,0.1,0.0,2.0,0.0,0.0,-0.0,0.0,0.0
