Time,Probability,RiskPremium,T0,T1,T2,Z,Expected,CVaR
58.2138509,0.25,31.873963966917632,0.10000000000000853,30.160847069159665,30.160847069159665,14.244258007955564,12.259216910352967,30.160847072383312
17.8854263,0.25,64.97132456267015,0.1,54.338239975968506,54.338239975968506,31.17757287955088,24.988970985642254,54.33823997723259
20.2116232,0.25,28.04493149392821,0.09999999999999432,25.909356521126643,25.909356521126643,12.721566058801152,10.786512113049312,25.909356519975294
23.9113944,0.25,28.159136182041035,0.09999999999999609,25.886584937803203,25.886584937803203,12.811854805712725,10.830436993092711,25.886584937211275
16.3067152,0.25,50.840454573918066,0.1,38.121498083200855,49.11094352069799,22.419356824730823,19.554020989968294,49.11094352069799
16.0181566,0.25,90.95641418321551,0.1,63.62646810097078,91.65948639510115,38.970302907665534,34.98323622431391,91.65948639510115
