Time,Probability,RiskPremium,T0,T1,T2,Z,Expected,CVaR
18.5314933,0.15,20.751531191857705,0.1,63.178093761888086,109.79111751075698,4.903591263034871,10.375765595928852,37.736637260398794
13.9413676,0.15,37.09045117913568,0.1,63.6545343968845,159.2186616820817,9.745468951777589,18.54522558956784,62.54400877851889
17.5425628,0.15,17.056227405564382,0.1,36.7901540834119,61.68383187206888,4.5074208700249585,8.528113702782191,28.631577866568378
17.380563,0.15,17.06079625224313,0.1,36.81050410629964,59.60930820403673,4.53238595541393,8.530398126121549,28.520458979659754
18.3118215,0.15,27.18734098200616,0.1,38.121498083200855,91.54684087940345,7.9620736554433025,13.59367049100308,41.75165466880207
13.805235,0.15,45.811247348762045,0.1,63.62646810097078,169.06531726696798,12.868499734036057,22.905623674380998,73.09124337610605
