Time,Probability,RiskPremium,T0,T1,T2,Z,Expected,CVaR
22.3552589,0.25,44.850708833934355,0.1,63.17809376188807,156.54192510569595,18.775670176630037,15.46576166687393,45.77798163953224
26.9432133,0.25,85.66786181993596,0.1,63.6545343968845,159.2186616820817,39.640629454964134,29.540642006874442,76.6451858871527
22.66853,0.25,35.203359470259855,0.1,36.7901540834119,70.95489073513308,15.955557537018985,12.139089472503418,32.44969650318193
19.4719206,0.25,35.20997412116312,0.1,36.81050410629964,70.14192940826788,16.034282486180253,12.14137038660799,32.23943109625061
25.0173249,0.25,61.01293489919847,0.1,38.121498083200855,91.54684087940345,28.371421480003317,21.038943068689104,54.18914407013498
20.8618905,0.25,106.77915208186772,0.1,63.62646810097078,169.065317266968,49.816792004935735,36.820397269609536,94.36886243338787
