Time,Probability,RiskPremium,T0,T1,T2,Z,Expected,CVaR
17.5507822,0.1,14.382509550680757,0.1,30.169326458514153,30.169326458514153,5.481822997080875,6.5375043412185665,30.169326465032018
11.2803131,0.1,25.31635751391271,0.1,53.14467690041921,53.14467690041921,9.645198113507377,11.507435233596688,53.14467690168329
12.5690304,0.1,12.858776592280408,0.1,26.10081912794008,26.10081912794008,4.988286073553517,5.84489845103655,26.10081912794008
18.8374374,0.1,13.0736295920874,0.09999999999999609,26.98482719964592,26.98482719964592,5.026843856689477,5.94255890549427,26.984827204530582
16.9822793,0.1,18.89835351566224,0.09999999999999076,35.0194129793211,35.0194129793211,7.665267598053024,8.590160688937397,35.01941297565594
12.1701628,0.1,31.028876378949548,0.09999999999998721,59.22581087472299,59.22581087472299,12.41266404568863,14.104034717704266,59.22581087327057
