Time,Probability,RiskPremium,T0,T1,T2,Z,Expected,CVaR
20.632001,0.2,16.74329969688378,0.09999999999999432,29.57586259260376,29.575862589380083,4.367607358126359,10.464562310552324,29.57586259260376
18.3670305,0.2,33.14163897819779,0.1,52.77808920626828,52.77808920626828,9.221658132334698,20.713524361373743,52.77808920626828
19.5791787,0.2,14.781278939509304,0.09999999999999254,25.895514329318523,25.895514329318523,3.877258102389831,9.238299337193311,25.895514336454774
19.6597591,0.2,14.888440320193212,0.10000001064089048,25.89802015613359,25.89802015613359,3.9238906239390854,9.305275200120807,25.898020161454063
18.2225146,0.2,23.554047634305313,0.1,35.02081460309224,35.02081460309224,6.802814379699318,14.721279771440852,35.02081460309224
17.1687036,0.2,39.6731447029421,0.1,59.52498075468261,59.52498075468261,11.404502732068842,24.79571543933893,59.52498075468261
