Time,Probability,RiskPremium,T0,T1,T2,Z,Expected,CVaR
25.2893479,0.25,23.95172086941242,0.1,38.2044813300767,38.2044813300767,8.155412301698487,13.306511594118072,38.2044813300767
23.4826005,0.25,46.905457581146685,0.1,62.40498737425659,62.40498737425659,17.21223005314782,26.05858754508135,62.40498737425659
23.035814,0.25,19.87072686161075,0.1,27.875907172808436,27.875907172808436,7.1477727136397,11.039292700894832,27.875907171657087
24.9547945,0.25,20.044141844172156,0.09999999999999432,28.19115654527126,28.19115654527126,7.202955267795752,11.13563435787342,28.191156542903546
22.7205624,0.25,36.20395335271041,0.1,38.121498083200855,53.185112418041854,12.783465434550958,20.11330741817247,53.185112418041854
23.3412002,0.25,63.83125871346692,0.1,63.6264681009708,95.1426951488357,22.401359841850024,35.46181039637041,95.1426951488357
