Time,Probability,RiskPremium,T0,T1,T2,Z,Expected,CVaR
22.1181563,0.2,30.120385863424193,0.1,63.17809376188807,156.54192510569598,9.763504501083705,13.095819940619208,42.140065627504306
19.2364409,0.2,55.63316186162689,0.1,63.6545343968845,159.2186616820817,20.18923907276455,24.188331244185548,69.21069742289262
17.4345033,0.2,23.91241610567753,0.1,36.7901540834119,70.95489073513308,8.358405490973684,10.396702654642404,31.02593449488825
31.6857564,0.2,23.917463009566774,0.1,36.81050410629964,70.1419294082679,8.432620326919302,10.3988969606812,30.742679848546288
19.2899586,0.2,39.984447110209516,0.1,38.121498083200855,91.54684087940345,15.020036705780958,17.384542221830234,47.70401495222346
16.9935278,0.2,68.83441381215601,0.1,63.62646810097078,169.065317266968,25.4595316216742,29.92800600528522,83.71551074607174
