Time,Probability,RiskPremium,T0,T1,T2,Z,Expected,CVaR
21.8525891,0.2,28.986378378746338,0.1,39.78577025776979,39.78577025776979,13.163144190823528,11.594551351498554,39.785770260993466
19.7620307,0.2,54.12328337140739,0.09999999999999076,61.04625412709949,61.04625412709949,26.56442890601654,21.649313348562995,61.04625412741551
22.498472,0.2,23.849172375088905,0.09999999999999609,28.608413911001172,28.608413911001172,11.44919168069797,9.53966895003558,28.608413912404636
36.5340105,0.2,23.94662188356618,0.09999999999999609,28.269572907973185,28.269572907973185,11.564334506159598,9.578648753426485,28.269572913293658
18.0156544,0.2,41.67952947843215,0.1,38.121498083200855,52.87590586604644,19.577103575858253,16.671811791372875,52.87590586604644
12.9714611,0.2,72.61216787427904,0.1,63.62646810097078,95.54454519329612,33.59234901802974,29.0448671497116,95.54454519329612
