Time,Probability,RiskPremium,T0,T1,T2,Z,Expected,CVaR
24.0846848,0.1,17.53808698993252,0.1,33.2189445721721,33.2189445721721,8.145316266967836,6.745418073050957,33.21894457218838
10.3830335,0.1,30.912200531187278,0.1,58.8301311000274,58.8301311000274,14.328810314108674,11.889307896610463,58.83013110129148
16.5654284,0.1,15.475230261740172,0.1,27.683040492001382,27.683040492001382,7.3501157371709755,5.9520116391308315,27.68304049351439
12.7882954,0.1,15.669270394502535,0.09999999999999432,28.237315659901526,28.237315659901526,7.421560614542257,6.026642459424044,28.237315664786188
14.7497488,0.1,22.49604920243573,0.1,36.013488035627894,36.013488035627894,11.107606444183638,8.652326616321448,36.013488035627894
12.2552938,0.1,37.01688122178671,0.1,61.275863734443114,61.275863734443114,18.075759041381797,14.237262008379515,61.27586372863343
