Time,Probability,RiskPremium,T0,T1,T2,Z,Expected,CVaR
14.4680041,0.1,20.81684412010748,0.1,63.178093761888086,109.79111751075695,9.708536107399791,7.7099422667064745,41.693599726718645
12.4020076,0.1,34.51967143440395,0.1,63.6545343968845,159.2186616820817,16.471651600103844,12.785063494223687,65.414626894988
11.1570242,0.1,17.541878334010793,0.1,36.7901540834119,61.683831872068886,8.447922690676775,6.496991975559554,32.46662865330432
29.0389065,0.1,17.547819969058878,0.1,36.81050410629964,58.73116960119909,8.465603103892128,6.499192581132909,32.32943542147129
23.003217,0.1,25.717209383262055,0.1,38.121498083200855,75.85949867597274,12.719450579599032,9.524892364171135,44.25355675909002
22.4649771,0.1,42.56934763212347,0.1,63.62646810097078,121.6785427124816,20.84312180789102,15.766425048934627,75.36443280191288
