Time,Probability,RiskPremium,T0,T1,T2,Z,Expected,CVaR
31.6284823,0.2,19.043757336462136,0.1,26.823933423649613,26.823933423649613,5.660546510063921,10.023030177085317,26.823933423649613
15.4535245,0.2,38.20934800647901,0.09999999999998721,48.846436210768516,48.846436210768516,12.35191423502861,20.11018316130478,48.8464362120326
15.1218697,0.2,16.5833011722481,0.1,22.78838962083905,22.78838962083905,5.043180649238979,8.728053248551662,22.78838962083905
17.7705924,0.2,16.794200829074057,0.1,23.03803870475962,23.03803870475962,5.115350632711074,8.839053067933742,23.038038710080095
16.6297649,0.2,27.16131419728709,0.1,32.37170456960422,32.37170456960422,9.250630463455884,14.295428524887804,32.37170456960422
30.7132622,0.2,44.83007805902236,0.1,52.14610206642156,52.14610206642156,15.525035303862674,23.594777925801424,52.146102072592925
