Time,Probability,RiskPremium,T0,T1,T2,Z,Expected,CVaR
14.8794066,0.1,17.732867213424885,0.1,63.178093761888086,109.79111751075695,6.624559200717197,7.7099422667064745,41.693599726718645
12.8890553,0.1,29.40564603671448,0.1,63.6545343968845,159.2186616820817,11.357626202414366,12.785063494223687,65.414626894988
13.0809822,0.1,14.943081543786969,0.1,36.7901540834119,61.683831872068886,5.8491259004529415,6.496991975559554,32.46662865330432
27.7704609,0.1,14.948142936605706,0.1,36.81050410629964,58.73116960119909,5.865926071438952,6.499192581132909,32.32943542147129
22.9316654,0.1,21.907252437593606,0.1,38.121498083200855,75.85949867597274,8.909493633930582,9.524892364171135,44.25355675909002
21.850563,0.1,36.26277761254964,0.1,63.62646810097078,121.6785427124816,14.536551788317194,15.766425048934627,75.36443280191288
