Time,Probability,RiskPremium,T0,T1,T2,Z,Expected,CVaR
21.2919117,0.15,22.14544343644685,0.1,33.21894457217211,33.21894457217211,9.633150982229095,8.858177374578746,33.21894457217211
14.0489755,0.15,41.46181948028839,0.1,56.14532387170833,56.14532387170833,18.94300227623409,16.584727792115437,56.14532387170833
31.3207588,0.15,19.346523547009493,0.1,26.998091741133496,26.998091741133496,8.718991779855559,7.738609418803798,26.998091741138143
30.8065045,0.15,19.597551838845476,0.09999999999999432,27.268509496055277,27.268509496055277,8.844107789173258,7.8390207355382255,27.268509496431626
8.4959643,0.15,29.867813009715668,0.1,35.206842918626215,35.206842918626215,14.431730148158962,11.947125203886348,35.206842921688796
9.485388,0.15,49.619247239788024,0.1,62.51035982526223,62.51035982526223,23.37214920539662,19.847698895915137,62.51035981909025
