Time,Probability,RiskPremium,T0,T1,T2,Z,Expected,CVaR
23.6501478,0.1,12.91282845509515,0.1,26.31175203056182,26.31175203056182,3.7394446091628546,6.148965930997728,26.31175203056182
34.6212443,0.1,23.35308626183053,0.09999999999999076,48.78695644420591,48.78695644420591,6.582603117602382,11.12051726753837,48.78695644547007
23.950566,0.1,11.624337968782026,0.1,23.026832774380786,23.026832774380786,3.4652238747845328,5.535399032753367,23.026832774380786
13.2445401,0.1,11.824193755835921,0.09999999999999609,23.789536916021746,23.789536916021746,3.469780030813991,5.630568455159954,23.789536920906407
14.073606,0.1,17.567971068225194,0.09999999999999076,32.68302604459029,32.68302604459029,5.554671729582193,8.365700508678682,32.68302604177423
10.3670106,0.1,28.165663601111895,0.1,52.05575977084595,52.05575977084595,8.956911987633845,13.412220762434174,52.05575976939354
