Time,Probability,RiskPremium,T0,T1,T2,Z,Expected,CVaR
59.0774585,0.15,11.934202137131109,0.1,15.478577731858302,15.478577731858302,2.332999004555671,5.682953398633866,15.478577733487775
15.7204584,0.15,25.08586248004969,0.1,32.78506414697371,32.78506414697371,4.804447540740441,11.945648800023674,32.785064148237794
87.4579411,0.15,11.66166431637288,0.09999999999999609,14.350721866492982,14.350721866492982,2.5894714787781536,5.553173483987084,14.350721868006337
54.2023681,0.15,11.6937631181783,0.1,14.333547510484408,14.333547510484408,2.6192689367679067,5.568458627704003,14.333547511969998
30.9352245,0.15,22.96305399188537,0.1,28.59230540892461,28.59230540892461,4.965259257980429,10.934787615183497,28.5923054119872
73.1760504,0.15,37.720541879454174,0.09999999999999432,48.42769230676022,48.42769230676022,7.57216727937463,17.962162799740312,48.42769230058825
