Time,Probability,RiskPremium,T0,T1,T2,Z,Expected,CVaR
12.003435,0.05,-9.559535859201181e-12,2.0,-3.1845320252129264e-9,-3.1845320252129264e-9,-6.5178653585462606e-12,-4.3452435723641734e-12,0.0
14.1450879,0.05,5.741965954560631e-12,2.0,3.91497678720043e-9,3.91497678720043e-9,3.914976787200431e-12,2.6099845248002867e-12,0.0
15.0202569,0.05,-2.2190893863201687e-12,0.1,0.0,0.0,-1.5130154906728425e-12,-1.0086769937818947e-12,0.0
22.884911,0.05,0.0,2.0,0.0,0.0,-0.0,0.0,0.0
28.3159852,0.05,5.3755741191707785e-12,2.0,3.6651641721618944e-9,3.6651641721618944e-9,3.6651641721618945e-12,2.443442781441263e-12,0.0
31.5774801,0.05,0.0,2.0,5.809681624668883e-9,5.809681624668883e-9,-0.0,0.0,0.0
