Time,Probability,RiskPremium,T0,T1,T2,Z,Expected,CVaR
47.4877619,0.25,20.035113478099422,0.1,31.948596841227616,31.948596841227616,5.570502462223358,12.521945923812135,31.948596844451263
27.7334106,0.25,40.45398343672218,0.1,56.29084035375601,56.29084035375601,12.069533718190396,25.283739647951407,56.29084035375601
29.4402698,0.25,17.38423705103691,0.09999999999999609,26.447226762443965,26.447226762443965,4.960881033612633,10.865148156898108,26.447226762159964
18.7958969,0.25,17.49917721485805,0.1,26.60227629377116,26.60227629377116,4.995662402360013,10.936985759286324,26.602276291403435
21.3465176,0.25,31.71871879145071,0.1,38.12149808320086,50.906926778961875,8.786246793363413,19.824199244656786,50.906926778961875
17.6405298,0.25,56.33359444931786,0.1,63.62646810097078,93.15063864033213,15.330883707543261,35.20849653082364,93.15063864033213
