Time,Probability,RiskPremium,T0,T1,T2,Z,Expected,CVaR
18.1674653,0.2,36.668295833733794,0.1,63.17809376188807,156.54192510569598,17.331790977662443,13.095819940619208,54.70038604363338
16.5297406,0.2,67.72732748371968,0.1,63.6545343968845,159.2186616820817,34.21727870802907,24.188331244185548,86.3331147875522
23.1150511,0.2,29.11076743299872,0.1,36.7901540834119,70.95489073513308,14.701594813489727,10.396702654642404,37.14650242041974
23.2354971,0.2,29.116911489907345,0.1,36.81050410629964,70.1419294082679,14.809560137742459,10.3988969606812,36.45525957057242
19.3458216,0.2,48.67671822112456,0.1,38.121498083200855,91.54684087940345,24.908726725794025,17.384542221830234,59.9408707118324
18.362232,0.2,83.79841681479866,0.1,63.62646810097078,169.065317266968,42.70666434964737,29.92800600528522,104.35298240439263
