Time,Probability,RiskPremium,T0,T1,T2,Z,Expected,CVaR
12.1400165,0.05,-1.129763328814685e-11,2.0,-3.1845320252129264e-9,-3.1845320252129264e-9,-8.473224966110137e-12,-4.3452435723641734e-12,0.0
12.6315689,0.05,6.7859597644807455e-12,2.0,3.91497678720043e-9,3.91497678720043e-9,5.089469823360559e-12,2.6099845248002867e-12,0.0
11.2952982,0.05,-2.6225601838329264e-12,0.1,0.0,0.0,-1.9669201378746946e-12,-1.0086769937818947e-12,0.0
12.2955154,0.05,0.0,2.0,0.0,0.0,-0.0,0.0,0.0
13.1451537,0.05,6.352951231747283e-12,2.0,3.6651641721618944e-9,3.6651641721618944e-9,4.764713423810463e-12,2.443442781441263e-12,0.0
13.3362728,0.05,0.0,2.0,5.809681624668883e-9,5.809681624668883e-9,-0.0,0.0,0.0
