Time,Probability,RiskPremium,T0,T1,T2,Z,Expected,CVaR
20.2467661,0.2,24.846424994640437,0.1,28.8074885944803,28.8074885944803,9.880045034389276,10.352677081100179,28.807488597703976
20.4795803,0.2,49.3681487529964,0.09999999999999432,51.7943054537962,51.7943054537962,20.99202590391989,20.57006198041529,51.79430545506028
18.6675719,0.2,21.981365906340862,0.1,25.35084925377899,25.35084925377899,8.7744767471646,9.158902460975384,25.35084925377899
38.6165237,0.2,22.073446954605124,0.1,25.157638567081925,25.157638567081925,8.886085138855508,9.197269564418843,25.157638569742062
16.3153337,0.2,35.312857880453876,0.1,34.96930836424177,34.96930836424177,15.5352627017516,14.71369078352251,34.96930836424177
9.1792423,0.2,59.1920896131791,0.1,58.63007005879075,58.63007005879075,26.03704409436291,24.663370672157775,58.63007005879075
