Time,Probability,RiskPremium,T0,T1,T2,Z,Expected,CVaR
25.2783707,0.05,6.823710111536633,0.1,23.165617450331887,23.165617450331887,0.5868895914537824,3.249385767398414,23.165617451961353
9.6186602,0.05,9.676335233622902,0.1,32.683191283049204,32.683191283049204,0.8572446608895686,4.607778682677583,32.683191283049204
14.8517703,0.05,6.668740191786407,0.09999999999999432,22.373637086965747,22.373637086965747,0.6134426463518204,3.1755905675173137,22.373637086965747
22.5717115,0.05,6.855252438843227,0.1,22.9739961872678,22.9739961872678,0.634407976543303,3.264405923258686,22.973996183533544
12.2457578,0.05,9.610569721871489,0.1,32.24911222766868,32.24911222766868,0.8832103817991758,4.576461772319757,32.24911222400352
10.7002121,0.05,15.251196953647721,0.09999999999998721,51.294777290146776,51.29477729014677,1.383876832139787,7.2624747398322596,51.29477728433709
