Time,Probability,RiskPremium,T0,T1,T2,Z,Expected,CVaR
15.5527281,0.15,28.014567109007896,0.1,63.178093761888086,109.79111751075698,10.798583596961553,10.375765595928852,37.736637260398794
18.0359332,0.15,50.0721090918332,0.1,63.6545343968845,159.2186616820817,20.5271877050276,18.54522558956784,62.54400877851889
14.3695795,0.15,23.025906997511896,0.1,36.7901540834119,61.68383187206888,9.471927253783171,8.528113702782191,28.631577866568378
38.1338508,0.15,23.03207494052824,0.1,36.81050410629964,59.60930820403673,9.50416160102212,8.530398126121549,28.520458979659754
15.5384835,0.15,36.702910325708295,0.1,38.121498083200855,91.54684087940345,16.06974379025545,13.59367049100308,41.75165466880207
13.3355923,0.15,61.84518392082874,0.1,63.62646810097078,169.06531726696798,26.393155321016458,22.905623674380998,73.09124337610605
