Time,Probability,RiskPremium,T0,T1,T2,Z,Expected,CVaR
24.9343145,0.25,27.838371000373087,0.1,63.17809376188807,156.54192510569595,9.34138733623334,15.46576166687393,45.77798163953224
25.3733251,0.25,53.17315561237408,0.1,63.6545343968845,159.2186616820817,18.922059217471798,29.540642006874442,76.6451858871527
22.6850876,0.25,21.85036105050614,0.1,36.7901540834119,70.95489073513308,7.68021087493489,12.139089472503418,32.44969650318193
23.1830146,0.25,21.85446669589438,0.1,36.81050410629964,70.14192940826788,7.7032902383221264,12.14137038660799,32.23943109625061
22.8091543,0.25,37.87009752364045,0.1,38.121498083200855,91.54684087940345,13.516134354806816,21.038943068689104,54.18914407013498
20.448186,0.25,66.27671508529724,0.1,63.62646810097078,169.065317266968,23.70147129930985,36.820397269609536,94.36886243338787
