Time,Probability,RiskPremium,T0,T1,T2,Z,Expected,CVaR
89.8214363,0.2,10.36042802012119,0.1,13.713370319035405,13.713370319035398,1.3518245252845102,6.475267512575802,13.713370319035455
54.3014938,0.2,22.35407364774573,0.09999999999999076,29.706031305899668,29.706031305899668,2.8756202708418512,13.971296029840827,29.70603130716375
87.4445923,0.2,10.340743719976945,0.1,13.308687309319982,13.308687309319982,1.4817760229766428,6.46296482498555,13.308687316456245
46.2266351,0.2,10.469494925299157,0.1,13.326942329467352,13.326942329467352,1.5518327965827816,6.543434328312006,13.326942329467352
15.7305028,0.2,20.7419392149318,0.1,26.893933224137236,26.893933224137236,2.9026497793457553,12.963712009332257,26.893933227199824
47.3284407,0.2,35.96253032675224,0.1,47.24503431320365,47.24503430703164,4.816990374048027,22.476581454219627,47.24503430703164
