Time,Probability,RiskPremium,T0,T1,T2,Z,Expected,CVaR
77.9390124,0.25,18.72016481389041,0.09999999999999609,26.951094431447487,26.951094431447487,4.732413091310379,11.700103008681488,26.951094434671134
31.562351,0.25,38.74932831735972,0.0999999999999801,50.033626844529174,50.033626844529174,10.658703622083182,24.218330198349687,50.033626844529174
20.2687588,0.25,16.74427811028078,0.09999999999999609,24.080279006020376,24.080279006020376,4.236838513463788,10.465173818925381,24.080279004869027
28.7377321,0.25,16.860907535059454,0.1,24.22291521308912,24.22291521308912,4.270113125806081,10.538067209412176,24.222915208353687
10.2502592,0.25,27.530526479337812,0.09999999999999076,35.02804043343514,35.02804043343514,7.650728221715008,17.206579049586086,35.02804043649772
7.3036946,0.25,46.54134624080405,0.1,55.70858308785318,55.70858308785318,13.459968587198766,29.08834140050245,55.70858308785318
