Time,Probability,RiskPremium,T0,T1,T2,Z,Expected,CVaR
21.6393302,0.25,36.67240402828541,0.1,32.83105307500526,32.83105307500526,17.97112851274938,12.645656561477775,32.83105307500526
15.3858792,0.25,73.85276569378276,0.09999999999999076,57.5982192950834,57.5982192950834,38.74677025502351,25.466470928890484,57.59821929511922
19.0088133,0.25,31.51243965554214,0.1,26.456054123996974,26.456054123996974,15.96917246769609,10.866358501911094,26.456054121694272
18.3530827,0.25,31.828501659060358,0.09999999999999787,26.876948888934756,26.876948888934756,16.082675213316982,10.975345399676037,26.876948886567057
21.7882538,0.25,57.723670360132004,0.1,38.121498083200855,51.484727154519746,28.34495247167529,19.904713917286845,51.484727154519746
17.2222016,0.25,102.24258292953122,0.1,63.62646810097078,93.49132423249988,49.51594150437696,35.25606307914879,93.49132423249988
