Time,Probability,RiskPremium,T0,T1,T2,Z,Expected,CVaR
25.3688074,0.25,30.93152333374786,0.1,63.17809376188807,156.54192510569595,10.918928670975182,15.46576166687393,45.77798163953224
23.8885909,0.25,59.08128401374896,0.1,63.6545343968845,159.2186616820817,22.474960424832773,29.540642006874442,76.6451858871527
22.2123781,0.25,24.278178945006836,0.1,36.7901540834119,70.95489073513308,9.092498417901659,12.139089472503418,32.44969650318193
23.2744875,0.25,24.28274077321598,0.1,36.81050410629964,70.14192940826788,9.126661280161606,12.14137038660799,32.23943109625061
22.2150766,0.25,42.077886137378215,0.1,38.121498083200855,91.54684087940345,16.066412918472246,21.038943068689104,54.18914407013498
18.0348844,0.25,73.64079453921914,0.1,63.62646810097078,169.065317266968,28.18812749504288,36.820397269609536,94.36886243338787
