Time,Probability,RiskPremium,T0,T1,T2,Z,Expected,CVaR
74.7494539,0.25,26.4797719708593,0.1,28.78077980695806,28.78077980695806,10.257382027442356,12.036259986754144,28.780779813405367
21.1008816,0.25,54.46385237645179,0.1,52.93547534468741,52.93547534468741,22.662761138900766,24.756296534750803,52.935475345951495
30.1550981,0.25,23.44647512850299,0.09999999999999609,25.121193057612533,25.121193057612533,9.17306034309126,10.657488694774035,25.121193057324696
13.4572133,0.25,23.625688570351027,0.09999999999999432,25.32117848969612,25.32117848969612,9.24118193589917,10.73894935015965,25.321178487328407
16.6780396,0.25,38.93863748322506,0.1,37.75835251131932,37.75835251131932,16.224513848984657,17.699380674193147,37.758352514381905
10.3704847,0.25,66.71174534930103,0.1,62.34442050217925,62.34442050217925,28.382999763767277,30.32352061331864,62.34442050217925
