Time,Probability,RiskPremium,T0,T1,T2,Z,Expected,CVaR
12.0684076,0.05,1.4600019540012e-10,2.0,6.51786535854626e-9,0.0,-1.013890245834144e-12,6.083341475004998e-11,4.0555609833366646e-10
11.4154296,0.05,-8.143150580508515e-11,2.0,0.0,0.0,-5.5984160240996016e-11,-3.3929794085452155e-11,0.0
10.3306297,0.05,1.1377878195162343e-10,0.1,0.0,0.0,-7.901304302195337e-13,4.740782581317636e-11,3.160521720878426e-10
28.1024655,0.05,-5.974810619591153e-11,2.0,0.0,0.0,-4.1076823009689183e-11,-2.4895044248296476e-11,0.0
30.5359117,0.05,-6.450693490478442e-11,2.0,0.0,0.0,-4.434851774703929e-11,-2.687788954366018e-11,0.0
22.2733489,0.05,3.4106051316484806e-17,2.0,5.809681624668883e-9,5.809681624668883e-9,-1.6026686151033366e-17,1.4210854715202004e-17,1.578983857244667e-16
