Time,Probability,RiskPremium,T0,T1,T2,Z,Expected,CVaR
62.3694894,0.15,11.770305967204866,0.1,18.849373428528462,18.849373428528462,2.1536684570668987,6.539058870669438,18.849373428543483
45.7609717,0.15,27.84459474909544,0.09999999999999432,47.203215531141666,47.20321553114168,4.441876387204157,15.469219305053114,47.20321553240575
31.340231,0.15,10.50215907275277,0.1,15.489821376573047,15.489821376573047,2.253804114582273,5.834532818195952,15.489821378094092
22.3542567,0.15,10.468469218649277,0.1,15.325320049662606,15.325320049662608,2.275277029549751,5.815816232582933,15.32532005864926
13.5778142,0.15,19.83506901623163,0.1,28.92234717535586,28.92234717535586,4.339870131530574,11.01948278679531,28.922347178418438
17.0709635,0.15,32.39772310006569,0.1,48.57406015174286,48.57406015174286,6.755156770439039,17.998735055591933,48.57406015173086
