Time,Probability,RiskPremium,T0,T1,T2,Z,Expected,CVaR
4.9813022,0.2,13.146638735388265,0.09999999999999609,17.69819324579958,17.69819324579958,2.423858929429675,7.733316903169598,17.69819324579958
12.8349492,0.2,33.3011577338924,0.09999999999999076,46.62630893501594,46.62630893501594,5.6010236331703345,19.58891631405409,46.626308936280026
4.9254983,0.2,11.501519408368212,0.1,14.224631679428736,14.224631679428736,2.498210148152682,6.765599651981323,14.224631679428736
16.2251232,0.2,11.62515117858026,0.1,14.21680411251414,14.21680411251414,2.573282987343805,6.838324222694276,14.216804117834613
14.625322,0.2,22.650510450185394,0.1,27.97672610506488,27.97672610506488,4.930811844830541,13.32382967657959,27.976726105830526
44.1221712,0.2,38.6005333000333,0.1,47.94684138589646,47.94684138589646,8.322143644925927,22.706196058843066,47.94684137972452
