Time,Probability,RiskPremium,T0,T1,T2,Z,Expected,CVaR
33.2500975,0.1,9.912077532428643,0.09999999999999609,16.880837793393287,16.880837793393287,1.075215942316779,4.505489787467567,16.880837795022753
36.0338915,0.1,17.129261458664168,0.1,29.341947432135054,29.341947432135054,1.7986616987327553,7.786027935756421,29.341947433399138
11.0278687,0.1,9.298031319605354,0.09999999999999609,15.511875477441025,15.511875477441025,1.1217292848153289,4.226377872547884,15.511875478954034
25.0146663,0.1,9.104081059493227,0.1,15.179464381863175,15.179464381863175,1.1014263929176251,4.138218663405983,15.179464386747837
61.5290699,0.1,17.15814762945596,0.1,28.924542084327214,28.924542084327214,1.9651051899557004,7.799158013389095,28.924542087992382
15.1234061,0.1,28.415404336623215,0.1,48.57369367941469,48.57369367941469,3.01915117664402,12.916092880283273,48.57369367941469
