Time,Probability,RiskPremium,T0,T1,T2,Z,Expected,CVaR
16.9720658,0.1,16.961872986754248,0.1,63.178093761888086,109.79111751075695,3.003118961149406,7.7099422667064745,32.70518930229992
13.7573836,0.1,28.127139687292136,0.1,63.6545343968845,159.2186616820817,4.988214821257801,12.785063494223687,54.200508981466314
14.7642199,0.1,14.293382346231022,0.1,36.7901540834119,61.683831872068886,2.738827859835406,6.496991975559554,26.727242018903787
12.8393272,0.1,14.29822367849242,0.1,36.81050410629964,58.73116960119909,2.718212311283395,6.499192581132909,26.82246772543737
14.5655777,0.1,20.954763201176497,0.1,38.121498083200855,75.85949867597274,4.427418300940744,9.524892364171135,37.5347025084296
13.7906017,0.1,34.68613510765616,0.1,63.62646810097078,121.6785427124816,7.155712261081298,15.766425048934627,62.82241623949559
