Time,Probability,RiskPremium,T0,T1,T2,Z,Expected,CVaR
23.3047349,0.25,18.92158954806906,0.1,24.43317590251683,24.43317590251683,4.46553547689752,11.130346792981754,24.433175905740477
6.3071742,0.25,40.418586799081666,0.1,48.02341594305723,48.02341594305723,10.581003343035142,23.775639293577395,48.02341594345331
10.1357826,0.25,15.719568694583593,0.09999999999999609,18.80264852411814,18.80264852411814,4.0838027279962175,9.24680511446089,18.80264852296679
5.9678809,0.25,15.792041212020031,0.1,18.967545376166676,18.967545376166676,4.083077862675403,9.289436007070575,18.967545376166676
10.8358102,0.25,27.117181612614566,0.1,29.4785077991375,29.4785077991375,7.784092186485363,15.951283301538142,29.478507799903145
12.4839587,0.25,46.87347049047646,0.09999999999998721,48.756488701076975,48.756488701076975,14.00487604153989,27.572629700280633,48.75648869490503
