Time,Probability,RiskPremium,T0,T1,T2,Z,Expected,CVaR
22.0267268,0.25,46.397285000621814,0.1,63.17809376188807,156.54192510569595,20.322246343317495,15.46576166687393,45.77798163953224
27.0882319,0.25,88.62192602062345,0.1,63.6545343968845,159.2186616820817,42.59469365565162,29.540642006874442,76.6451858871527
23.0663737,0.25,36.41726841751025,0.1,36.7901540834119,70.95489073513308,17.169466484269382,12.139089472503418,32.44969650318193
19.0994137,0.25,36.424111159823994,0.1,36.81050410629964,70.14192940826788,17.248419524841125,12.14137038660799,32.23943109625061
24.8519865,0.25,63.11682920606738,0.1,38.121498083200855,91.54684087940345,30.475315786872226,21.038943068689104,54.18914407013498
19.2449708,0.25,110.46119180882881,0.1,63.62646810097078,169.065317266968,53.49883173189683,36.820397269609536,94.36886243338787
