Time,Probability,RiskPremium,T0,T1,T2,Z,Expected,CVaR
24.3737782,0.25,36.25078996759853,0.1,29.0622575457471,29.0622575457471,17.37572895577991,12.083596655866089,29.0622575457471
9.5674461,0.25,74.65915997974064,0.1,53.70344867446606,53.70344867446606,38.24594851400594,24.886386659913413,53.70344867446606
17.9922067,0.25,32.1170530663421,0.09999999999999432,25.405964924541784,25.405964924541784,15.53125648371751,10.705684355447445,25.405964923390435
59.4323039,0.25,32.293309175551194,0.09999999999999609,25.474860208892956,25.474860208892956,15.644703257830841,10.7644363918504,25.474860206525243
20.4345798,0.25,53.21274174113396,0.1,37.98344745853257,37.98344745853257,27.376814409494223,17.73758058037796,37.98344745853257
16.4964351,0.25,91.22031666430182,0.1,62.835361238828604,62.835361238828604,47.84210883591015,30.4067722214341,62.835361238828604
