Time,Probability,RiskPremium,T0,T1,T2,Z,Expected,CVaR
57.2346006,0.15,13.93522787100361,0.09999999999999609,18.012853122917427,18.012853122917427,2.929569912402329,6.334194486819789,18.012853166273565
39.3984131,0.15,27.987178475977835,0.1,35.765952154431595,35.765952154431595,6.047930756448312,12.721444761808,35.76595215611197
42.6585018,0.15,12.490573656455528,0.09999999999999609,14.841586241522963,14.841586241522963,3.1474190711169086,5.677533480207072,14.841586243035964
49.0861635,0.15,12.561695772409015,0.1,14.887822183103971,14.887822183103971,3.180649870328637,5.709861714731391,14.887822183103971
74.4768427,0.15,24.192603682049473,0.1,28.82815939608466,28.82815939608466,6.0633571000135005,10.996638037295286,28.828159399147243
104.0211756,0.15,39.55473200312682,0.1,48.49549568876869,48.49549568876869,9.368879547417315,17.9794236377847,48.495495682596726
