Time,Probability,RiskPremium,T0,T1,T2,Z,Expected,CVaR
55.9076689,0.25,25.154240977867907,0.09999999999999609,25.678193317557565,25.67819331433391,8.734938482352712,11.43374589903088,25.678193317557557
20.4325718,0.25,52.74384253229908,0.09999999999999432,48.839013676705875,48.839013676705875,20.066779724103146,23.974473878317614,48.83901367796996
26.1155857,0.25,22.114005381724606,0.1,22.14440042216466,22.14440042216466,7.82978182583096,10.051820628056566,22.144400421876824
20.4463222,0.25,22.67317488999557,0.1,23.13238301192828,23.13238301192828,7.877948254685609,10.3059885863617,23.13238301192828
19.4777574,0.25,36.78191467078788,0.09999999999999076,32.68675932081587,32.68675932081587,14.474165027424819,16.719052123085348,32.68675932387845
28.8016603,0.25,61.85646416867515,0.1,51.079720651221386,51.079720651221386,25.702788438526493,28.116574622124862,51.07972064504944
