Time,Probability,RiskPremium,T0,T1,T2,Z,Expected,CVaR
43.5252683,0.15,11.857024763072046,0.1,16.41707087221476,16.41707087221476,2.257516910034213,5.928512381536023,16.417070871541267
40.3861922,0.15,25.050728120178423,0.1,34.98580799498021,34.98580799498021,4.664208682877422,12.52536406008921,34.98580799498021
25.4612843,0.15,11.119512738151046,0.09999999999999609,14.375925570134779,14.375925570134779,2.474097148440018,5.559756369075523,14.37592557089128
16.3753743,0.15,11.160971945823047,0.09999999999999609,14.37931410226178,14.37931410226178,2.5008961255648385,5.580485972911523,14.3793141081879
39.3784401,0.15,21.979965921736444,0.09999999999999998,28.801736279089234,28.801736279089234,4.75586929840476,10.989982960868222,28.80173628219265
68.458134,0.15,35.929929968864336,0.1,48.43838005722574,48.43838005722574,7.299269711114819,17.96496498443214,48.43838005105377
