Time,Probability,RiskPremium,T0,T1,T2,Z,Expected,CVaR
18.3851681,0.25,19.0027791172288,0.1,20.53632294400439,20.53632294400439,4.787372323660134,10.001462693278407,20.53632294400439
50.2855492,0.25,44.7624034164772,0.09999999999999076,47.23200136385249,47.23200136385249,11.73410705470097,23.559159692882332,47.23200136511662
17.4738688,0.25,15.27018411024103,0.1,14.54201604626455,14.54201604626455,4.631214288961815,8.036939005389927,14.5420160451132
38.6985981,0.25,15.41198776932815,0.1,14.823209571018584,14.823209571018584,4.615760435764093,8.111572510172731,14.82320956865087
13.3962868,0.25,29.959300568968626,0.1,28.832315289866795,28.832315289866795,8.965542693175125,15.768052931036049,28.832315292929376
76.9594361,0.25,52.21871728520003,0.09999999999999432,48.43833576506515,48.43833576506515,16.353261733685066,27.48353541326339,48.4383357588932
