Time,Probability,RiskPremium,T0,T1,T2,Z,Expected,CVaR
11.2640368,0.05,-9.125011501964763e-12,2.0,-3.1845320252129264e-9,-3.1845320252129264e-9,-5.8660788226916335e-12,-4.3452435723641734e-12,0.0
11.3039036,0.05,0.0,2.0,0.0,0.0,-0.0,0.0,0.0
16.4652526,0.05,-2.118221686941979e-12,0.1,0.0,0.0,-1.361713941605558e-12,-1.0086769937818947e-12,0.0
19.0013849,0.05,0.0,2.0,0.0,0.0,-0.0,0.0,0.0
28.7833732,0.05,0.0,2.0,0.0,0.0,-0.0,0.0,0.0
19.4208035,0.05,0.0,2.0,5.809681624668883e-9,5.809681624668883e-9,-0.0,0.0,0.0
