Time,Probability,RiskPremium,T0,T1,T2,Z,Expected,CVaR
34.1180886,0.15,14.60241085543854,0.1,20.679352191923687,20.679352191923687,3.5311349127152734,6.953528978780181,20.679352191923687
34.8159404,0.15,32.56857755006753,0.1,47.37750251951569,47.3775025195157,7.499134277523677,15.508846452412953,47.3775025195157
36.2833428,0.15,13.338848953416823,0.1,17.79079714313223,17.79079714313223,3.5553268260048463,6.351832834960383,17.79079714313223
36.6004579,0.15,13.420829068334413,0.1,17.874509340643684,17.874509340643684,3.5848665766961294,6.390870984921078,17.874509340645076
58.9034275,0.15,23.266862380756972,0.1,29.186583146310035,29.186583146310035,6.755266643266098,11.079458276550946,29.18658314635087
12.9517074,0.15,37.8775088681341,0.09999999999998721,48.748437481195324,48.748437481195324,10.627141336249023,18.036908984825775,48.74843747502335
