Time,Probability,RiskPremium,T0,T1,T2,Z,Expected,CVaR
86.0134891,0.15,14.573730334828992,0.09999999999999432,26.725821370437238,26.725821370437238,3.6828178044048676,8.096516852682734,26.72582137095867
17.2842553,0.15,28.33523527831588,0.09999999999999076,48.603874665646096,48.603874665646096,7.664126307963484,15.741797376842307,48.60387466691018
6.6487284,0.15,12.686490920097109,0.09999999999999609,21.531929256062593,21.531929256062593,3.4658585971974185,7.048050511165066,21.531929256062593
5.8815087,0.15,12.958623549670696,0.1,22.262286486412496,22.262286486412496,3.4999305662507467,7.199235305372601,22.262286492354857
13.4880614,0.15,20.46134122832149,0.1,30.797450207643184,30.797450207643184,6.179423672230455,11.367411793511959,30.797450210705765
6.495066,0.15,33.28065922884558,0.1,51.39012153644886,51.39012153644886,9.85627414123813,18.489255127136445,51.390121530276886
