Time,Probability,RiskPremium,T0,T1,T2,Z,Expected,CVaR
11.5685912,0.05,-8.690487144728347e-12,2.0,-3.1845320252129264e-9,-3.1845320252129264e-9,-5.648816644073426e-12,-4.3452435723641734e-12,0.0
10.9223896,0.05,5.2199690496005734e-12,2.0,3.91497678720043e-9,3.91497678720043e-9,3.3929798822403728e-12,2.6099845248002867e-12,0.0
13.7506036,0.05,-2.0173539875637894e-12,0.1,0.0,0.0,-1.3112800919164632e-12,-1.0086769937818947e-12,0.0
15.941803,0.05,0.0,2.0,0.0,0.0,-0.0,0.0,0.0
24.8244048,0.05,4.886885562882526e-12,2.0,3.6651641721618944e-9,3.6651641721618944e-9,3.176475615873642e-12,2.443442781441263e-12,0.0
15.373001,0.05,0.0,2.0,5.809681624668883e-9,5.809681624668883e-9,-0.0,0.0,0.0
