Time,Probability,RiskPremium,T0,T1,T2,Z,Expected,CVaR
50.7898345,0.15,14.573730334682852,0.1,26.725821370437238,26.725821370437238,3.682817804405062,8.09651685260156,26.725821370443118
30.3396153,0.15,28.32722743827976,0.09999999999999432,48.57535759816032,48.57535759816032,7.664177508209528,15.737348576822098,48.575357598476344
12.8144529,0.15,12.686490920097109,0.09999999999999609,21.531929256062593,21.531929256062593,3.4658585971974185,7.048050511165066,21.531929256062593
8.4889804,0.15,12.958623549670696,0.1,22.262286486412496,22.262286486412496,3.4999305662507467,7.199235305372601,22.262286492354857
15.6850136,0.15,20.461341228380288,0.1,30.797450207643184,30.797450207643188,6.17942367226149,11.36741179354462,30.797450210705765
6.7356686,0.15,33.28065922884558,0.1,51.39012153644886,51.39012153644886,9.85627414123813,18.489255127136445,51.390121530276886
