Time,Probability,RiskPremium,T0,T1,T2,Z,Expected,CVaR
12.91572,0.05,9.088997193678852,0.1,63.178093761888086,109.79111751075692,0.9088997193678754,4.544498596839426,22.722492984197146
10.127182,0.05,13.88014557218379,0.1,63.6545343968845,119.67234110440711,1.3880145572183813,6.940072786091891,34.700363930459446
14.3695163,0.05,7.906345885766188,0.1,36.7901540834119,61.68383187206887,0.7906345885766123,3.953172942883093,19.765864714415475
17.2014766,0.05,7.910505698221539,0.1,36.81050410629964,58.05967081709798,0.7910505698221536,3.9552528491107646,19.77626424555384
17.3617654,0.05,10.29548188945947,0.1,38.12149808320086,75.85949867597273,1.0295481889459446,5.147740944729735,25.738704723648695
12.1944712,0.05,16.93059409498401,0.1,63.6264681009708,121.67854271248154,1.693059409498391,8.465297047492005,42.32648523746003
