Time,Probability,RiskPremium,T0,T1,T2,Z,Expected,CVaR
14.3310296,0.1,20.81684412010748,0.1,63.178093761888086,109.79111751075695,8.107852446282322,7.7099422667064745,32.70518930229992
13.7819225,0.1,34.51967143440395,0.1,63.6545343968845,159.2186616820817,13.451518842731705,12.785063494223687,54.200508981466314
20.114524,0.1,17.541878334010793,0.1,36.7901540834119,61.683831872068886,6.9988363497824,6.496991975559554,26.727242018903787
22.8870008,0.1,17.547819969058878,0.1,36.81050410629964,58.73116960119909,6.983972359065072,6.499192581132909,26.82246772543737
18.8712032,0.1,25.717209383262055,0.1,38.121498083200855,75.85949867597274,10.590354990239243,9.524892364171135,37.5347025084296
19.0558083,0.1,42.56934763212347,0.1,63.62646810097078,121.6785427124816,17.391724345076653,15.766425048934627,62.82241623949559
