Time,Probability,RiskPremium,T0,T1,T2,Z,Expected,CVaR
50.473248,0.2,12.686700146477081,0.1,18.35938039458101,18.35938039458101,2.1499643541707365,7.929187591548141,18.35938039458101
94.7361598,0.2,31.384435358106977,0.1,46.71492694300483,46.71492694300483,4.994249548242046,19.615272098816785,46.71492694300905
11.9395715,0.2,10.843620175479519,0.09999999999999609,14.263792890032924,14.263792890032924,2.1947249954863155,6.777262609674629,14.263792890948743
26.4613696,0.2,10.970486757347857,0.1,14.278024797102052,14.278024797102006,2.2585648905655633,6.85655422334237,14.278024797102052
17.2294778,0.2,21.520131656956856,0.1,28.404629438124864,28.404629438124864,4.331412583035753,13.450082285597988,28.40462943889051
38.6506848,0.2,36.41093478617204,0.1,48.1174727556155,48.1174727556155,7.313940916249818,22.756834241357463,48.11747275561551
