Time,Probability,RiskPremium,T0,T1,T2,Z,Expected,CVaR
30.2571273,0.1,18.30501215541191,0.1,30.169326465032018,30.169326458514153,8.222734495621363,6.537504341218567,30.169326465032018
12.5955631,0.1,32.220818654070634,0.1,53.14467690041921,53.14467690041921,14.46779717026097,11.507435233596688,53.14467690168329
15.1976237,0.1,16.36571566290235,0.1,26.10081912794008,26.10081912794008,7.482429110330278,5.84489845103655,26.10081912794008
12.1842947,0.1,16.63916493538398,0.09999999999999609,26.98482719964592,26.98482719964592,7.540265785034256,5.94255890549427,26.984827204530582
13.0604783,0.1,24.051309376171243,0.09999999999999076,35.01400580716619,35.01400580716619,11.497918159308371,8.589753348632598,35.01400580350102
13.0877716,0.1,39.49129720957204,0.09999999999998721,59.22581087472299,59.22581087472299,18.618996068532752,14.104034717704266,59.22581087327057
