Time,Probability,RiskPremium,T0,T1,T2,Z,Expected,CVaR
12.2744229,0.05,-8.690487144728347e-12,2.0,-3.1845320252129264e-9,-3.1845320252129264e-9,-5.866078822691634e-12,-4.3452435723641734e-12,0.0
10.1521179,0.05,5.2199690496005734e-12,2.0,3.91497678720043e-9,3.91497678720043e-9,3.523479108480387e-12,2.6099845248002867e-12,0.0
16.8151914,0.05,-2.0173539875637894e-12,0.1,0.0,0.0,-1.3617139416055578e-12,-1.0086769937818947e-12,0.0
12.6563333,0.05,0.0,2.0,0.0,0.0,-0.0,0.0,0.0
10.3170869,0.05,4.886885562882526e-12,2.0,3.6651641721618944e-9,3.6651641721618944e-9,3.2986477549457054e-12,2.443442781441263e-12,0.0
11.5050542,0.05,0.0,2.0,5.809681624668883e-9,5.809681624668883e-9,-0.0,0.0,0.0
