Time,Probability,RiskPremium,T0,T1,T2,Z,Expected,CVaR
23.3643207,0.25,30.931523333747855,0.1,63.17809376188807,156.54192510569595,7.887706673709344,15.465761666873927,45.77798163953224
20.7357539,0.25,59.065546308142686,0.1,63.6545343968845,149.8121733408143,17.764506036804928,29.532773154071304,76.60584162313702
21.9933167,0.25,24.278178945006836,0.1,36.7901540834119,70.954890735133,7.061437714833812,12.139089472503418,32.449696503181926
20.6254844,0.25,24.282740773215973,0.1,36.81050410629964,71.72100819410541,7.116855209197343,12.141370386607987,32.2394310962506
20.9029417,0.25,42.07788613740414,0.1,38.121498083200855,91.54684087940338,12.75139281832763,21.03894306870207,54.1891440701998
22.509381,0.25,73.64079453921914,0.1,63.62646810097078,169.065317266968,22.433280978665053,36.820397269609536,94.36886243338785
