Time,Probability,RiskPremium,T0,T1,T2,Z,Expected,CVaR
86.0951806,0.25,21.996480509139392,0.1,29.909825182908264,29.909825182908264,7.12277982412607,12.22026694952185,29.90982518613191
27.6898809,0.25,44.98014777415602,0.1,54.338239975968506,54.338239975968506,15.588786439775316,24.988970985642254,54.33823997723259
22.9022524,0.25,19.41572180348877,0.09999999999999432,25.909356521126643,25.909356521126643,6.3607830294006105,10.786512113049312,25.909356519975294
25.65689,0.25,19.49478658754845,0.09999999999999609,25.88658493721128,25.88658493721128,6.40592740284663,10.830436993082454,25.886584937211275
8.8033999,0.25,35.19723778194302,0.1,38.121498083200855,49.11094352069799,11.209678412365278,19.554020989968294,49.11094352069799
7.7239882,0.25,62.969825203764735,0.1,63.62646810097078,91.65948639510115,19.485151453832735,34.98323622431391,91.65948639510115
