Time,Probability,RiskPremium,T0,T1,T2,Z,Expected,CVaR
70.1670977,0.25,23.32105796470984,0.1,26.751849289468428,26.751849289468428,7.887698904770687,11.660528982354917,26.751849292692075
23.7392793,0.25,48.4366603966994,0.09999999999998366,50.03362684452917,50.03362684452917,17.764506036804885,24.218330198349687,50.03362684452917
40.3410193,0.25,20.911119596442674,0.1,24.032048131771504,24.032048131771504,7.061437714833794,10.455559798221337,24.032048131771504
21.6160785,0.25,21.076134419979002,0.09999999999999609,24.22291521368106,24.22291521368106,7.11685520921463,10.538067209989501,24.22291521308913
11.346338,0.25,34.406386970655056,0.09999999999999432,35.01068615287881,35.01068615287881,12.751320317674033,17.203193485327525,35.01068615594139
8.262446,0.25,58.176682801004965,0.09999999999999432,55.708583087853185,55.708583087853185,22.433280978664783,29.08834140050245,55.708583087853185
