Time,Probability,RiskPremium,T0,T1,T2,Z,Expected,CVaR
16.0167806,0.15,23.568317493565534,0.1,26.920036543947276,26.920036543947276,8.863750779931195,8.127006032264,26.92003655046517
13.6008369,0.15,45.656398143495615,0.1,48.615337421559516,48.615337421559516,18.407699427137786,15.74358556672262,48.61533742282357
22.6402873,0.15,20.50162056645693,0.09999999999999609,21.668507939804577,21.668507939804577,8.322451970905709,7.069524333260961,21.668507939804577
12.5710774,0.15,20.907909210819582,0.1,22.32856106037656,22.32856106037656,8.40665732691788,7.209623865799788,22.32856106037656
13.8123164,0.15,33.03394777232513,0.1,30.94802838815624,30.94802838815624,14.79797712780852,11.3910164732156,30.94802839121882
35.0399363,0.15,53.75360203492618,0.1,51.68646165597275,51.68646165597275,23.615119309576567,18.535724839629612,51.68646165597275
