Time,Probability,RiskPremium,T0,T1,T2,Z,Expected,CVaR
19.1132744,0.2,28.641188262961563,0.1,28.02180729244931,28.02180729244931,12.184915390964166,10.22899580820049,28.021215990477323
16.9163157,0.2,56.44786779389572,0.09999999999999076,49.14726220793236,49.14726220793236,26.14235671137986,20.159952783534084,49.14726220919642
58.6066302,0.2,25.273686129663794,0.09999999999999609,24.508683871636805,24.508683871636805,10.82854106342125,9.026316474879954,24.508683878773056
15.3087427,0.2,25.494553243593863,0.09999999999999609,24.57388183498281,24.57388183498281,10.975316169790878,9.105197586997841,24.57388183501236
13.9661215,0.2,40.45023737347626,0.1,33.26401565548158,33.26401565548158,19.417598218072186,14.446513347670152,33.26401565548158
12.6996696,0.2,67.76751949718616,0.1,55.70858308785319,55.70858308785319,32.53776981887667,24.20268553470921,55.70858308785319
