Time,Probability,RiskPremium,T0,T1,T2,Z,Expected,CVaR
19.5871116,0.2,26.191639881238416,0.1,63.17809376188807,156.54192510569598,7.995961152154401,13.095819940619208,47.094878530384605
18.0184944,0.2,48.37666248837122,0.1,63.6545343968845,159.2186616820817,16.429399999637628,24.188331244185548,75.91453954117243
20.9162149,0.2,20.793405309284807,0.1,36.7901540834119,70.95489073513308,6.9157915288921545,10.396702654642404,33.602776826310794
20.2696871,0.2,20.7977939213624,0.1,36.81050410629964,70.1419294082679,6.9836076389018285,10.3988969606812,33.16749243921033
17.6013006,0.2,34.76908444366047,0.1,38.121498083200855,91.54684087940345,12.075984574218435,17.384542221830234,52.774926539242415
19.3296121,0.2,59.856012010570446,0.1,63.62646810097078,169.065317266968,20.358321609623964,29.92800600528522,93.7259019763601
