Time,Probability,RiskPremium,T0,T1,T2,Z,Expected,CVaR
38.6304984,0.15,21.553718975398333,0.1,26.020989388802487,26.02098938887687,7.257514416295617,7.982858879777219,26.020989392135817
15.4170683,0.15,42.49053024610805,0.09999999999998721,48.57463305827098,48.57463305827098,15.260206949355906,15.737233424484543,48.57463305953507
12.408321,0.15,18.625782976155456,0.09999999999999609,20.618571384051297,20.618571384051297,6.9252982011815,6.898438139316822,20.618571384051297
59.4343974,0.15,18.777063100660655,0.1,20.770679794122508,20.770679794122508,6.986921090849243,6.954467815059457,20.77067980006487
38.440802,0.15,30.467122154370223,0.1,30.290004685703643,30.290004685703643,12.530942957265617,11.284119316433445,30.290004689779536
13.4277971,0.15,49.21454883936596,0.09999999999998721,49.804178068662466,49.804178068662466,19.935139574684126,18.22761068124664,49.80417806249052
