Time,Probability,RiskPremium,T0,T1,T2,Z,Expected,CVaR
20.2403306,0.1,15.469955658489773,0.09999999999999609,26.64187227606324,26.64187227606324,5.191195392518608,6.187982263395889,26.641872276272203
22.089329,0.1,27.800273911031137,0.09999999999999076,48.78344439727453,48.78344439727453,9.147497379983047,11.120109564412495,48.78344439759055
13.8367704,0.1,13.875587189597255,0.09999999999999609,23.15201088704689,23.15201088704689,4.8049971115006525,5.550234875838896,23.15201088712758
13.2066683,0.1,14.157513329513662,0.09999999999999609,24.061731531920515,24.061731531920515,4.814762756708256,5.663005331805428,24.061731536805176
26.4309989,0.1,20.906613256739718,0.1,32.655917219337844,32.655917219337844,7.685313570715488,8.362645302695896,32.655917219337844
19.3845366,0.1,33.56755186111176,0.1,52.18009938463356,52.18009938463355,12.389915388629198,13.427020744444738,52.18009938463356
