Time,Probability,RiskPremium,T0,T1,T2,Z,Expected,CVaR
21.40819,0.2,19.785063160139757,0.09999999999999432,26.12499504379695,26.12499504379695,5.834415713332235,9.89253158006987,26.124995047020626
21.8367259,0.2,40.09395358129297,0.1,48.50392515393281,48.50392515393281,12.932739699508794,20.046976790646486,48.5039251551969
18.9850644,0.2,16.655697107483523,0.1,20.681663983248846,20.681663983248846,5.239394694580883,8.327848553741758,20.681663990385097
23.9183415,0.2,16.80899390196979,0.1,20.770679800064862,20.77067979474439,5.312951238714873,8.404496950984887,20.770679800064862
31.0659552,0.2,27.874828607949816,0.1,30.468375362946908,30.468375362946908,9.804674039231953,13.9374143039749,30.468375362946887
19.2772787,0.2,46.28050480857503,0.1,49.77674274723463,49.77674274723463,16.48112982009375,23.140252404287484,49.7767427410627
