Time,Probability,RiskPremium,T0,T1,T2,Z,Expected,CVaR
7.5450844,0.15,14.726488921378474,0.1,24.69846976618554,24.69846976618554,3.5861680525731536,7.750783642830827,24.698469772703433
17.8866,0.15,29.7647152359524,0.1,48.167564026199464,48.167564026199386,7.598690752416756,15.66563959786953,48.167564026199464
11.2833303,0.15,12.934055957099856,0.1,20.103496112023045,20.103496112023045,3.4674384371236413,6.8073978721578285,20.103496111249758
14.4172504,0.15,13.05741435534558,0.1,20.303773110987503,20.303773110987503,3.498801057213127,6.872323344918694,20.30377311098751
6.6525032,0.15,21.249830934668527,0.1,29.72463258159749,29.72463258159749,6.357607182086605,11.184121544562396,29.72463258466007
10.5726183,0.15,34.42266832454701,0.1,49.174351210453395,49.174351210453395,10.094043000872507,18.117193855024716,49.17435119827398
