Time,Probability,RiskPremium,T0,T1,T2,Z,Expected,CVaR
5.7938974,0.1,8.594920948535801,0.1,15.111363144232564,15.111363144232564,0.6456111735075722,4.092819499302765,15.111363144232564
31.9162195,0.1,16.189068167845374,0.1,29.01134642701194,29.01134642701194,1.0241948664370333,7.709080079926426,29.011346427017557
13.9777093,0.1,8.559136115509778,0.1,14.862248592330937,14.862248592330937,0.7080926920180841,4.075779102623689,14.862248590817927
15.7525507,0.1,8.425933879014543,0.1,14.643611490480945,14.643611490480945,0.6926427043214791,4.01234946619742,14.643611490470878
10.5485404,0.1,16.32517930635383,0.1,28.815792437652625,28.815792433987394,1.186620264396351,7.773894907787597,28.81579243398745
10.9036407,0.1,27.070559658746088,0.1,48.46548656125966,48.46548656125966,1.7286566112969426,12.890742694640887,48.46548655980724
