Time,Probability,RiskPremium,T0,T1,T2,Z,Expected,CVaR
19.0322083,0.2,20.522336986714617,0.09999999999999432,25.53593041755603,25.53593041755603,6.020778864909112,9.77254142224504,25.535930420779707
58.8081075,0.2,41.91660859443487,0.1,48.08977938808811,48.089779388088104,13.517471913196783,19.960289806873753,48.089779388088104
17.5710374,0.2,17.022018863661202,0.1,19.618791627674153,19.618791627674153,5.462375087471878,8.105723268410175,19.618791627674153
41.6693091,0.2,17.108232911650497,0.1,19.53003317134125,19.53003317134125,5.546478656364677,8.146777576976408,19.530033171341245
24.3701484,0.2,28.937107480243117,0.1,29.705453800554725,29.705453800554725,10.379768845743518,13.779574990591831,29.705453803617306
12.6086707,0.2,48.20325887314995,0.1,48.86761658353932,48.86761658353932,17.47522094037156,22.953932796737902,48.86761658353932
