Time,Probability,RiskPremium,T0,T1,T2,Z,Expected,CVaR
17.7405193,0.15,22.804178276558414,0.1,41.5828277417768,41.5828277417768,10.094328648019534,9.501740948566022,41.5828277482947
15.6553885,0.15,40.75449391111988,0.1,61.1486276016354,61.1486276016354,19.356695934160065,16.981039129633242,61.14862760289948
15.2419438,0.15,18.938287477124685,0.1,28.9390335945062,28.9390335945062,8.94252631360102,7.8909531154686325,28.9390335960192
24.4051064,0.15,19.042258856988646,0.1,28.452017028172854,28.452017028172854,9.056210082206391,7.934274523745264,28.452017034115215
15.0575814,0.15,29.215872967680006,0.1,37.968448273094715,37.968448273094715,14.463075777490587,12.17328040320001,37.968448273094715
17.4827459,0.15,53.62610968439687,0.1,63.62646810097078,95.8656201953378,23.929756533214178,22.344212368498795,95.86562019533783
