Time,Probability,RiskPremium,T0,T1,T2,Z,Expected,CVaR
38.7550937,0.15,13.09764244131648,0.1,20.402144288215457,20.402144288215457,2.826984352953481,6.8934960217455075,20.402144288215457
27.6362301,0.15,29.46268270137212,0.1,47.36744396447266,47.367443963208586,5.990815380764813,15.50667510598543,47.36744396447266
32.6340996,0.15,11.997457846833198,0.1,17.618014774147134,17.618014774147134,2.8571155291682353,6.314451498333208,17.618014775660136
30.9847748,0.15,12.106910066894969,0.1,17.787093477841225,17.787093477841225,2.88109324997611,6.372057929944712,17.787093477841225
12.7029682,0.15,21.04024720470312,0.1,29.160461172564506,29.160461172564506,5.44477117286331,11.07381431826481,29.160461172564506
45.0441386,0.15,34.236795601047426,0.1,48.66633180395201,48.66633180395201,8.555688070698405,18.019366105814527,48.66633180395201
