Time,Probability,RiskPremium,T0,T1,T2,Z,Expected,CVaR
16.3668052,0.15,31.127296787786555,0.1,63.178093761888086,109.79111751075698,12.868443139930822,10.375765595928852,41.90811780363635
15.229809,0.15,55.63567676870356,0.1,63.6545343968845,159.2186616820817,24.90384057066668,18.54522558956784,67.29166802344398
14.9115023,0.15,25.58434110834659,0.1,36.7901540834119,61.68383187206888,11.342556869743822,8.528113702782191,31.38279584606454
13.1508948,0.15,25.591194378364673,0.1,36.81050410629964,59.60930820403673,11.414109878192829,8.530398126121549,31.11714362232266
12.9077974,0.15,40.7810114730092,0.1,38.121498083200855,91.54684087940345,19.180855003607032,13.59367049100308,45.61961440459937
13.9860589,0.15,68.71687102314303,0.1,63.62646810097078,169.06531726696798,31.3350647984115,22.905623674380998,80.81035387578319
