Time,Probability,RiskPremium,T0,T1,T2,Z,Expected,CVaR
71.4033286,0.25,23.719761022206963,0.09999999999999787,25.084377162176022,25.084377162176022,7.598398222575407,11.295124296289059,25.084377162981934
27.5017387,0.25,50.22099048953057,0.09999999999999076,48.575386085936515,48.575386085936515,17.675013064963586,23.914757375967003,48.575386086252536
21.2895035,0.25,20.32489933221268,0.1,20.52857035753749,20.52857035753749,6.848859437983152,9.67852349152978,20.52857035638614
17.9340871,0.25,20.71056666228367,0.1,21.245234986211,21.245234986211,6.864320926402927,9.86217460108738,21.245234986211
18.8176387,0.25,34.10198599569367,0.09999999999999076,30.624725141252757,30.624725141252757,12.827955578540319,16.239040950330327,30.624725141252753
17.4176841,0.25,58.05495145529468,0.1,49.04956335633176,49.04956335633176,22.91821454441589,27.645214978711778,49.04956335633176
