Time,Probability,RiskPremium,T0,T1,T2,Z,Expected,CVaR
57.9122837,0.25,26.479771971275404,0.1,28.780779813405367,28.780779813405367,10.25738202771663,12.036259986943273,28.780779813405367
24.0512201,0.25,54.46385237645179,0.1,52.93547534468741,52.93547534468741,22.662761138900766,24.756296534750803,52.935475345951495
45.3216399,0.25,23.44647512845439,0.1,25.1211930584761,25.1211930584761,9.173060343059236,10.65748869475197,25.121193057324696
13.7821816,0.25,23.625688570351027,0.1,25.321178489696113,25.321178489696113,9.241181935899174,10.738949350159615,25.3211784873284
13.0106722,0.25,38.93863748322506,0.1,37.75835251131932,37.75835251131932,16.224513848984657,17.699380674193147,37.758352514381905
9.5534455,0.25,66.71174534930103,0.1,62.34442050217925,62.34442050217925,28.382999763767277,30.32352061331864,62.34442050217925
