Time,Probability,RiskPremium,T0,T1,T2,Z,Expected,CVaR
81.8862344,0.25,19.029859322047656,0.1,20.582698450669763,20.582698450669763,4.787350681863379,10.015715432656611,20.582698451475675
72.8293045,0.25,44.72889577488938,0.1,47.17276708057469,47.17276708057469,11.73487448743153,23.54152409204706,47.17276708057469
70.8215317,0.25,15.270184111585657,0.1,14.542016048567248,14.542016048567248,4.631214288960697,8.036939006097715,14.542016047415897
29.466819,0.25,15.411987769328153,0.09999999999999609,14.823209571018587,14.823209571018587,4.615760435764095,8.111572510172731,14.823209568650874
23.6112725,0.25,29.959300568972505,0.1,28.832315292929376,28.832315292929376,8.965542693177781,15.768052931038092,28.832315292929376
25.4755339,0.25,52.21398770762377,0.1,48.43017603696556,48.430176036965534,16.353289598161933,27.481046161907187,48.43017603079361
