Time,Probability,RiskPremium,T0,T1,T2,Z,Expected,CVaR
32.3198825,0.15,8.690949336441076,0.1000000065178944,13.51511430477391,13.51511430477391,0.6376492870849556,5.1123231390830215,13.515114311291805
14.635184,0.15,17.979131614968573,0.09999999999999076,28.096207107408524,28.096207107408524,1.2710852744666792,10.575959773510846,28.096207107770894
7.8882156,0.15,9.026430237679838,0.1,13.54793211217044,13.54793211217044,0.8333718485866808,5.309664845694043,13.54793211254869
16.8678677,0.15,9.124260060970522,0.1,13.664900109410473,13.664900109410473,0.8528573523058035,5.367211800570934,13.664900109410473
42.2490422,0.15,17.854937517250065,0.1,27.123656936637378,27.123656936637378,1.5347697149163542,10.50290442191173,27.123656937403023
16.2710559,0.15,30.005967892948732,0.1,47.37145739741653,47.37145739741653,1.953087727677346,17.650569348793322,47.371457395873534
