Time,Probability,RiskPremium,T0,T1,T2,Z,Expected,CVaR
18.7775768,0.2,32.739549851548034,0.1,63.17809376188807,156.54192510569598,15.483273300627385,13.095819940619208,54.70038604363338
20.4453798,0.2,60.47082811046395,0.1,63.6545343968845,159.2186616820817,30.068018511941712,24.188331244185548,86.3331147875522
19.0701201,0.2,25.991756636605967,0.1,36.7901540834119,70.95489073513308,12.920074005385846,10.396702654642404,37.14650242041974
17.7977064,0.2,25.997242401703005,0.1,36.81050410629964,70.1419294082679,12.992709180032692,10.3988969606812,36.45525957057242
17.3877486,0.2,43.46135555457555,0.1,38.121498083200855,91.54684087940345,21.82118048374514,17.384542221830234,59.9408707118324
17.4349385,0.2,74.82001501321308,0.1,63.62646810097078,169.065317266968,37.449511368017134,29.92800600528522,104.35298240439263
