Time,Probability,RiskPremium,T0,T1,T2,Z,Expected,CVaR
15.2289406,0.15,22.82668431104349,0.1,63.178093761888086,109.79111751075698,9.297683494343897,10.375765595928852,41.90811780363635
17.0030924,0.15,40.79949629704927,0.1,63.6545343968845,159.2186616820817,17.37962646409382,18.54522558956784,67.29166802344398
15.0293154,0.15,18.761850146120807,0.1,36.7901540834119,61.68383187206888,7.9482682290104005,8.528113702782191,31.38279584606454
17.150292,0.15,18.766875877467445,0.1,36.81050410629964,59.60930820403673,7.977803201725774,8.530398126121549,31.11714362232266
14.4140529,0.15,29.906075080206772,0.1,38.121498083200855,91.54684087940345,13.109810197844062,13.59367049100308,45.61961440459937
12.8646465,0.15,50.3923720836382,0.1,63.62646810097078,169.06531726696798,21.696275389116977,22.905623674380998,80.81035387578319
