Time,Probability,RiskPremium,T0,T1,T2,Z,Expected,CVaR
17.5527997,0.15,26.413217856759914,0.1,46.148355557110435,46.148355557110435,12.99397634786244,9.782673280281442,46.14835556644169
15.8238512,0.15,46.08287493593632,0.1,62.57019277744276,62.57019277744276,24.464897346213267,17.06773145775416,62.57019277744276
12.5150281,0.15,21.513809870953562,0.1,30.172511127617167,30.172511127617163,11.325288801056042,7.968077729982818,30.172511129130164
17.1432007,0.15,21.68446678785734,0.1,30.06843892663492,30.06843892663492,11.44946729864716,8.031283995502722,30.06843893257728
23.6658231,0.15,35.66696289406893,0.1,38.121498083200855,54.95346189834879,18.282629072877825,13.20998625706253,54.95346189834879
15.7202263,0.15,60.4195356107793,0.1,63.62646810097078,96.40221688219549,30.63946871896666,22.37760578177013,96.40221688219549
