Time,Probability,RiskPremium,T0,T1,T2,Z,Expected,CVaR
109.5683657,0.15,9.208232612898373,0.1,13.525199242329638,13.525199242329638,0.7287420423932132,5.11568478494362,13.525199248847532
55.4804915,0.15,19.03672759230434,0.1,28.09620710740853,28.09620710740853,1.4526688852389178,10.575959773502358,28.096207107410056
110.3015932,0.15,9.572129165058232,0.1,13.572486183518002,13.572486183518002,0.9524249698137024,5.31784953614343,13.572486183896252
19.6731402,0.15,9.660981241027674,0.1,13.664900103468112,13.664900103468112,0.9746941169208989,5.367211800570934,13.664900109410473
77.751601,0.15,18.905227959435837,0.09999999999999076,27.12365693433774,27.12365693433774,1.754022531330398,10.5029044219088,27.12365693740032
44.0738555,0.15,31.77102482783352,0.1,47.371457397416535,47.371457397416535,2.2321002595890684,17.65056934879641,47.371457397416535
