Time,Probability,RiskPremium,T0,T1,T2,Z,Expected,CVaR
19.8814218,0.1,9.453130041680204,0.1,24.50499390753682,24.50499390753682,1.6852450024814014,5.9082062760501834,24.50499390753682
46.1302269,0.1,17.744712876460053,0.09999999999999076,48.550564605025585,48.550564605025585,2.908255422917027,11.090445547787573,48.550564605341606
42.7049212,0.1,8.474249792920473,0.09999999999999609,21.196014977202896,21.196014977202896,1.5878827865311431,5.296406120575274,21.196014978715905
9.0647379,0.1,8.529998806390575,0.09999999999999609,21.505283745913736,21.505283745913736,1.5813461027160636,5.331249253994085,21.505283750798398
9.1456352,0.1,12.972061723567961,0.1,30.723463252435284,30.723463252435284,2.6029306788174855,8.107538577229974,30.723463252435288
5.6510072,0.1,21.06412350296516,0.09999999999998721,50.16639407030975,50.16639407030975,4.198914626097232,13.165077189353209,50.16639406450007
