Time,Probability,RiskPremium,T0,T1,T2,Z,Expected,CVaR
105.0260394,0.2,16.151939940905063,0.1,18.862597345845277,18.862597345845277,3.761319020295408,8.07596997045253,18.862597345845277
57.1707973,0.2,39.313791112020674,0.1,46.858318624384026,46.858318624384026,8.776326328660792,19.656895556010337,46.85831862438404
36.7542834,0.2,13.605508879528674,0.09999999999999609,14.35170152985468,14.35170152985468,3.783175600873702,6.802754439764336,14.35170153699093
7.7066488,0.2,13.74468313350926,0.1,14.33235629383187,14.33235629383187,3.8883356759237175,6.87234156675463,14.33235629383187
19.1470874,0.2,27.052725204013953,0.1,28.66935627555669,28.669356275556638,7.469165132586966,13.526362602006973,28.669356275556698
14.8731659,0.2,45.657514811521054,0.1,48.36584976992102,48.36584976992102,12.613920462565185,22.828757405760516,48.365849763749075
