Time,Probability,RiskPremium,T0,T1,T2,Z,Expected,CVaR
75.2094838,0.25,27.558138984172203,0.1,25.896386379512663,25.89638637951259,10.310049686324193,11.482557910071732,25.89638637951268
20.4488311,0.25,57.538737307962215,0.09999999999998721,48.83901367670588,48.83901367670588,23.618447509783504,23.974473878317614,48.839013677969966
43.3528358,0.25,24.219759376984978,0.1,22.322160372860765,22.322160372860765,9.235955383133867,10.091566407077082,22.32216037401212
19.9536283,0.25,24.75612177798882,0.09999999999999787,23.17287796315758,23.17287796315758,9.297940148237553,10.31505074082874,23.172877963135107
20.9493985,0.25,40.11700502537014,0.09999999999999432,32.66991659196362,32.66991659196362,17.01978713101707,16.715418760570834,32.6699165950262
15.1779842,0.25,67.96990782417866,0.09999999999999432,52.00077459677761,52.00077459677761,30.17712102942302,28.32079492674106,52.00077459677761
