Time,Probability,RiskPremium,T0,T1,T2,Z,Expected,CVaR
25.0205064,0.15,17.80876609576736,0.09999999999999609,22.95947671223933,22.95947671223933,4.9497417599320634,7.420319206569792,22.959476718757223
38.1965674,0.15,37.43486245023356,0.1,47.807177601683875,47.807177601683875,10.563741709261873,15.597859354263992,47.807177601999896
50.1206181,0.15,15.755781007701078,0.1,18.815553117193577,18.815553117193577,4.903146726568043,6.5649087532088535,18.81555311870657
12.7891904,0.15,15.86638483385266,0.09999999999999609,18.924087456077523,18.924087456077523,4.945808329643937,6.610993680771873,18.924087462019884
66.5898825,0.15,26.674904160523955,0.1,29.356019211826315,29.356019211826315,9.175844225170826,11.114543400218322,29.356019214888896
52.3911464,0.15,43.30903152058315,0.1,48.79028775883606,48.79028775883606,14.502901434832728,18.045429800242957,48.79028775883606
