Time,Probability,RiskPremium,T0,T1,T2,Z,Expected,CVaR
12.8805145,0.05,9.088997193678852,0.1,63.178093761888086,109.79111751075692,1.9692827252970793,4.544498596839426,30.29665731226287
12.4001166,0.05,13.88014557218379,0.1,63.6545343968845,119.67234110440711,3.0073648739731604,6.940072786091891,46.267151907279256
11.9420933,0.05,7.906345885766188,0.1,36.7901540834119,61.68383187206887,1.7130416085826734,3.953172942883093,26.35448628588731
11.1852491,0.05,7.910505698221539,0.1,36.81050410629964,58.05967081709798,1.7139429012813354,3.9552528491107646,26.3683523274051
26.2435515,0.05,10.29548188945947,0.1,38.12149808320086,75.85949867597273,2.2306877427162144,5.147740944729735,34.31827296486488
12.5625898,0.05,16.93059409498401,0.1,63.6264681009708,121.67854271248154,3.6682953872465243,8.465297047492005,56.4353136499467
