Time,Probability,RiskPremium,T0,T1,T2,Z,Expected,CVaR
27.4327565,0.1,12.962159362768935,0.1,19.082707512553895,19.082707512553895,2.3378088124930176,4.9854459087572724,19.08270751255388
22.8882472,0.1,21.867780766924877,0.1,32.32861606289198,32.32861606289198,3.889923395817879,8.410684910355736,32.328616062233905
35.126387,0.1,12.255993003322146,0.1,17.81149945518714,17.81149945518714,2.303087143557524,4.713843462816255,17.81149945518714
14.2023956,0.1,12.219308760304504,0.1,17.825175507781243,17.825175507781243,2.269398072090954,4.699734138578629,17.825175512665904
33.4202236,0.1,20.43050591062903,0.1,29.19967513109111,29.19967513109111,4.035903724970539,7.857886888703482,29.19967513109111
11.5330471,0.1,33.63569237588225,0.1,48.67431478892231,48.67431478892231,6.4038836020736865,12.936804759954878,48.67431479458912
