Time,Probability,RiskPremium,T0,T1,T2,Z,Expected,CVaR
7.1620544,0.25,17.336512800853516,0.1,21.18550550605402,21.18550550605402,3.842297054568204,10.197948706384416,21.18550550605402
19.6157368,0.25,40.031535723599944,0.1,47.19397157071585,47.19397157071585,9.389770719043234,23.54796219035307,47.193971571031874
17.9614819,0.25,13.976078521038941,0.09999999999999609,15.150860697245164,15.150860697245164,3.6759644506064824,8.22122265943469,15.150860696093815
14.6510908,0.25,13.916620452181164,0.1,15.068747748150825,15.068747748150825,3.665623001077411,8.186247324812445,15.068747745783112
11.3049358,0.25,26.860783157272973,0.1,28.938997082480128,28.938997082480128,7.118761555086099,15.800460680748621,28.93899708554271
42.9530255,0.25,46.72654825411486,0.1,48.44720287603361,48.44720287603361,12.952043992551697,27.48620485536129,48.44720287603361
