Time,Probability,RiskPremium,T0,T1,T2,Z,Expected,CVaR
16.8890318,0.1,22.358832573448773,0.1,63.178093761888086,109.79111751075695,8.400078547843925,7.7099422667064745,32.70518930229992
13.7046219,0.1,37.07668413324868,0.1,63.6545343968845,159.2186616820817,13.937759267214341,12.785063494223687,54.200508981466314
14.8619981,0.1,18.84127672912269,0.1,36.7901540834119,61.683831872068886,7.286722242727082,6.496991975559554,26.727242018903787
13.0370222,0.1,18.84765848528547,0.1,36.81050410629964,58.73116960119909,7.267647118076431,6.499192581132909,26.82246772543737
14.3257666,0.1,27.62218785609629,0.1,38.121498083200855,75.85949867597274,11.094842955860537,9.524892364171135,37.5347025084296
13.6522527,0.1,45.722632641910415,0.1,63.62646810097078,121.6785427124816,18.192209795335554,15.766425048934627,62.82241623949559
