Time,Probability,RiskPremium,T0,T1,T2,Z,Expected,CVaR
37.4027872,0.1,13.759170124885358,0.09999999999999432,20.695518931569964,20.695518931569964,3.0759459653333234,5.291988509571234,20.695518938087822
23.7693136,0.1,23.16674696026169,0.09999999999999076,34.9889353792921,34.9889353792921,5.1289328373334495,8.9102872924083,34.98893537960812
15.92313,0.1,12.831349815529174,0.1,18.962667525480118,18.962667525480118,2.986578727199288,4.93513454443428,18.962667526993126
10.3493178,0.1,12.846666999403121,0.09999999999999609,19.08319486884048,19.08319486884048,2.9558820450307612,4.941025769001207,19.083194870061646
10.8655936,0.1,20.533944588549442,0.09999999999999076,29.409193557693545,29.409193557693545,5.107240696540049,7.897670995595868,29.409193556777254
51.1309837,0.1,33.68727099663236,0.1,48.777640504997414,48.777640504997414,8.193279070763998,12.956642691012433,48.77764050488636
