Time,Probability,RiskPremium,T0,T1,T2,Z,Expected,CVaR
16.8396582,0.15,19.17107191788767,0.1,28.369639158827596,28.369639158827596,6.828945158161243,8.335248659951203,28.369639158827596
17.0066466,0.15,36.30173182997496,0.09999999999999076,48.89016144417562,48.89016144417562,13.897010208911373,15.783361665206453,48.89016144449164
13.4204121,0.15,17.055952099111604,0.1,24.08027900602038,24.08027900602038,6.307391219955648,7.415631347439823,24.08027900602038
37.9352743,0.15,17.290886265955027,0.1,24.446464533444114,24.446464533444114,6.387372048180288,7.517776637371773,24.446464539386476
11.2514115,0.15,26.79076972381905,0.1,32.673663978359215,32.673663978359215,10.937508328558026,11.64816074948656,32.673663978359215
9.6978326,0.15,43.51870388870239,0.1,54.38505534067156,54.38505534067156,17.50475233754123,18.92117560378348,54.38505534067156
