Time,Probability,RiskPremium,T0,T1,T2,Z,Expected,CVaR
11.5218524,0.05,2.0744192814466562e-9,2.0,0.0,0.0,-9.305781891221561e-25,9.429178552030213e-10,4.714589276015148e-9
11.1870633,0.05,-1.2574905336274834e-9,2.0,0.0,0.0,-9.952606635070988e-11,-5.715866061943097e-10,-2.5261794764691897e-9
11.7535667,0.05,4.881996806223792e-10,0.1,0.0,0.0,1.9387045606711586e-24,2.2190894573744368e-10,1.1095447286872229e-9
18.1649075,0.05,-1.2268280035717332e-9,2.0,0.0,0.0,-9.953488372093472e-11,-5.576490925326057e-10,-2.456462516926597e-9
11.5153673,0.05,-1.198753070260261e-9,2.0,0.0,0.0,-9.95305164319281e-11,-5.448877592092073e-10,-2.3926704079396277e-9
11.2585706,0.05,14.835271492054199,2.0,47.48806496084168,47.488064960841655,-2.020605904817785e-14,6.743305223661014,33.716526118305076
