Time,Probability,RiskPremium,T0,T1,T2,Z,Expected,CVaR
12.2564542,0.05,-1.129763328814685e-11,2.0,0.0,-3.1845320252129264e-9,-8.473247071884139e-12,-4.3452435723641734e-12,6.315935428978667e-17
14.2141297,0.05,6.785972080554832e-12,2.0,3.91497678720043e-9,3.91497678720043e-9,5.089456954642122e-12,2.6099892617518586e-12,6.315935428978667e-17
10.8299679,0.05,1.573537957710869e-11,0.1,0.0,0.0,-2.319970862332506e-12,6.052069068118726e-12,4.034715870046865e-11
18.1880708,0.05,6.472725052238577e-12,2.0,3.7342573477872065e-9,3.7342573477872065e-9,4.854532736291932e-12,2.4895096354763763e-12,3.1579677144893335e-17
15.9318255,0.05,6.352901967450939e-12,2.0,3.6651641721618944e-9,3.6651641721618944e-9,4.7646654227012044e-12,2.4434238336349755e-12,3.1579677144893335e-17
16.247176,0.05,3.694822225952521e-17,2.0,5.809681624668883e-9,5.809681624668883e-9,-2.7553268308919428e-17,1.4210854715202004e-17,1.578983857244667e-16
