Time,Probability,RiskPremium,T0,T1,T2,Z,Expected,CVaR
12.3027538,0.05,-1.0863108930910432e-11,2.0,-3.1845320252129264e-9,-3.1845320252129264e-9,-7.604176251637303e-12,-4.3452435723641734e-12,0.0
11.5030392,0.05,6.524961312000717e-12,2.0,3.91497678720043e-9,3.91497678720043e-9,4.567472918400502e-12,2.6099845248002867e-12,0.0
9.4793433,0.05,-2.5216924844547367e-12,0.1,0.0,0.0,-1.7651847391183157e-12,-1.0086769937818947e-12,0.0
21.9464829,0.05,7.442826929694707,0.09999999626573697,20.770679803799126,20.770679803799126,0.01730889983651135,2.9771307718778868,20.770679803799126
20.5162097,0.05,6.108606953603157e-12,2.0,3.6651641721618944e-9,3.6651641721618944e-9,4.2760248675222095e-12,2.443442781441263e-12,0.0
30.2829897,0.05,0.0,2.0,5.809681624668883e-9,5.809681624668883e-9,-0.0,0.0,0.0
