Time,Probability,RiskPremium,T0,T1,T2,Z,Expected,CVaR
30.9470666,0.25,22.36242155385676,0.09999999999999787,24.62849670572856,24.62849670572856,6.474660701669754,11.181210776928376,24.62849670623897
65.0318936,0.25,47.54201505083838,0.1,48.00550962322977,48.00550962322973,15.28893179118549,23.771007525419172,48.00550962322978
32.1737798,0.25,18.52229909194068,0.09999999999999609,18.85765346935813,18.85765346935813,5.902373172885342,9.261149545970339,18.857653469070293
20.053159,0.25,18.774104254803706,0.1,19.342528284414534,19.342528284414534,5.902635472447407,9.387052127401853,19.342528284414534
68.189014,0.25,31.98358512740184,0.1,29.6335089906022,29.633508990602188,11.21719181428561,15.99179256370092,29.63350899060222
23.0623869,0.25,55.15168777078434,0.1,48.768835284827674,48.768835284827674,20.15829689558969,27.575843885392167,48.768835284827674
