Time,Probability,RiskPremium,T0,T1,T2,Z,Expected,CVaR
5.7339894,0.2,16.44687005660564,0.09999999999999609,25.079896307260594,25.079896307260594,3.6911872391037885,9.674629445062147,25.079896307260594
12.7369507,0.2,33.84726700113887,0.1,47.85974158388322,47.85974158388318,8.347193036767282,19.910157059493514,47.85974158388324
4.8406578,0.2,13.55861853731364,0.1,19.020860459803533,19.020860459803533,3.3739200748524283,7.975657963125682,19.020860459803533
18.5516196,0.2,13.640823971347139,0.1,18.967545376166676,18.967545376166676,3.428103615479888,8.024014100792431,18.967545376166676
10.1170176,0.2,23.335288861877252,0.1,29.462604766330134,29.462604766330134,6.461455502868782,13.726640506986671,29.46260476709578
23.3072013,0.2,39.00540189110185,0.1,48.8236465899499,48.8236465899499,10.885189331474686,22.94435405358941,48.82364658377796
