Time,Probability,RiskPremium,T0,T1,T2,Z,Expected,CVaR
105.6600787,0.25,24.21710531073793,0.09999999999999432,26.123133143747133,26.123133143747133,8.3077969307012,11.531954909875214,26.123133143747133
22.292209,0.25,50.3586010449831,0.09999999999998366,48.86605422741327,48.86605422741327,18.912584428052185,23.98028621189675,48.866054228677356
22.3183935,0.25,21.57388148777921,0.09999999999999609,23.152010887334725,23.152010887334725,7.436984392405388,10.273276898942497,23.152010887046888
19.7020294,0.25,21.85469486324028,0.09999999999999787,23.594751441366586,23.594751441366586,7.491371143083615,10.40699755392401,23.594751441366586
17.7444855,0.25,35.217913690466204,0.09999999999999076,32.92761698381207,32.92761698381207,13.600324031604162,16.7704350906983,32.92761698457772
11.908165,0.25,59.570005636698674,0.1,52.212736585343634,52.212736585343634,24.049516115529396,28.366669350809207,52.212736585343634
