Time,Probability,RiskPremium,T0,T1,T2,Z,Expected,CVaR
15.0258003,0.15,13.09764244131648,0.1,20.40214428821546,20.40214428821546,2.826984352953481,6.8934960217455075,20.402144288215457
12.7151705,0.15,29.46268270119768,0.1,47.36744396320856,47.36744396320856,5.9908153806592725,15.506675105893601,47.36744396447266
9.4266997,0.15,11.997457846833198,0.1,17.618014774147134,17.618014774147134,2.8571155291682353,6.314451498333208,17.618014775660136
11.7456945,0.15,12.106910066894969,0.1,17.787093477841225,17.787093477841225,2.88109324997611,6.372057929944712,17.787093477841225
6.1255595,0.15,21.04024720470312,0.1,29.160461172564506,29.160461172564506,5.44477117286331,11.07381431826481,29.160461172564506
29.321055,0.15,34.240092044077464,0.1,48.67431479473389,48.67431479473389,8.555687538525579,18.02110107583016,48.67431479471618
