Time,Probability,RiskPremium,T0,T1,T2,Z,Expected,CVaR
14.5535616,0.1,19.274855666766193,0.1,63.178093761888086,109.79111751075695,9.065388696500378,7.7099422667064745,32.70518930229992
25.3894294,0.1,31.962658735559213,0.1,63.6545343968845,159.2186616820817,15.03605069261127,12.785063494223687,54.200508981466314
13.0495365,0.1,16.242479938898878,0.1,36.7901540834119,61.683831872068886,7.722462959004903,6.496991975559554,26.727242018903787
14.413885,0.1,16.247981452832295,0.1,36.81050410629964,58.73116960119909,7.716461357268932,6.499192581132909,26.82246772543737
12.5493823,0.1,23.812230910427836,0.1,38.121498083200855,75.85949867597274,11.486357531830857,9.524892364171135,37.5347025084296
17.0953039,0.1,39.41606262233655,0.1,63.62646810097078,121.6785427124816,18.944038454345822,15.766425048934627,62.82241623949559
