Time,Probability,RiskPremium,T0,T1,T2,Z,Expected,CVaR
144.6139251,0.2,9.983408788342105,0.1,13.093489189359135,13.093489189359135,1.002234816647861,6.239630492713846,13.093489190165055
66.3896521,0.2,21.448088653329183,0.1,28.231325515754296,28.231325515754296,2.1125252019025824,13.405055408330766,28.231325516070317
60.8656855,0.2,10.100056806621065,0.1,12.913285937146135,12.913285937146135,1.1472211285660614,6.312535504138065,12.9132859389302
62.9247618,0.2,10.235670585559165,0.1,12.944934437137062,12.944934437137062,1.2193203405876276,6.397294115974356,12.944934438467183
43.283761,0.2,20.2029810290764,0.1,26.01439398186963,26.01439398186963,2.221105549199913,12.626863143172667,26.014393984932212
71.3897981,0.2,35.917114907524606,0.1,47.170092857999535,47.17009285954251,3.5801596740031405,22.448196817202852,47.17009285799952
