Time,Probability,RiskPremium,T0,T1,T2,Z,Expected,CVaR
46.3242693,0.15,22.07086225687554,0.1,27.232303353927044,27.232303353927044,8.179095850766672,8.174393428472488,27.232303353927044
60.0988686,0.15,42.544839967143254,0.1,48.70581833253651,48.70581833253651,16.90295077210221,15.757348135978877,48.70581833285253
11.566446,0.15,19.31862645386695,0.09999999999999609,22.22901672595365,22.22901672595365,7.641388651744938,7.15504683476558,22.22901672595365
12.2175066,0.15,19.760037450449545,0.1,23.038038704137737,23.038038704137737,7.725653165086738,7.3185323890554175,23.038038710080095
12.983141,0.15,31.094216557721307,0.1,31.770987816976717,31.770987816976717,13.501456660626566,11.516376502859652,31.770987816976717
25.1581844,0.15,50.24068842799538,0.1,52.15727859100912,52.15727859100912,21.568141186026768,18.607662380739164,52.15727858483715
