Time,Probability,RiskPremium,T0,T1,T2,Z,Expected,CVaR
49.177615,0.2,26.10517936628465,0.09999999999999432,26.9200365407236,26.9200365407236,10.15687173546022,10.04045360241714,26.9200365407236
20.8136945,0.2,52.24315715232505,0.09999999999999432,48.75091534229298,48.75091534229298,22.119547494379898,20.09352198166353,48.75091534246784
15.8926947,0.2,22.78063715681796,0.1,22.97442639775981,22.97442639775981,9.0444286258999,8.761783521853005,22.97442640489606
21.9012985,0.2,23.14726306367966,0.09999999999999609,23.394830361993705,23.394830361993705,9.172256669199871,8.90279348603058,23.394830367314178
15.5311809,0.2,37.256475839426265,0.1,32.559782766843576,32.559782766843576,16.546432911174488,14.32941378439462,32.559782766843576
14.0517539,0.2,61.37768586036741,0.1,52.212736585343634,52.212736585343634,27.758806590405413,23.606802253987457,52.212736585343634
