Time,Probability,RiskPremium,T0,T1,T2,Z,Expected,CVaR
65.869721,0.2,25.651884142135508,0.1,25.99151235067877,25.99151235067877,9.335613630264465,9.866109285436819,25.9915123515223
94.9873358,0.2,52.12213965573041,0.09999999999999432,48.5039251551969,48.5039251551969,20.692383519176516,20.04697679066545,48.50392515538652
28.4113038,0.2,21.647042237531505,0.10000000028820641,20.671348601545333,20.671348601545333,8.383031511329214,8.325785475973674,20.671348601545336
28.1658411,0.2,22.02933342773533,0.1,21.11436362354905,21.114363623548776,8.499895647505106,8.472820549128922,21.114363626882106
29.2780191,0.2,36.23727719033478,0.09999999999999076,30.468375359884305,30.468375359884305,15.687478462771196,13.9374143039749,30.468375362946887
24.6659163,0.2,60.164656254345864,0.1,49.77674274723464,49.77674274723464,26.36980771214132,23.14025240551766,49.77674274723465
