Time,Probability,RiskPremium,T0,T1,T2,Z,Expected,CVaR
40.0892439,0.15,8.441307635302378,0.1,13.093489190209114,13.093489190209114,0.2246269114563259,4.965475079589611,13.09348919023084
114.7140527,0.15,17.269985643656558,0.1,26.890975024188002,26.890975024188002,0.41830658325042913,10.158815084503823,26.89097502425963
36.882208,0.15,8.877607190592363,0.1,13.293633338384831,13.293633338384831,0.4268807279382593,5.222121876819034,13.293633341406688
113.9699725,0.15,8.912218204667798,0.09999999999999609,13.300528387787308,13.300528387787308,0.44651807141901373,5.242481296863487,13.300528387826924
22.0299045,0.15,17.70726916463661,0.09999999999999076,26.872324443294442,26.872324443294442,0.7087149750455054,10.41604068508038,26.872324446357023
9.1907875,0.15,29.924908269093358,0.1,47.235695185302994,47.235695185302994,0.4688978671727777,17.60288721711354,47.23569517913102
