Time,Probability,RiskPremium,T0,T1,T2,Z,Expected,CVaR
17.2660851,0.15,19.713954632288747,0.1,63.178093761888086,109.79111751075698,5.541404084664013,10.375765595941443,48.3436151127744
14.8264467,0.15,35.235928620180886,0.1,63.6545343968845,159.21866168208143,10.976749108747528,18.545225589568872,75.68476480821384
15.0854564,0.15,16.20341603528616,0.1,36.7901540834119,61.68383187206885,5.042545072301632,8.52811370278219,34.85568630480568
18.4007054,0.15,16.207756439630984,0.1,36.81050410629964,59.609308204036665,5.113024717416039,8.530398126121549,34.173734087055394
17.1313227,0.15,25.827973932905817,0.1,38.121498083200855,91.54684087940345,8.427787361011706,13.593670491003078,51.658831299913444
12.3135897,0.15,43.52068498132394,0.1,63.62646810097078,169.06531726696798,13.603046617829524,22.905623674380998,93.02577056551507
