Time,Probability,RiskPremium,T0,T1,T2,Z,Expected,CVaR
14.6443229,0.1,21.587838346778113,0.1,63.178093761888086,109.79111751075695,11.378371376512298,7.7099422667064745,32.70518930229992
24.899967,0.1,35.79817778382633,0.1,63.6545343968845,159.2186616820817,18.8715697408784,12.785063494223687,54.200508981466314
13.0974585,0.1,18.191577531566743,0.1,36.7901540834119,61.683831872068886,9.67156055167278,6.496991975559554,26.727242018903787
14.3021902,0.1,18.19773922717216,0.1,36.81050410629964,58.73116960119909,9.666219131608804,6.499192581132909,26.82246772543737
12.2786927,0.1,26.669698619679195,0.1,38.121498083200855,75.85949867597274,14.34382524108222,9.524892364171135,37.5347025084296
11.3359592,0.1,44.14599013701696,0.1,63.62646810097078,121.6785427124816,23.673965969026234,15.766425048934627,62.82241623949559
