Time,Probability,RiskPremium,T0,T1,T2,Z,Expected,CVaR
16.1082258,0.15,23.217588642111586,0.1,30.607552185311487,30.607552185311487,10.216792680157063,8.599106904485794,30.60755219182938
15.9845334,0.15,44.19888193455133,0.1,53.94698687545842,53.94698687545842,20.313519541814774,16.36995627205598,53.94698687545842
16.4296941,0.15,20.64184107551895,0.1,26.029758510405234,26.029758510405234,9.31978831372227,7.6451263242663,26.029758511918235
15.0050499,0.15,20.905773487035958,0.1,26.31380997298684,26.31380997298684,9.448708235832108,7.742879069272543,26.3138099789292
13.034298,0.15,32.20336561001149,0.1,34.994698961398015,34.994698961398015,15.662687858597454,11.927172448152458,34.994698964460596
13.9160549,0.15,52.85205995525025,0.1,59.74170492458749,59.74170492458749,25.243849355196676,19.57483702046312,59.74170491841551
