Time,Probability,RiskPremium,T0,T1,T2,Z,Expected,CVaR
12.7935011,0.05,7.2711977549430875,0.1,63.178093761888086,109.79111751075692,0.1514832865613167,4.544498596839426,30.29665731226287
12.3672464,0.05,11.104116457747029,0.1,63.6545343968845,119.67234110440711,0.23133575953639784,6.940072786091891,46.267151907279256
11.9764717,0.05,6.325076708612954,0.1,36.7901540834119,61.68383187206887,0.13177243142943973,3.953172942883093,26.35448628588731
11.1905147,0.05,6.328404558577234,0.1,36.81050410629964,58.05967081709798,0.1318417616370312,3.9552528491107646,26.3683523274051
24.4095673,0.05,8.23638551156758,0.1,38.12149808320086,75.85949867597273,0.1715913648243259,5.147740944729735,34.31827296486488
14.3549389,0.05,13.544475275987217,0.1,63.6264681009708,121.67854271248154,0.28217656824973836,8.465297047492005,56.4353136499467
