Time,Probability,RiskPremium,T0,T1,T2,Z,Expected,CVaR
16.1667663,0.1,18.503861440095537,0.1,63.178093761888086,109.79111751075695,6.473652322772263,7.7099422667064745,36.51172127081854
13.3735549,0.1,30.684152386136848,0.1,63.6545343968845,159.2186616820817,10.840044672522664,12.785063494223687,59.84535829016043
10.7154121,0.1,15.592780741342924,0.1,36.7901540834119,61.683831872068886,5.692532832851597,6.496991975559554,29.185364861771397
21.092764,0.1,15.598062194718992,0.1,36.81050410629964,58.73116960119909,5.681946419667217,6.499192581132909,29.278680540592017
16.8932089,0.1,22.859741674010706,0.1,38.121498083200855,75.85949867597274,8.738802164055922,9.524892364171135,40.16520666939552
12.2485051,0.1,37.83942011744311,0.1,63.62646810097078,121.6785427124816,14.316415059770828,15.766425048934627,67.47695844051894
