Time,Probability,RiskPremium,T0,T1,T2,Z,Expected,CVaR
48.0748594,0.15,22.973619579001777,0.1,25.665703476034764,25.66570347603476,7.954175517070229,7.9219377858626885,25.665703476034764
45.2024887,0.15,45.63753149500074,0.09999999999999076,48.57368407814553,48.57368407814553,16.765809967719417,15.737079825862201,48.57368407940962
46.2496851,0.15,19.96735991757157,0.09999999999999609,20.542203653905986,20.542203653905986,7.619300541423638,6.88529652330056,20.542203655418987
35.6868422,0.15,20.097017860971714,0.1,20.628517845891942,20.628517845891942,7.687607024864541,6.930006158955746,20.628517851834303
9.9775669,0.15,32.66999228327352,0.1,30.182092008236406,30.182092008236406,13.83784673171556,11.265514580439188,30.182092008236406
12.8481565,0.15,52.86007097254869,0.09999999999998721,49.80417806249052,49.80417806249052,22.001833341907833,18.227610680189063,49.80417805631855
