Time,Probability,RiskPremium,T0,T1,T2,Z,Expected,CVaR
21.5170128,0.2,35.358713839671864,0.1,63.17809376188807,156.54192510569598,15.001832477331384,13.095819940619208,42.140065627504306
21.8874542,0.2,65.30849435930112,0.1,63.6545343968845,159.2186616820817,29.864571570438812,24.188331244185548,69.21069742289262
17.1354075,0.2,28.071097167534447,0.1,36.7901540834119,70.95489073513308,12.517086552830602,10.396702654642404,31.02593449488825
29.8176668,0.2,28.077021793839272,0.1,36.81050410629964,70.1419294082679,12.5921791111918,10.3988969606812,30.742679848546288
19.5802093,0.2,46.93826399894163,0.1,38.121498083200855,91.54684087940345,21.97385359451308,17.384542221830234,47.70401495222346
17.0542683,0.2,80.80561621427013,0.1,63.62646810097078,169.065317266968,37.43073402378832,29.92800600528522,83.71551074607174
