Time,Probability,RiskPremium,T0,T1,T2,Z,Expected,CVaR
25.6050813,0.25,44.850708833934355,0.1,63.17809376188807,156.54192510569595,25.777776235752405,15.46576166687393,51.53747097995397
24.5160108,0.25,85.66786181993596,0.1,63.6545343968845,159.2186616820817,50.616200497099015,29.540642006874442,84.65083516649952
23.2804892,0.25,35.203359470259855,0.1,36.7901540834119,70.95489073513308,20.785781131041123,12.139089472503418,34.92397813965663
22.645161,0.25,35.20997412116312,0.1,36.81050410629964,70.14192940826788,20.820863135434912,12.14137038660799,34.61877637781018
23.2645404,0.25,61.01293489919847,0.1,38.121498083200855,91.54684087940345,36.17917152503436,21.038943068689104,58.9871461234396
20.1343757,0.25,106.77915208186772,0.1,63.62646810097078,169.065317266968,63.25249425709672,36.820397269609536,103.88300282122408
