Time,Probability,RiskPremium,T0,T1,T2,Z,Expected,CVaR
74.5381301,0.25,26.479771970135854,0.1,28.780779810181713,28.780779810181713,10.25738202777137,12.0362599864253,28.780779810181713
22.2691366,0.25,54.46385237645179,0.1,52.93547534468741,52.93547534468741,22.662761138900766,24.756296534750803,52.935475345951495
28.6470438,0.25,23.446475128457774,0.09999999999999609,25.121193057612533,25.121193057612533,9.173060343061461,10.657488694753505,25.121193057324696
15.2251445,0.25,23.625688570351027,0.09999999999999787,25.321178489696116,25.321178489696116,9.241181935899172,10.73894935015965,25.321178487328403
14.6254847,0.25,38.93863748322506,0.1,37.75835251131932,37.75835251131932,16.224513848984657,17.699380674193147,37.758352514381905
14.9896996,0.25,66.71174534930103,0.1,62.34442050217925,62.34442050217925,28.382999763767277,30.32352061331864,62.34442050217925
