Time,Probability,RiskPremium,T0,T1,T2,Z,Expected,CVaR
22.6363804,0.15,14.726488921378474,0.1,24.69846976618554,24.69846976618554,3.5861680525731536,7.750783642830827,24.698469772703433
66.1390062,0.15,29.7647152359524,0.1,48.167564026199464,48.16756402619946,7.598690752416756,15.66563959786953,48.167564026199464
26.4808107,0.15,12.956566392316011,0.09999999999999609,20.169064695392372,20.169064695392372,3.467357077222892,6.819245469640014,20.169064696905373
19.972292,0.15,13.104949589452934,0.1,20.44300619663682,20.44300619663682,3.4984748375884567,6.897341889185813,20.44300620257918
7.181903,0.15,21.249830934668527,0.1,29.72463258159749,29.72463258159749,6.357607182086605,11.184121544562396,29.72463258466007
12.7672297,0.15,34.415539289798325,0.1,49.15365934379785,49.15365934379785,10.09405403616919,18.11344173147275,49.153659342254855
