Time,Probability,RiskPremium,T0,T1,T2,Z,Expected,CVaR
15.1990295,0.15,28.014567109007896,0.1,63.178093761888086,109.79111751075698,14.4855662923083,10.375765595928852,41.90811780363635
16.5228636,0.15,50.0721090918332,0.1,63.6545343968845,159.2186616820817,26.652239258877753,18.54522558956784,67.29166802344398
14.3426285,0.15,23.025906997511896,0.1,36.7901540834119,61.68383187206888,12.212325080401492,8.528113702782191,31.38279584606454
15.0164613,0.15,23.03207494052824,0.1,36.81050410629964,59.60930820403673,12.243002264786568,8.530398126121549,31.11714362232266
13.4427738,0.15,36.702910325708295,0.1,38.121498083200855,91.54684087940345,19.906645443345628,13.59367049100308,45.61961440459937
11.6769125,0.15,61.84518392082874,0.1,63.62646810097078,169.06531726696798,33.14908722630751,22.905623674380998,80.81035387578319
