Time,Probability,RiskPremium,T0,T1,T2,Z,Expected,CVaR
16.8792498,0.15,17.650358175579417,0.1,24.281960695377744,24.281960695377744,4.993921824617067,7.6740687719910445,24.28196070189564
86.0203352,0.15,35.94940292677153,0.1,47.97570237339616,47.97570237339617,10.615569584865776,15.630175185552757,47.975702373396174
33.525835,0.15,15.404754605122788,0.1,19.50783846362451,19.50783846362451,4.863999490563278,6.697719393531707,19.50783846362451
14.8285003,0.15,15.534675337870826,0.1,19.666283526395357,19.666283526395357,4.90684561012187,6.75420666863951,19.666283532337722
43.0199064,0.15,25.662216185417268,0.1,29.580331786396744,29.580331786396744,8.977876940893102,11.15748529800748,29.580331786396744
25.825781,0.15,41.5514947023696,0.09999999999998721,48.89614315860906,48.89614315860906,14.236544671919864,18.06586726189983,48.896143157066064
