Time,Probability,RiskPremium,T0,T1,T2,Z,Expected,CVaR
22.7701891,0.1,9.996562497037544,0.1,20.524659615826902,20.524659615826902,1.682551627751107,5.261348682651308,20.524659615826902
17.9603214,0.1,16.94412091430593,0.09999999999999076,35.03226114588247,35.03226114588247,2.803301984305876,8.917958375950459,35.03226114619849
12.7618113,0.1,9.35379254567256,0.09999999999999609,18.89552399111593,18.89552399111593,1.6362487805477728,4.923048708248742,18.895523992628938
20.6362559,0.1,9.312090335839926,0.1,18.862238220086816,18.862238220086816,1.6187625504162546,4.9011001767578515,18.862238220086816
33.8543879,0.1,14.996085160970656,0.1,29.381561521232115,29.381561521232115,2.80563173631771,7.892676400510779,29.381561521221467
28.5702536,0.1,24.626558750062838,0.09999999999998721,48.804218407976165,48.804218407976165,4.496637701182014,12.961346710559353,48.804218402166484
