Time,Probability,RiskPremium,T0,T1,T2,Z,Expected,CVaR
12.8476307,0.1,13.87789608007165,0.1,63.178093761888086,109.79111751075695,2.418666758026163,7.7099422667064745,32.70518930229992
14.2281838,0.1,23.013114289602623,0.1,63.6545343968845,159.2186616820817,4.0157339722925585,12.785063494223687,54.200508981466314
12.8910354,0.1,11.694585556007196,0.1,36.7901540834119,61.683831872068886,2.1630560739460103,6.496991975559554,26.727242018903787
15.4885286,0.1,11.698546646039249,0.1,36.81050410629964,58.73116960119909,2.1508627932606745,6.499192581132909,26.82246772543737
14.1174394,0.1,17.144806255508048,0.1,38.121498083200855,75.85949867597274,3.4184423696981554,9.524892364171135,37.5347025084296
13.5986461,0.1,28.379565088082337,0.1,63.62646810097078,121.6785427124816,5.554741360563563,15.766425048934627,62.82241623949559
