Time,Probability,RiskPremium,T0,T1,T2,Z,Expected,CVaR
21.1745337,0.1,15.469955658426748,0.1,26.641872276056713,26.641872276056713,5.191195392518831,6.187982263370726,26.641872276056713
14.1836546,0.1,27.802337417210488,0.09999999999999076,48.79057811506081,48.79057811506081,9.147473820438176,11.12093496688417,48.790578116324895
10.7446956,0.1,13.875587189656452,0.09999999999999609,23.152010887046888,23.152010887046888,4.804997111481362,5.550234875862602,23.15201088742514
13.8281798,0.1,14.157513329513662,0.09999999999999609,24.06173153192052,24.06173153192052,4.814762756708256,5.663005331805428,24.06173153680518
24.2297982,0.1,20.90602651482051,0.1,32.653916966314554,32.653916966314554,7.685314637548089,8.362410605928234,32.65391696264939
14.9925749,0.1,33.567551860784874,0.09999999999998721,52.18009938463356,52.18009938463356,12.389915388697363,13.427020744314003,52.18009938318114
