Time,Probability,RiskPremium,T0,T1,T2,Z,Expected,CVaR
130.1484002,0.2,10.36042802012119,0.1,13.713370319035427,13.713370319035448,1.3518245252845096,6.475267512575803,13.713370319035455
68.6415603,0.2,22.23060079319625,0.1,29.496318548412603,29.496318548412603,2.875707729015895,13.894125495747506,29.496318548412695
31.1098578,0.2,10.33635046368973,0.1,13.301218635697907,13.3012186356979,1.4817815653215383,6.460219039806157,13.301218635697907
40.2535883,0.2,10.471226572360454,0.1,13.329885928857898,13.329885928857898,1.551830698526545,6.544516607725262,13.32988593946426
16.1654279,0.2,20.74193921471622,0.1,26.893933224137243,26.893933224137243,2.9026497792177754,12.963712009197515,26.893933227199824
56.4908139,0.2,35.96445606125388,0.1,47.24830492207252,47.24830492207252,4.816989065804398,22.477785038283685,47.248304915900576
