Time,Probability,RiskPremium,T0,T1,T2,Z,Expected,CVaR
24.9860274,0.2,24.168506030550542,0.09999999999999432,27.08757332782729,27.08757332782729,8.993086439716665,10.070210846062773,27.08757332863321
17.6146703,0.2,48.23976267722019,0.09999999999999432,48.786956444205906,48.786956444205906,19.53374496272339,20.099901115508413,48.78695644546999
17.8894689,0.2,21.119568371439158,0.1,23.188114581660695,23.188114581660695,8.003259888604545,8.79982015476637,23.188114581660695
24.7662061,0.2,21.443219681535734,0.09999999999999609,23.576622058394985,23.576622058394985,8.115960655306516,8.934674867306576,23.576622063715458
17.1836292,0.2,34.42679362642733,0.1,32.6441828821181,32.6441828821181,14.592390620750582,14.344497344344827,32.6441828821181
12.5034549,0.2,56.83852031178891,0.1,52.639603887648065,52.639603887648065,24.46873738788933,23.68271679657888,52.63960388764806
