Time,Probability,RiskPremium,T0,T1,T2,Z,Expected,CVaR
12.8523569,0.15,19.566261790106065,0.1,27.087573322115315,27.087573322115315,6.67991164853957,8.15260907921091,27.08757332863321
60.7514909,0.15,37.80366968210473,0.09999999999999076,48.66723537665776,48.66723537665776,13.823214062203665,15.751529034210279,48.66723537697378
20.2192239,0.15,17.110654937156006,0.09999999999999609,22.05895710271173,22.05895710271173,6.248835993616783,7.1294395571483395,22.05895710271173
28.9482549,0.15,17.564477736414158,0.09999999999999432,23.038038710080095,23.038038710080095,6.3160687647790965,7.318532390172572,23.038038716022456
25.0270583,0.15,27.49874296521326,0.1,31.38320238472762,31.38320238472762,11.059585193167923,11.457809568838828,31.38320238166504
16.8774694,0.15,44.6103479034285,0.1,52.02450842275262,52.02450842275262,17.66348707791898,18.587644959761878,52.02450842275262
