Time,Probability,RiskPremium,T0,T1,T2,Z,Expected,CVaR
18.6763913,0.2,22.854270290118148,0.1,26.356048406448863,26.356048406448863,7.991808288582291,9.936639256573113,26.356048406448863
18.8422507,0.2,46.19882209586882,0.09999999999999076,48.711953420358284,48.711953420358284,17.524724996726462,20.086444389508024,48.71195342162237
17.9679614,0.2,19.765944404471778,0.1,22.05895710271173,22.05895710271173,7.13253506360165,8.593888871509481,22.05895710271173
14.2075381,0.2,20.027114897433357,0.1,22.32856105505609,22.32856105505609,7.233337697492843,8.707441259753605,22.32856106037656
33.6951869,0.2,32.435745953495996,0.1,31.327320354694546,31.327320354694546,13.16580107771352,14.102498240650505,31.327320357757127
29.315275,0.2,54.021931778025255,0.1,51.56697264959895,51.56697264959895,22.110382489188865,23.48779642522839,51.56697263725506
