Time,Probability,RiskPremium,T0,T1,T2,Z,Expected,CVaR
22.2543553,0.25,32.839441479872015,0.1,36.72467659512302,36.72467659512302,14.985884886643628,13.13577659194879,36.724676598346676
20.6499515,0.25,64.78032811510998,0.1,61.111535396345985,61.111535396345985,31.82831603875271,25.912131246044115,61.11153539761007
20.8403483,0.25,27.437378859539173,0.09999999999999609,27.313654503175336,27.313654503175336,13.194686724081901,10.97495154381561,27.313654502023986
24.3217847,0.25,27.692883449286455,0.09999999999999609,27.68177443614779,27.68177443614779,13.294805858285219,11.077153379714536,27.68177443614779
21.9183838,0.25,50.11710803604428,0.1,38.121498083200855,52.602262967393315,23.5591808710314,20.046843214417702,52.602262967393315
20.933089,0.25,88.51959292425026,0.1,63.6264681009708,94.67135499139643,41.259052190210866,35.40783716969996,94.67135499139643
