Time,Probability,RiskPremium,T0,T1,T2,Z,Expected,CVaR
76.9261703,0.25,23.719761022091888,0.09999999999999787,25.084377162176022,25.084377162176022,7.598398222610644,11.295124296234224,25.084377162654196
30.5279856,0.25,50.213378377859826,0.09999999999999076,48.56031654757594,48.56031654757594,17.67503142152208,23.911132560885548,48.56031654789196
17.7008257,0.25,20.32489933221268,0.1,20.52857035753749,20.52857035753749,6.848859437983152,9.67852349152978,20.52857035638614
20.401207,0.25,20.71056666228367,0.1,21.245234986211,21.245234986211,6.864320926402927,9.86217460108738,21.245234986211
19.4454964,0.25,34.10198599569367,0.09999999999999076,30.624725141252757,30.624725141252757,12.827955578540319,16.239040950330327,30.624725141252753
13.6039139,0.25,58.05495145529468,0.1,49.04956335633176,49.04956335633176,22.91821454441589,27.645214978711778,49.04956335633176
