Time,Probability,RiskPremium,T0,T1,T2,Z,Expected,CVaR
19.2163508,0.2,15.25076964660529,0.09999999999999609,20.281975347453685,20.281975347453685,3.2353221798003844,8.472649803669645,20.281975347453685
117.4278172,0.2,35.54457036147555,0.1,47.179099345993436,47.179099345993436,7.567952083391045,19.746983534153028,47.17909934725752
21.743124,0.2,12.522819224160598,0.1,14.908450105687374,14.908450105687374,3.180298938614216,6.957121791200312,14.908450105687374
27.666878,0.2,12.644619570263472,0.09999999999999609,14.887822183103971,14.887822183103971,3.260920858633642,7.024788650146306,14.887822188424444
21.8599034,0.2,24.42445046147379,0.09999999999999076,28.820612787487295,28.82061279054988,6.279869222624463,13.569139145263193,28.82061279054988
13.5297232,0.2,41.14212153672899,0.09999999999998721,48.46548656125966,48.46548656125966,10.602761639252291,22.856734187071776,48.465486555087715
