Time,Probability,RiskPremium,T0,T1,T2,Z,Expected,CVaR
14.8185034,0.1,10.241580195760635,0.09999999999999432,18.558692954282584,18.558692954282584,1.2601122442071595,4.8769429503622055,18.558692954333207
17.515674,0.1,16.68094642886042,0.1,30.06145814353398,30.06145814353398,2.102193509513154,7.943307823266801,30.061458143535006
10.2597339,0.1,9.267488814750122,0.1,16.362587129244016,16.362587129244016,1.269549737726839,4.4130899117858,16.362587129244016
7.4544301,0.1,9.173781494244942,0.1,16.226304031781073,16.226304031781073,1.247963118496889,4.368467378211875,16.226304036665734
12.8459714,0.1,16.441148620286075,0.09999999999999076,29.060857237956547,29.060857234291383,2.2425085765738864,7.829118390612398,29.060857234278558
12.5486645,0.1,27.124460666187513,0.0999999999999951,48.57513242886075,48.57513242886075,3.510434048800152,12.91640984104158,48.57513242886075
