Time,Probability,RiskPremium,T0,T1,T2,Z,Expected,CVaR
60.1612177,0.2,24.43135355391482,0.1,25.53593041433236,25.53593041433236,8.35345653395277,9.772541421565965,25.535930417556035
124.5169899,0.2,50.1157606948547,0.09999999999999432,48.50056259143505,48.50056259143505,18.687753091386654,20.0463042779418,48.500562591757394
12.5340427,0.2,20.52152995476511,0.1,20.10349611124976,20.10349611124976,7.554964321121531,8.208611981906024,20.10349611124976
26.6803284,0.2,20.61597994101767,0.1,20.000475277772487,20.000475277772487,7.667954643000408,8.246391976407123,20.000475280432482
41.2563139,0.2,34.54217216796536,0.09999999999999076,29.88134302809933,29.88134302809933,14.299513636107745,13.816868867186177,29.881343028864976
25.1759788,0.2,57.466784431769085,0.1,49.0222232717999,49.0222232717999,24.065866861045542,22.98671377270753,49.02222326774705
