Time,Probability,RiskPremium,T0,T1,T2,Z,Expected,CVaR
32.5573609,0.2,17.12343670369324,0.1,24.378661687021847,24.378661687021847,3.894005988726803,9.51302039094078,24.378661687043337
47.7701593,0.2,35.64302567170556,0.1,47.39548676527989,47.395486765279884,8.942893283525605,19.801680928725347,47.39548676654397
44.3984911,0.2,13.877731716300413,0.1,17.878108302414738,17.878108302414738,3.625816423787488,7.7098509535003625,17.87810830955099
8.9227382,0.2,13.95603552282616,0.1,17.806256609387674,17.806256609387674,3.689456567971501,7.753353068236841,17.806256614708147
17.6288107,0.2,24.609594176672395,0.1,29.223782275786558,29.223782275786558,7.04965103334664,13.671996764817981,29.223782278849132
40.5588991,0.2,41.23455173535929,0.09999999999998721,48.66633179778153,48.66633179778153,11.886905562847579,22.908084297421865,48.66633179778153
