Time,Probability,RiskPremium,T0,T1,T2,Z,Expected,CVaR
19.5838836,0.2,36.66829583373379,0.1,63.17809376188807,156.54192510569598,15.251562672511717,13.095819940619208,54.70038604363337
18.2593416,0.2,67.72732748371968,0.1,63.6545343968845,159.21866168208157,31.110039530860714,24.188331244185544,86.3331147875522
16.2954617,0.2,29.110767433034688,0.1,36.7901540834119,70.954890735133,13.364104825200858,10.396702654655252,37.14650242054821
16.0366104,0.2,29.116911489936268,0.09999999999999432,36.81050410629964,70.14192940826784,13.506742007247905,10.398896960691527,36.45525957067569
14.9247692,0.2,48.67671822112456,0.1,38.121498083200855,91.54684087940345,22.78091030129389,17.38454222183023,59.940870711832396
16.6795588,0.2,83.79841681479864,0.1,63.62646810097078,169.0653172669679,38.98541552969185,29.92800600528522,104.35298240439262
