Time,Probability,RiskPremium,T0,T1,T2,Z,Expected,CVaR
5.8072077,0.1,14.648890306742292,0.1,63.178093761888086,109.79111751075695,2.6186811894190134,7.7099422667064745,36.51172127081854
6.709023,0.1,24.291620639025002,0.1,63.6545343968845,159.2186616820817,4.447512925410818,12.785063494223687,59.84535829016043
5.3562486,0.1,12.344284753563153,0.1,36.7901540834119,61.683831872068886,2.4440368450718264,6.496991975559554,29.185364861771397
4.7233353,0.1,12.34846590415254,0.1,36.81050410629964,58.73116960119909,2.4323501291007674,6.499192581132909,29.278680540592017
5.2728982,0.1,18.09729549192514,0.1,38.121498083200855,75.85949867597274,3.9763559819703556,9.524892364171135,40.16520666939552
4.5858899,0.1,29.95620759297579,0.1,63.62646810097078,121.6785427124816,6.433202535303513,15.766425048934627,67.47695844051894
