Time,Probability,RiskPremium,T0,T1,T2,Z,Expected,CVaR
6.2364273,0.05,-9.125011501964763e-12,2.0,0.0,-3.1845320252129264e-9,-5.8660946125302045e-12,-4.3452435723641734e-12,6.315935428978667e-17
6.0575545,0.05,5.480977449678903e-12,2.0,3.91497678720043e-9,3.91497678720043e-9,3.5234697135264374e-12,2.6099892617518586e-12,6.315935428978667e-17
5.2693473,0.05,1.0591123356107347e-11,0.1,0.0,0.0,-1.5970820517926133e-12,5.043392074336831e-12,3.362264540858935e-11
5.277988,0.05,5.22797023450039e-12,2.0,3.7342573477872065e-9,3.7342573477872065e-9,3.3608301129738222e-12,2.4895096354763763e-12,3.1579677144893335e-17
5.9220695,0.05,5.13119005063345e-12,2.0,3.6651641721618944e-9,3.6651641721618944e-9,3.298614280487931e-12,2.4434238336349755e-12,3.1579677144893335e-17
5.6548663,0.05,2.984279490192421e-17,2.0,5.809681624668883e-9,5.809681624668883e-9,-2.028994256559396e-17,1.4210854715202004e-17,1.578983857244667e-16
