Time,Probability,RiskPremium,T0,T1,T2,Z,Expected,CVaR
14.0445171,0.1,0.0,2.0,0.0,0.0,-0.0,0.0,0.0
12.1863143,0.1,0.0,2.0,0.0,0.0,-0.0,0.0,0.0
10.7967024,0.1,0.0,2.0,0.0,0.0,-0.0,0.0,0.0
12.5227143,0.1,0.0,2.0,0.0,0.0,-0.0,0.0,0.0
11.5412571,0.1,0.0,2.0,0.0,0.0,-0.0,0.0,0.0
12.2218519,0.1,0.0,2.0,0.0,0.0,-0.0,0.0,0.0
