Time,Probability,RiskPremium,T0,T1,T2,Z,Expected,CVaR
14.6866218,0.1,0.0,2.0,0.0,0.0,-0.0,0.0,0.0
12.6393856,0.1,0.0,2.0,0.0,0.0,-0.0,0.0,0.0
15.3039102,0.1,0.0,2.0,0.0,0.0,-0.0,0.0,0.0
12.2210918,0.1,0.0,2.0,0.0,0.0,-0.0,0.0,0.0
13.7067095,0.1,0.0,2.0,0.0,0.0,-0.0,0.0,0.0
14.2322272,0.1,0.0,2.0,0.0,0.0,-0.0,0.0,0.0
