Time,Probability,RiskPremium,T0,T1,T2,Z,Expected,CVaR
14.2675277,0.1,23.129826800119435,0.1,63.178093761888086,109.79111751075695,5.339261881973742,7.7099422667064745,36.51172127081854
10.0707387,0.1,38.35519048267105,0.1,63.6545343968845,159.2186616820817,9.099023809869468,12.785063494223687,59.84535829016043
10.2060529,0.1,19.49097592667866,0.1,36.7901540834119,61.683831872068886,5.053053440944985,6.496991975559554,29.185364861771397
10.3020722,0.1,19.497577743398736,0.1,36.81050410629964,58.73116960119909,5.0255643764551365,6.499192581132909,29.278680540592017
10.4833154,0.1,28.574677092513376,0.1,38.121498083200855,75.85949867597274,8.3256747215137,9.524892364171135,40.16520666939552
12.4998359,0.1,47.29927514680387,0.1,63.62646810097078,121.6785427124816,13.434163410814733,15.766425048934627,67.47695844051894
