Time,Probability,RiskPremium,T0,T1,T2,Z,Expected,CVaR
7.8666027,0.1,14.648890306742292,0.1,63.178093761888086,109.79111751075695,1.9398986329171235,7.7099422667064745,32.70518930229992
5.6565453,0.1,24.291620639025002,0.1,63.6545343968845,159.2186616820817,3.2234680473527995,12.785063494223687,54.200508981466314
6.7945205,0.1,12.344284753563153,0.1,36.7901540834119,61.683831872068886,1.8012427693347561,6.496991975559554,26.727242018903787
5.3376957,0.1,12.34846590415254,0.1,36.81050410629964,58.73116960119909,1.7846182941587356,6.499192581132909,26.82246772543737
5.9597759,0.1,18.09729549192514,0.1,38.121498083200855,75.85949867597274,2.9704410989023273,9.524892364171135,37.5347025084296
6.6344153,0.1,29.95620759297579,0.1,63.62646810097078,121.6785427124816,4.778584305928969,15.766425048934627,62.82241623949559
