Time,Probability,RiskPremium,T0,T1,T2,Z,Expected,CVaR
19.8847783,0.2,26.191639881238416,0.1,63.17809376188807,156.54192510569598,7.286970803242202,13.095819940619208,42.140065627504306
19.4402736,0.2,48.37666248837122,0.1,63.6545343968845,159.2186616820817,15.18385800844419,24.188331244185548,69.21069742289262
19.932601,0.2,20.793405309284807,0.1,36.7901540834119,70.95489073513308,6.270856286593242,10.396702654642404,31.02593449488825
20.1588781,0.2,20.7977939213624,0.1,36.81050410629964,70.1419294082679,6.330140383108182,10.3988969606812,30.742679848546288
19.7522847,0.2,34.76908444366047,0.1,38.121498083200855,91.54684087940345,11.32064767575158,17.384542221830234,47.70401495222346
17.4192607,0.2,59.856012010570446,0.1,63.62646810097078,169.065317266968,19.17050505712794,29.92800600528522,83.71551074607174
