Time,Probability,RiskPremium,T0,T1,T2,Z,Expected,CVaR
30.9750408,0.25,30.31254406931832,0.09999999999999609,26.74252728430627,26.74252728430627,12.620330677824471,11.6586707958916,26.74252728489727
17.7209071,0.25,62.9676585157094,0.0999999999999801,50.033626844529174,50.033626844529174,28.423209658887817,24.218330198349687,50.033626844529174
18.2846059,0.25,27.209451929206015,0.09999999999999609,24.080279006020376,24.080279006020376,11.298236035903098,10.465173818925381,24.080279004869027
19.7048702,0.25,27.402159884493212,0.1,24.229060967752698,24.229060967752698,11.386960140379227,10.539292263266635,24.229060965384985
22.1618767,0.25,44.737105528923685,0.09999999999999432,35.02804043343514,35.02804043343514,20.401941924572863,17.206579049586086,35.02804043649772
18.7301864,0.25,75.62968764130673,0.1,55.70858308785318,55.70858308785318,35.893249565863684,29.08834140050245,55.70858308785318
