Time,Probability,RiskPremium,T0,T1,T2,Z,Expected,CVaR
139.1448443,0.15,9.556512779884248,0.09999999999999609,14.13049481989124,14.13049481989124,1.1598766423495501,5.309173766602299,14.130494826409118
53.993484,0.15,19.669547677045134,0.09999999999999076,29.184769519845414,29.184769519845414,2.351986128277872,10.927526487247272,29.184769520161435
27.6981765,0.15,9.76260393043919,0.1,13.90121110298921,13.90121110298921,1.371795291734377,5.423668850244012,13.90121110298921
31.741547,0.15,9.812926943496656,0.09999999999999609,13.929434566880397,13.929434566880397,1.3940678932702437,5.451626079720339,13.929434566880397
36.2583114,0.15,19.20206652504409,0.1,27.638917464871497,27.638917464871497,2.594365833850895,10.667814736135599,27.638917464871497
108.9121996,0.15,32.018760845692206,0.09999999999999432,47.807464780725766,47.80746478072577,3.723817869209615,17.78820046982888,47.80746477455379
