Time,Probability,RiskPremium,T0,T1,T2,Z,Expected,CVaR
10.5938708,0.05,10.906796632414629,0.1,63.178093761888086,109.79111751075695,1.6577412429692604,4.544498596839427,35.90821054754571
12.7148887,0.05,16.65617468662054,0.1,63.6545343968845,119.67234110440717,2.406396282740247,6.940072786091891,55.67144357134789
12.064537,0.05,9.487615062919431,0.1,36.7901540834119,61.68383187206889,1.6356082063962605,3.953172942883093,29.94539903381694
11.7255632,0.05,9.49260683786584,0.1,36.81050410629964,58.059670817097995,1.6680127282498503,3.9552528491107646,29.750861252478924
11.0052999,0.05,12.354578267351366,0.1,38.121498083200855,75.85949867597274,2.295175011574414,5.147740944729735,37.89215635171121
13.0295247,0.05,20.31671291398082,0.1,63.6264681009708,121.6785427124816,3.6480512728672037,8.465297047492005,63.154394338302694
