Time,Probability,RiskPremium,T0,T1,T2,Z,Expected,CVaR
45.8427382,0.2,15.807144070026633,0.1,26.058675464241507,26.058675464241507,3.5007974627051928,9.879465043766613,26.058675467465182
77.065707,0.2,32.074086844731355,0.1,48.500562591435056,48.500562591435056,7.759643819705125,20.046304277956924,48.50056259175108
17.2417421,0.2,13.324557685985909,0.10000000021617975,20.681663990168918,20.681663990168918,3.1436368167481237,8.32784855374118,20.681663990385097
17.173329,0.2,13.482935200115367,0.09999999999999609,20.88289021871804,20.88289021871804,3.187692341448375,8.426834500072008,20.882890224038512
10.4206243,0.2,22.299862886381206,0.1,30.46837536218124,30.46837536218124,5.882804423549264,13.937414303988165,30.468375362946887
13.0745388,0.2,37.02440385383532,0.1,49.77674275670702,49.77674275670702,9.88867789205345,23.140252408646916,49.77674276287896
