Time,Probability,RiskPremium,T0,T1,T2,Z,Expected,CVaR
14.9108949,0.1,0.0,2.0,0.0,0.0,-0.0,0.0,0.0
12.4730708,0.1,0.0,2.0,0.0,0.0,-0.0,0.0,0.0
15.5767621,0.1,0.0,2.0,0.0,0.0,-0.0,0.0,0.0
12.3424904,0.1,0.0,2.0,0.0,0.0,-0.0,0.0,0.0
14.133454,0.1,0.0,2.0,0.0,0.0,-0.0,0.0,0.0
13.6563546,0.1,0.0,2.0,0.0,0.0,-0.0,0.0,0.0
