Time,Probability,RiskPremium,T0,T1,T2,Z,Expected,CVaR
21.6076557,0.15,23.66728938917663,0.09999999999999609,29.30026807530302,29.30026807530302,10.002769853763413,8.45260335327735,29.300268081820914
14.0202223,0.15,44.687052504456126,0.09999999999999076,50.29040278910377,50.29040278910377,20.14470560031342,15.9596616087343,50.29040279036786
31.3700592,0.15,20.98653275809929,0.1,24.708072763821907,24.708072763821907,9.188121864081499,7.495190270749771,24.708072763821907
13.9238426,0.15,21.38547151613316,0.1,25.392041460949624,25.392041460949624,9.309209851931545,7.637668398618967,25.392041460949624
15.4301909,0.15,32.96041031834057,0.1,33.65854491100073,33.65854491100073,15.717092754554944,11.771575113693071,33.65854491406331
12.6069998,0.15,54.03605892678122,0.1,57.340899228437785,57.340899228437785,25.226889765826883,19.298592473850388,57.34089922226581
