Time,Probability,RiskPremium,T0,T1,T2,Z,Expected,CVaR
48.8919619,0.15,13.351805234970554,0.1,22.946157155671344,22.946157155671344,2.8284381438483552,7.417669574983652,22.946157155676556
50.7665053,0.15,28.077628541374533,0.1,47.81129344560856,47.81129344560856,6.036423833864264,15.59868252298584,47.81129344560856
33.4416398,0.15,11.812190101830563,0.1,18.802648522966535,18.802648522966535,2.8017981294544194,6.562327834350262,18.802648524479537
11.6547556,0.15,11.87589209233996,0.1,18.857057488498544,18.857057488498544,2.8263063301895106,6.597717829077764,18.857057494440905
14.1348581,0.15,20.006178119290617,0.1,29.356019208763737,29.356019208763737,5.24333955724061,11.114543399605934,29.356019211826318
19.296254,0.15,32.48029322226526,0.1,48.78616173271814,48.78616173426112,8.287374999159232,18.044607345702907,48.78616173271813
