Time,Probability,RiskPremium,T0,T1,T2,Z,Expected,CVaR
14.8157946,0.1,14.874297861643065,0.09999999999999432,23.269152165900138,23.269152165900138,3.888933554859921,5.720883792939594,23.269152172418003
67.2990432,0.1,28.78910154195586,0.1,48.430228630678045,48.430228630678045,6.5091209987696566,11.072731362290684,48.43022863194213
24.3129138,0.1,13.443535105500253,0.09999999999999609,20.352621574472185,20.352621574472185,3.7183353354936486,5.170590425192439,20.35262157457305
32.3851126,0.1,13.490053715203608,0.1,20.54756792280458,20.54756792280458,3.693845799287223,5.18848219815523,20.547567924025742
17.6969536,0.1,20.868690162491557,0.1,30.182092008236403,30.182092008236403,6.195569054734469,8.02641929326597,30.182092008236403
10.296306,0.1,33.85385501816307,0.09999999999998721,49.174351198109406,49.17435119810941,9.987050232506162,13.020713468524324,49.17435119229973
