Time,Probability,RiskPremium,T0,T1,T2,Z,Expected,CVaR
52.6586091,0.15,18.12769329617121,0.1,27.67882933264773,27.678829332647716,6.000038958306639,8.239860589168755,27.678829332647755
29.1484651,0.15,34.69232644035065,0.1,48.78695644420591,48.78695644420591,12.319543718654705,15.769239291068548,48.78695644420591
11.862892,0.15,15.980748930093299,0.1,22.97442640489606,22.97442640489606,5.574682219989243,7.2639767864060465,22.97442640489606
10.7639803,0.15,16.2189996743354,0.1,23.405686126503145,23.405686126503145,5.64004438326314,7.37227257924337,23.405686138387868
10.1134796,0.15,25.59742034262692,0.1,32.581470638167026,32.581470638167026,9.772973363129111,11.635191064830455,32.581470638167026
8.7902716,0.15,41.2171944645769,0.1,53.03288098592299,53.03288098592299,15.622547554235126,18.73508839298945,53.03288097975102
