Time,Probability,RiskPremium,T0,T1,T2,Z,Expected,CVaR
18.5527196,0.2,29.28387079768137,0.09999999999999076,27.245644036703293,27.245644036703293,12.32688129253518,10.097886481959026,27.24564403992696
22.7943263,0.2,58.31634615794613,0.09999999999999076,48.83997574456578,48.83997574456578,26.714904930383987,20.109084882050478,48.83997574582986
14.3516202,0.2,25.695691781559315,0.1,23.53611859246866,23.53611859246866,10.964894320800946,8.860583372951435,23.53611859246866
37.3402858,0.2,26.100580913034992,0.1,23.951919021046756,23.951919021046756,11.119693115712483,9.000200314839642,23.951919021046756
12.5905132,0.2,41.6049840016993,0.1,32.65591721933785,32.65591721627527,19.934689389474578,14.346546207482472,32.65591721933785
17.557723,0.2,69.20958957167369,0.09999999999998721,53.68561660820331,53.68561660820331,33.41611750223918,23.865375714370312,53.68561660203137
