Time,Probability,RiskPremium,T0,T1,T2,Z,Expected,CVaR
11.7872935,0.05,-7.82143843025551e-12,2.0,0.0,-3.1845320252129264e-9,-5.2143175505787245e-12,-4.3452435723641734e-12,6.315935428978667e-17
12.5459768,0.05,4.697980671153346e-12,2.0,3.91497678720043e-9,3.91497678720043e-9,3.1319618503605144e-12,2.6099892617518586e-12,6.315935428978667e-17
11.0415158,0.05,-1.8156057990381666e-12,0.1,0.0,0.0,-1.2104354457025892e-12,-1.0086698883545369e-12,7.894919286223334e-17
13.3727464,0.05,4.481117343857477e-12,2.0,3.7342573477872065e-9,3.7342573477872065e-9,2.9873989307007936e-12,2.4895096354763763e-12,3.1579677144893335e-17
10.9264454,0.05,4.398162900542956e-12,2.0,3.6651641721618944e-9,3.6651641721618944e-9,2.9320959684911134e-12,2.4434238336349755e-12,3.1579677144893335e-17
12.1170345,0.05,2.5579538487363606e-17,2.0,5.809681624668883e-9,5.809681624668883e-9,-4.610632863154427e-17,1.4210854715202004e-17,1.578983857244667e-16
