Time,Probability,RiskPremium,T0,T1,T2,Z,Expected,CVaR
11.8837934,0.05,-1.2166682002619683e-11,2.0,-3.1845320252129264e-9,-3.1845320252129264e-9,-9.125011501964762e-12,-4.3452435723641734e-12,0.0
13.0256603,0.05,7.307956669440803e-12,2.0,3.91497678720043e-9,3.91497678720043e-9,5.480967502080602e-12,2.6099845248002867e-12,0.0
11.5668261,0.05,-2.824295582589305e-12,0.1,0.0,0.0,-2.1182216869419786e-12,-1.0086769937818947e-12,0.0
16.8850466,0.05,8.335966161258076,0.09999999626573697,20.770679803799126,20.770679803799126,0.02077067980380537,2.9771307718778868,20.770679803799126
25.3754751,0.05,6.841639788035535e-12,2.0,3.6651641721618944e-9,3.6651641721618944e-9,5.131229841026651e-12,2.443442781441263e-12,0.0
21.950412,0.05,0.0,2.0,5.809681624668883e-9,5.809681624668883e-9,-0.0,0.0,0.0
