Time,Probability,RiskPremium,T0,T1,T2,Z,Expected,CVaR
19.3639544,0.15,22.23655517149969,0.09999999999999432,30.168604977359067,30.168604977359067,9.360817198878243,8.552521219807545,30.16860498387696
15.5944016,0.15,42.1108729232245,0.09999999999999076,52.33140063169799,52.33140063169799,18.687401127947727,16.196489585855524,52.33140063296207
13.709804,0.15,19.742042024636334,0.1,25.549878727071114,25.549878727071114,8.557591810103245,7.593093086398583,25.549878727071114
14.8143511,0.15,20.063152719224494,0.09999999999999609,26.06910177035514,26.06910177035514,8.676054604203589,7.7165971997017095,26.0691017762975
13.249123,0.15,31.003900612442337,0.1,34.97069271377454,34.97069271377454,14.470100342782175,11.924577158631674,34.97069271377454
13.1000281,0.15,50.734027481267134,0.1,59.17013396520587,59.17013396520587,23.289530695224414,19.51308749279504,59.1701339590339
