Time,Probability,RiskPremium,T0,T1,T2,Z,Expected,CVaR
12.5919817,0.05,13.633495790518289,0.1,63.178093761888086,109.79111751075695,5.952625998608233,4.544498596839427,35.90821054754571
10.1278742,0.05,20.82021835827569,0.1,63.6545343968845,119.67234110440717,9.0070084936582,6.940072786091891,55.67144357134789
19.639432,0.05,11.859518828649295,0.1,36.7901540834119,61.68383187206889,5.307123276672813,3.953172942883093,29.94539903381694
12.621241,0.05,11.865758547332305,0.1,36.81050410629964,58.059670817097995,5.330944857884721,3.9552528491107646,29.750861252478924
11.4394406,0.05,15.443222834189218,0.1,38.121498083200855,75.85949867597274,7.021040348761332,5.147740944729735,37.89215635171121
11.1277902,0.05,25.39589114247604,0.1,63.6264681009708,121.6785427124816,11.461684365902965,8.465297047492005,63.154394338302694
