Time,Probability,RiskPremium,T0,T1,T2,Z,Expected,CVaR
16.77716,0.05,9.279655549696617,0.09999999999999432,21.93060785551295,21.93060785551295,0.5352202295161963,3.093218516565527,21.93060786194842
24.4548077,0.05,13.774242902927881,0.1,32.55512553843013,32.55512553843013,0.7937152318901662,4.591414300975936,32.555125534515156
14.9129183,0.05,9.293581346508102,0.09999999999999432,21.754632476143446,21.754632476143446,0.5986892890259301,3.097860448836038,21.75463247765646
12.2294697,0.05,9.370338102806604,0.1,21.84028881260101,21.84028881260101,0.63183923615837,3.1234460342688664,21.840288808866756
12.3741963,0.05,13.32038784705638,0.1,31.156429472062985,31.156429472062985,0.8653685088905628,4.440129282352125,31.15642946839782
4.8478064,0.05,21.468661388908085,0.09999999999998721,50.44645516531204,50.44645516531204,1.3253705169788312,7.1562204629694115,50.44645515950236
