Time,Probability,RiskPremium,T0,T1,T2,Z,Expected,CVaR
14.9172752,0.1,20.04584989343683,0.1,63.17809376188807,109.79111751075689,2.3378088124930025,7.709942266706473,32.705189302299914
12.1945722,0.1,33.241165084981574,0.1,63.6545343968845,159.21866168208157,3.8899233958608757,12.785063494223685,54.20050898146629
15.6647016,0.1,16.886750406366588,0.1,36.79015408341189,58.55187220426251,2.303087143557575,6.494904002448689,26.71680215334947
12.2540828,0.1,16.89790071094558,0.1,36.81050410629963,58.73116960119909,2.2693980720908797,6.499192581132909,26.82246772543736
14.105825,0.1,22.763682776448352,0.1,38.07178307306462,38.07178307306462,4.035903724970417,8.75526260632629,33.686553719205406
13.8765991,0.1,40.992705127230025,0.1,63.62646810097078,121.67854271248153,6.403883602071053,15.76642504893462,62.82241623949557
