Time,Probability,RiskPremium,T0,T1,T2,Z,Expected,CVaR
17.3767844,0.05,9.255826334681077,0.1,26.123133143747122,26.123133143747133,2.3114131383194163,3.559933205646565,26.123133143747133
11.3150319,0.05,13.382551221799682,0.09999999999999432,37.92123507805382,37.92123507805382,3.3193011377269923,5.147135085307556,37.921235077075075
11.8250712,0.05,8.995160476854274,0.1,25.076778079988422,25.076778079988422,2.292918224345977,3.459677106482401,25.076778079988422
12.8163201,0.05,9.116455418707982,0.1,25.34123782200773,25.34123782200773,2.3348900898508935,3.5063290071953572,25.341237818273473
27.653261,0.05,12.258230993455681,0.09999999999999998,33.65854492139364,33.65854492139364,3.2019506623318343,4.71470422825221,33.65854491406331
11.3530053,0.05,19.852385187733265,0.1,54.993243869448825,54.993243869448825,5.113195758351532,7.63553276451279,54.99324386363915
