Time,Probability,RiskPremium,T0,T1,T2,Z,Expected,CVaR
69.584087,0.25,28.715844832704228,0.09999999999999787,28.369639158021684,28.369639158021684,11.829498342183905,11.964935346960129,28.369639158827596
21.5053276,0.25,59.257064773892274,0.1,52.55912381941123,52.55912381941123,26.206017068637763,24.69044365578836,52.55912382067531
19.7972852,0.25,25.521604658442676,0.09999999999999787,24.986446081982315,24.986446081982315,10.581869475479362,10.634001941017823,24.98644608083608
18.5357541,0.25,25.659561853548592,0.09999999999999787,25.044989163621366,25.044989163621366,10.662026231220766,10.691484105645245,25.044989161253653
15.4638861,0.25,42.18941117104706,0.1,37.06887821730653,37.06887821730653,18.763502780966366,17.57892132126967,37.06887821730653
12.8100695,0.25,72.42016356467862,0.1,61.494405681605606,61.494405681605606,32.849294153832226,30.17506815194951,61.494405681605606
