Time,Probability,RiskPremium,T0,T1,T2,Z,Expected,CVaR
5.6687915,0.2,13.146638735388265,0.09999999999999609,17.69819324579958,17.69819324579958,2.423858929429675,7.733316903169598,17.69819324579958
41.8217407,0.2,33.29952428289795,0.1,46.62310609180567,46.62310609180567,5.601023633169724,19.587955460528224,46.62310609119469
4.8502284,0.2,11.501519408368212,0.1,14.224631679428736,14.224631679428736,2.498210148152682,6.765599651981323,14.224631679428736
20.5201885,0.2,11.658856611067156,0.09999999999999609,14.283455826962006,14.283455826962006,2.5731141980003374,6.858150947686472,14.283455832287684
16.3172064,0.2,22.650510450185394,0.1,27.97672610506488,27.97672610506488,4.930811844830541,13.32382967657959,27.976726105830526
49.8015616,0.2,38.60047407012265,0.1,47.946724990173955,47.946724990173955,8.322143722518405,22.70616121771914,47.94672498400201
