Time,Probability,RiskPremium,T0,T1,T2,Z,Expected,CVaR
21.6284457,0.2,31.429967857486098,0.1,63.17809376188807,156.54192510569598,11.534336198913818,13.095819940619208,47.094878530384605
18.3888455,0.2,58.051994986045436,0.1,63.6545343968845,159.2186616820817,23.51842208246245,24.188331244185548,75.91453954117243
24.9871882,0.2,24.952086371141746,0.1,36.7901540834119,70.95489073513308,9.914168882165676,10.396702654642404,33.602776826310794
19.0989756,0.2,24.9573527056349,0.1,36.81050410629964,70.1419294082679,10.004736649247874,10.3988969606812,33.16749243921033
20.7777978,0.2,41.722901332392496,0.1,38.121498083200855,91.54684087940345,17.26028224707982,17.384542221830234,52.774926539242415
18.573304,0.2,71.82721441268458,0.1,63.62646810097078,169.065317266968,29.139629213184293,29.92800600528522,93.7259019763601
