Time,Probability,RiskPremium,T0,T1,T2,Z,Expected,CVaR
12.5436277,0.05,-1.2601206359856101e-11,2.0,-3.1845320252129264e-9,-3.1845320252129264e-9,-9.77679803781939e-12,-4.3452435723641734e-12,0.0
13.2703765,0.05,0.0,2.0,0.0,0.0,-0.0,0.0,0.0
11.7280306,0.05,-2.9251632819674945e-12,0.1,0.0,0.0,-2.2695232360092627e-12,-1.0086769937818947e-12,0.0
12.2787328,0.05,0.0,2.0,0.0,0.0,-0.0,0.0,0.0
11.9858304,0.05,0.0,2.0,0.0,0.0,-0.0,0.0,0.0
12.7664078,0.05,0.0,2.0,5.809681624668883e-9,5.809681624668883e-9,-0.0,0.0,0.0
