Time,Probability,RiskPremium,T0,T1,T2,Z,Expected,CVaR
12.4752203,0.1,13.10690185340101,0.1,63.178093761888086,109.79111751075695,2.5167816862833305,7.7099422667064745,36.51172127081854
6.1757737,0.1,21.734607940180254,0.1,63.6545343968845,159.2186616820817,4.243514966362897,12.785063494223687,59.84535829016043
5.7949653,0.1,11.044886358451237,0.1,36.7901540834119,61.683831872068886,2.2790570942705,6.496991975559554,29.185364861771397
5.6470327,0.1,11.04862738792596,0.1,36.81050410629964,58.73116960119909,2.2714860108471324,6.499192581132909,29.278680540592017
6.443173,0.1,16.19231701909093,0.1,38.121498083200855,75.85949867597274,3.6033932243973603,9.524892364171135,40.16520666939552
5.3162868,0.1,26.80292258318887,0.1,63.62646810097078,121.6785427124816,5.8654441950958205,15.766425048934627,67.47695844051894
