Time,Probability,RiskPremium,T0,T1,T2,Z,Expected,CVaR
5.5256204,0.2,18.331347277231846,0.09999999999999432,32.03161328935613,32.03161328935613,5.423355036498187,10.78314545719525,32.031613292579806
6.1049959,0.2,35.70238880144911,0.09999999999999076,54.922034723531354,54.922034723531354,11.308920669378926,21.00140517732305,54.92203472479544
5.1115206,0.2,15.830374228250335,0.09999999999999609,26.447226760659905,26.447226760659905,4.804865195873396,9.311984840147321,26.447226762443968
5.2451518,0.2,16.0006866400379,0.09999999999999432,26.71037076396596,26.71037076396596,4.858697812500997,9.412168611786994,26.710370769286435
4.6500308,0.2,25.398775441794015,0.1,36.703348957459646,36.703348957459646,8.282030017733248,14.940456142231758,36.703348960522206
4.4746548,0.2,42.94928130832079,0.1,62.957594238966536,62.957594238966536,13.915667075371124,25.264283122541663,62.957594226622646
