Time,Probability,RiskPremium,T0,T1,T2,Z,Expected,CVaR
14.7822001,0.1,11.263796731466545,0.09999999999999609,27.245644033409096,27.245644033409096,2.907333961740598,6.257664850814745,27.24564403992696
21.7475986,0.1,20.02893466647654,0.09999999999999076,48.846436210768516,48.846436210768516,5.129823712035071,11.127185925820287,48.8464362120326
30.0713724,0.1,10.180263258877272,0.1,24.08027900602037,24.08027900602037,2.682103728685286,5.655701810487397,24.080279007533377
26.3479348,0.1,10.269514345895926,0.1,24.431297844626425,24.431297844626425,2.6916273879968378,5.705285747719959,24.431297849511086
26.068505,0.1,15.058972195849845,0.1,32.68675932081585,32.68675932081585,4.2608101662098505,8.366095664361055,32.68675931715069
5.2092959,0.1,24.343773050338054,0.1,53.03288098592301,53.03288099173269,6.868598426576732,13.524318361298972,53.03288098592301
