Time,Probability,RiskPremium,T0,T1,T2,Z,Expected,CVaR
64.2729623,0.1,7.53783530345136,0.1,15.505980327451002,15.505980327450999,0.5205755118172428,4.187686279695148,15.505980327451011
60.3168328,0.1,13.90303277492892,0.09999999999999076,29.073162635418736,29.073162635418736,0.8418117928701481,7.723907097182782,29.073162636687034
12.2026603,0.1,7.381806952828961,0.1,14.96755945123936,14.96755945123936,0.5641641930070317,4.101003862682748,14.96755945123936
12.3644531,0.1,7.308401908241049,0.1,14.842673782339235,14.842673782339235,0.5525660008855136,4.060223282356192,14.842673782353575
18.9553615,0.1,14.005156343400072,0.1,28.844100184577563,28.844100184577563,0.9586494884188791,7.780642413000029,28.844100180924617
17.0135456,0.1,23.215034840894937,0.1,48.49259506305961,48.49259506305961,1.418954891423884,12.897241578274883,48.49259506305961
