Time,Probability,RiskPremium,T0,T1,T2,Z,Expected,CVaR
5.3936109,0.05,-8.255962787491929e-12,2.0,0.0,-3.1845320252129264e-9,-5.648835591879713e-12,-4.3452435723641734e-12,4.736951571734002e-17
4.7299432,0.05,4.958979597328531e-12,2.0,3.91497678720043e-9,3.91497678720043e-9,3.3929670924711287e-12,2.6099892617518586e-12,4.736951571734002e-17
4.2756805,0.05,-1.9164727878736205e-12,0.1,0.0,0.0,-1.3112945396187569e-12,-1.0086698883545369e-12,5.921189464667503e-17
4.2665616,0.05,4.730068307405114e-12,2.0,3.7342573477872065e-9,3.7342573477872065e-9,3.2363530522161447e-12,2.4895096354763763e-12,2.368475785867001e-17
4.5786397,0.05,4.642505283906455e-12,2.0,3.6651641721618944e-9,3.6651641721618944e-9,3.1764415098223265e-12,2.4434238336349755e-12,2.368475785867001e-17
4.6229531,0.05,2.7000623958883807e-17,2.0,5.809681624668883e-9,5.809681624668883e-9,-2.889540458757742e-17,1.4210854715202004e-17,1.1842378929335005e-16
