Time,Probability,RiskPremium,T0,T1,T2,Z,Expected,CVaR
24.8921322,0.15,15.999779837843016,0.1,26.123133143747122,26.123133143747122,4.3752412726528025,7.999889918921508,26.123133150265016
29.0328857,0.15,31.466503131438028,0.09999999999999076,48.550564604709564,48.550564604709564,9.1697889578577,15.733251565719005,48.550564605025585
47.2536032,0.15,13.878953399974352,0.1,20.86319167527914,20.86319167527914,4.15473370492881,6.939476699987169,20.863191675279136
20.3148914,0.15,14.068844724656062,0.09999999999999609,21.243098382839236,21.243098382839236,4.192687157928677,7.034422362328026,21.243098384324824
20.5317197,0.15,22.628427574971003,0.1,30.468375362946873,30.468375362946873,7.483381472393298,11.314213787485501,30.468375362946873
11.8701452,0.15,36.70696258191052,0.1,50.550959528104926,50.550959528104926,11.913985643834051,18.353481290955234,50.550959526561925
