Time,Probability,RiskPremium,T0,T1,T2,Z,Expected,CVaR
12.9107644,0.05,-9.994060216437598e-12,2.0,0.0,-3.1845320252129264e-9,-7.386933020825382e-12,-4.3452435723641734e-12,4.736951571734002e-17
10.6812698,0.05,6.002975302029274e-12,2.0,3.91497678720043e-9,3.91497678720043e-9,4.436962797171871e-12,2.6099892617518586e-12,4.736951571734002e-17
22.1550134,0.05,1.391975885667307e-11,0.1,0.0,0.0,-1.8156301943387655e-12,6.052069068118726e-12,3.0260369025351497e-11
16.5781192,0.05,5.725872161595664e-12,2.0,3.7342573477872065e-9,3.7342573477872065e-9,4.2321569064066954e-12,2.4895096354763763e-12,2.368475785867001e-17
14.6711227,0.05,5.6198748173604445e-12,2.0,3.6651641721618944e-9,3.6651641721618944e-9,4.153811043276316e-12,2.4434238336349755e-12,2.368475785867001e-17
12.9236922,0.05,3.268496584496461e-17,2.0,5.809681624668883e-9,5.809681624668883e-9,-2.321106270149662e-17,1.4210854715202004e-17,1.1842378929335005e-16
