Time,Probability,RiskPremium,T0,T1,T2,Z,Expected,CVaR
34.4846317,0.1,10.978113449635162,0.09999999999999432,20.33998138995958,20.33998138995958,1.9723632982967731,5.227673071254846,20.339981391589046
20.406096,0.1,18.45230986975468,0.1,34.31809173093079,34.31809173093079,3.282676269252425,8.786814223692682,34.31809173093079
14.8728621,0.1,10.307811393616218,0.09999999999999609,18.815553117193588,18.815553117193588,1.9225619021229061,4.908481616007732,18.815553117950092
21.5691886,0.1,10.27764382358172,0.1,18.824284480328615,18.824284480328615,1.9009856224277906,4.894116106467491,18.824284485213273
18.5705707,0.1,16.567064685583514,0.09999999999999076,29.36193780163168,29.36193780163168,3.309771419124842,7.889078421706401,29.36193780071539
19.4099239,0.1,27.202206199220672,0.09999999999998721,48.76002083181201,48.76002083181201,5.297127350141258,12.953431523438416,48.760020826002325
