Time,Probability,RiskPremium,T0,T1,T2,Z,Expected,CVaR
25.087242,0.25,24.745218666998305,0.1,63.17809376188807,156.54192510569595,6.248235002858559,15.46576166687393,45.77798163953224
24.1178522,0.25,47.26502721099912,0.1,63.6545343968845,159.2186616820817,13.01393081609684,29.540642006874442,76.6451858871527
21.3724938,0.25,19.422543156005492,0.1,36.7901540834119,70.95489073513308,5.252392980434241,12.139089472503418,32.44969650318193
22.6123748,0.25,19.42619261857276,0.1,36.81050410629964,70.14192940826788,5.275016161000505,12.14137038660799,32.23943109625061
22.9615249,0.25,33.66230890990257,0.1,38.121498083200855,91.54684087940345,9.308345741068912,21.038943068689104,54.18914407013498
20.2282993,0.25,58.91263563137533,0.1,63.62646810097078,169.065317266968,16.3373918453879,36.820397269609536,94.36886243338787
