Time,Probability,RiskPremium,T0,T1,T2,Z,Expected,CVaR
14.2987548,0.15,25.93941398982213,0.1,63.178093761888086,109.79111751075698,5.987343311328797,10.375765595928852,37.736637260398794
15.1189496,0.15,46.36306397391959,0.1,63.6545343968845,159.2186616820817,12.418264268218842,18.54522558956784,62.54400877851889
14.6130413,0.15,21.320284256955453,0.1,36.7901540834119,61.68383187206888,5.755958096848122,8.528113702782191,28.631577866568378
14.262789,0.15,21.325995315303892,0.1,36.81050410629964,59.60930820403673,5.7990758904439605,8.530398126121549,28.520458979659754
13.5721072,0.15,33.98417622750768,0.1,38.121498083200855,91.54684087940345,10.535211274274973,13.59367049100308,41.75165466880207
12.3354545,0.15,57.26405918595251,0.1,63.62646810097078,169.06531726696798,16.79346861596773,22.905623674380998,73.09124337610605
