Time,Probability,RiskPremium,T0,T1,T2,Z,Expected,CVaR
89.2046388,0.25,22.802735512321544,0.1,25.53593041433237,25.53593041433237,7.160998957742226,11.401367756160772,25.535930417556024
50.4234375,0.25,47.850369435864295,0.1,48.620222246358644,48.620222246358644,16.51667345940415,23.925184717932144,48.620222246358644
16.01855,0.25,19.7078624374334,0.1,21.274268848014675,21.274268848014675,6.427829929927267,9.8539312187167,21.274268848014675
10.1618988,0.25,20.44544361678511,0.09999999999999609,22.769160241542284,22.769160241542284,6.458790278447695,10.222721808392555,22.769160241542284
38.0341467,0.25,33.11522727846754,0.09999999999999076,31.9794873121845,31.9794873121845,11.931051536429829,16.55761363923377,31.97948731524708
17.3588497,0.25,55.883034740407886,0.1,50.31408156353092,50.31408156353092,21.229748114057188,27.941517370203915,50.31408155735897
