Time,Probability,RiskPremium,T0,T1,T2,Z,Expected,CVaR
13.4096541,0.1,16.78183868189279,0.1,32.677066249631146,32.677066249631146,7.472670130796511,6.712735472757114,32.67706625614901
12.4790875,0.1,29.481268014015164,0.1,57.25130700082651,57.25130700082651,13.142880828887064,11.79250720560607,57.25130700082651
13.2254351,0.1,14.815121178251928,0.09999999999999609,27.251183730803984,27.251183730803984,6.756559180963004,5.926048471300783,27.251183731182234
15.4268983,0.1,15.034960772192274,0.09999999999999609,28.032134265327727,28.032134265327727,6.819161467181809,6.013984308876902,28.03213427021239
14.8036821,0.1,21.59226694227428,0.09999999999999076,35.7556193474402,35.7556193474402,10.243488908678074,8.636906776909715,35.75561934377504
12.4799374,0.1,35.50708328691569,0.1,60.70508620466187,60.70508620466187,16.65402468315982,14.202833314766254,60.70508620466187
