Time,Probability,RiskPremium,T0,T1,T2,Z,Expected,CVaR
20.3535169,0.15,14.726488921378474,0.1,24.69846976618554,24.69846976618554,3.5861680525731536,7.750783642830827,24.698469772703433
51.0421529,0.15,29.7647152359524,0.1,48.167564026199436,48.167564026199386,7.598690752416756,15.66563959786953,48.167564026199464
30.871162,0.15,12.93405595716409,0.09999999999999609,20.10349611124976,20.10349611124976,3.4674384370095357,6.807397872191627,20.103496112006262
22.9951135,0.15,13.070634720904028,0.09999999999999432,20.342004357665445,20.342004357665445,3.4988087034300226,6.879281432054743,20.342004359151034
7.2266164,0.15,21.249830934668527,0.1,29.72463258159749,29.72463258159749,6.357607182086605,11.184121544562396,29.72463258466007
10.4882378,0.15,34.41553929017937,0.1,49.15365934996983,49.15365934996983,10.094054036081127,18.11344173167335,49.15365934379785
