Time,Probability,RiskPremium,T0,T1,T2,Z,Expected,CVaR
14.3117624,0.1,15.504303952409757,0.1,21.006152581553955,21.006152581553955,3.894055892544552,5.346311707727481,21.00615258807182
29.1649877,0.1,25.906852929611553,0.09999999999999076,35.12151810364307,35.12151810364307,6.498207150487625,8.933397561935012,35.121518104907146
61.5320427,0.1,14.51355335420029,0.09999999999999609,19.35711680301233,19.35711680301233,3.767902490141855,5.004673570413884,19.35711680452534
34.9270059,0.1,14.488103576912525,0.1,19.39410895072001,19.39410895072001,3.732921323585337,4.995897785142227,19.394108955604665
8.4563507,0.1,22.986871837236254,0.09999999999999076,29.572973123724438,29.572973123724438,6.401778071163748,7.926507530081392,29.572973120059274
28.7961786,0.1,37.59998711120489,0.1,48.828142869858155,48.828142869858155,10.289422285158546,12.965512796967248,48.8281428696648
