Time,Probability,RiskPremium,T0,T1,T2,Z,Expected,CVaR
10.8404076,0.1,0.0,2.0,0.0,0.0,-0.0,0.0,0.0
9.920766,0.1,0.0,2.0,0.0,0.0,-0.0,0.0,0.0
10.3939045,0.1,0.0,2.0,0.0,0.0,-0.0,0.0,0.0
11.303607,0.1,0.0,2.0,0.0,0.0,-0.0,0.0,0.0
11.3894097,0.1,0.0,2.0,0.0,0.0,-0.0,0.0,0.0
7.8693337,0.1,0.0,2.0,0.0,0.0,-0.0,0.0,0.0
