Time,Probability,RiskPremium,T0,T1,T2,Z,Expected,CVaR
37.7326796,0.15,22.453916574551656,0.1,26.24114873747758,26.24114873747758,8.056998166489455,8.019255919482788,26.241148743995474
16.7133806,0.15,44.10428129625188,0.09999999999998721,48.66723537665776,48.66723537665776,16.832255041634962,15.751529034375734,48.66723537792184
10.3249899,0.15,19.584203396601445,0.09999999999999609,21.196014978715905,21.196014978715905,7.61926522269699,6.994358355929088,21.196014978715905
23.0967574,0.15,19.87368144939576,0.09999999999999609,21.627616249019013,21.627616249019013,7.690482566549598,7.0977433747841925,21.627616254961374
25.462266,0.15,31.751512149848605,0.1,30.624725141252746,30.624725141252746,13.66197160026622,11.33982576780312,30.624725144315327
25.8790449,0.15,51.51993132563613,0.09999999999998721,50.83345130528042,50.83345130528042,21.768239311590982,18.39997547344155,50.83345130373743
