Time,Probability,RiskPremium,T0,T1,T2,Z,Expected,CVaR
18.6117673,0.2,31.429967857486098,0.1,63.17809376188807,156.54192510569598,15.429723348178388,13.095819940619208,42.140065627504306
28.9298912,0.2,58.051994986045436,0.1,63.6545343968845,159.2186616820817,29.361427123989156,24.188331244185548,69.21069742289262
30.0942752,0.2,24.952086371141746,0.1,36.7901540834119,70.95489073513308,12.492460532474778,10.396702654642404,31.02593449488825
24.0244698,0.2,24.9573527056349,0.1,36.81050410629964,70.1419294082679,12.524077456167202,10.3988969606812,30.742679848546288
21.8634386,0.2,41.722901332392496,0.1,38.121498083200855,91.54684087940345,21.30641183752299,17.384542221830234,47.70401495222346
17.4829769,0.2,71.82721441268458,0.1,63.62646810097078,169.065317266968,36.52045793332072,29.92800600528522,83.71551074607174
