Time,Probability,RiskPremium,T0,T1,T2,Z,Expected,CVaR
14.9286874,0.15,29.052143668600763,0.1,63.178093761888086,109.79111751075698,15.940290906224922,10.375765595928852,37.736637260398794
16.1633347,0.15,51.92663165079002,0.1,63.6545343968845,159.2186616820817,28.98152774232709,18.54522558956784,62.54400877851889
15.0382541,0.15,23.878718367790107,0.1,36.7901540834119,61.68383187206888,13.340258248629317,8.528113702782191,28.631577866568378
12.6394265,0.15,23.885114753140368,0.1,36.81050410629964,59.60930820403673,13.355710541664987,8.530398126121549,28.520458979659754
13.6890551,0.15,38.06227737480859,0.1,38.121498083200855,91.54684087940345,21.652808466025657,13.59367049100308,41.75165466880207
12.9531588,0.15,64.13574628826684,0.1,63.62646810097078,169.06531726696798,36.21156064371334,22.905623674380998,73.09124337610605
