Time,Probability,RiskPremium,T0,T1,T2,Z,Expected,CVaR
18.3480151,0.2,34.049131845609935,0.1,63.17809376188807,156.54192510569598,14.712626989538585,13.095819940619208,54.70038604363338
18.5987729,0.2,62.88966123488254,0.1,63.6545343968845,159.2186616820817,29.379612459191982,24.188331244185548,86.3331147875522
22.478492,0.2,27.031426902070226,0.1,36.7901540834119,70.95489073513308,12.622254282561228,10.396702654642404,37.14650242041974
25.0262995,0.2,27.037132097771124,0.1,36.81050410629964,70.1419294082679,12.729780745606245,10.3988969606812,36.45525957057242
18.9737265,0.2,45.19980977675854,0.1,38.121498083200855,91.54684087940345,21.431818281428008,17.384542221830234,59.9408707118324
16.9965739,0.2,77.81281561374156,0.1,63.62646810097078,169.065317266968,36.721063148590275,29.92800600528522,104.35298240439263
