Time,Probability,RiskPremium,T0,T1,T2,Z,Expected,CVaR
32.1140493,0.2,17.126151237650525,0.09999999999999609,24.384998130962202,24.384998130962202,3.894005355082887,9.51452846536154,24.384998134185878
49.0653874,0.2,35.64302567170556,0.1,47.39548676527989,47.395486765279884,8.942893283525605,19.801680928725347,47.39548676654397
43.7574399,0.2,13.877731716137712,0.10000000713625212,17.878108302414738,17.878108302414738,3.6258164236925747,7.709850953409965,17.87810830955099
8.291707,0.2,13.95603552282616,0.1,17.806256609387674,17.806256609387674,3.689456567971501,7.753353068236841,17.806256614708147
16.768928,0.2,24.612319341711625,0.1,29.23014353906576,29.23014353906576,7.049650397707253,13.67351074539531,29.230143539831406
28.1013269,0.2,41.23455173535713,0.1,48.66633179778012,48.66633179778012,11.88690556284673,22.908084297420682,48.66633179778031
