Time,Probability,RiskPremium,T0,T1,T2,Z,Expected,CVaR
45.7211076,0.2,19.21425285016622,0.09999999999999609,24.780178990728132,24.780178990728132,5.055210654422453,9.607126425083104,24.780178993951807
35.8629181,0.2,39.79452629622756,0.09999999999999076,47.80250296627748,47.80250296627748,11.525691202569892,19.89726314811378,47.8025029665935
19.7986432,0.2,15.809339877858857,0.1,18.70599725959325,18.70599725959325,4.664271742730237,7.904669938929423,18.70599725959325
46.0937261,0.2,15.934844684872031,0.09999999999999609,18.716580308696194,18.716580308696194,4.7426749521589215,7.9674223424360155,18.716580310026313
34.8793325,0.2,27.391954752890122,0.10000000612504678,29.326265092138946,29.326265092138946,9.006891060817997,13.695977376445041,29.326265095201524
38.5529765,0.2,45.856266429304235,0.1,48.751694969404376,48.751694969404376,15.181064690078196,22.928133214652117,48.75169496323243
