Time,Probability,RiskPremium,T0,T1,T2,Z,Expected,CVaR
80.4198374,0.2,16.20572795931282,0.09999999999999609,18.956852047775044,18.956852047775044,3.7612687511194878,8.102863979656407,18.95685205099872
69.3156675,0.2,39.31379111200045,0.09999999999999076,46.858318624068005,46.858318624068005,8.776326328646658,19.656895556000226,46.858318624384026
81.9599058,0.2,13.604950508722645,0.1,14.350721866492972,14.350721866492975,3.7831766095086,6.8024752543613225,14.350721866492982
10.1941914,0.2,13.74468313350926,0.1,14.33235629383187,14.33235629383187,3.8883356759237175,6.87234156675463,14.33235629383187
27.0373028,0.2,27.082972506324246,0.1,28.722359724913147,28.722359724913147,7.469136864155475,13.54148625316212,28.722359725678796
20.9723708,0.2,45.657514811463436,0.1,48.36584975757714,48.36584975757714,12.613920462524842,22.828757405731714,48.365849763749075
