Time,Probability,RiskPremium,T0,T1,T2,Z,Expected,CVaR
9.3718991,0.05,-7.386914073019094e-12,2.0,-3.1845320252129264e-9,-3.1845320252129264e-9,-3.693457036509547e-12,-4.3452435723641734e-12,0.0
6.1927731,0.05,4.436973692160487e-12,2.0,3.91497678720043e-9,3.91497678720043e-9,2.2184868460802435e-12,2.6099845248002867e-12,0.0
3.7063407,0.05,-1.714750889429221e-12,0.1,0.0,0.0,-8.573754447146105e-13,-1.0086769937818947e-12,0.0
3.6412652,0.05,0.0,2.0,0.0,0.0,-0.0,0.0,0.0
3.5671123,0.05,4.153852728450146e-12,2.0,3.6651641721618944e-9,3.6651641721618944e-9,2.076926364225073e-12,2.443442781441263e-12,0.0
3.701396,0.05,0.0,2.0,5.809681624668883e-9,5.809681624668883e-9,-0.0,0.0,0.0
