Time,Probability,RiskPremium,T0,T1,T2,Z,Expected,CVaR
11.8943497,0.1,0.0,2.0,0.0,0.0,-0.0,0.0,0.0
10.5860133,0.1,0.0,2.0,0.0,0.0,-0.0,0.0,0.0
10.3192029,0.1,0.0,2.0,0.0,0.0,-0.0,0.0,0.0
11.0062189,0.1,0.0,2.0,0.0,0.0,-0.0,0.0,0.0
12.5600598,0.1,0.0,2.0,0.0,0.0,-0.0,0.0,0.0
14.3794232,0.1,0.0,2.0,0.0,0.0,-0.0,0.0,0.0
