Time,Probability,RiskPremium,T0,T1,T2,Z,Expected,CVaR
15.7793413,0.2,20.18864809720723,0.1,23.002398954383978,23.002398954383978,5.481693579851594,9.17665822600339,23.002398954383978
32.2936308,0.2,43.52419917279368,0.1,47.32203959971069,47.322039599710685,12.72514719487466,19.783726896724552,47.32203959971069
34.3822689,0.2,16.27967331619952,0.1,16.614745561879516,16.614745561879513,5.193864187016979,7.399851507363406,16.614745561911228
54.1134657,0.2,16.209346141585264,0.1,16.226304036665738,16.226304036665738,5.298093761032138,7.367884609811432,16.226304036665734
44.1157519,0.2,30.005966121333554,0.1,29.08896694203277,29.08896694203277,10.186934038702248,13.639075509697118,29.08896694203277
25.788845,0.2,50.3489390933522,0.1,48.57525563762771,48.57525563762771,17.187307994659577,22.885881406069206,48.57525563762771
