Time,Probability,RiskPremium,T0,T1,T2,Z,Expected,CVaR
21.9996102,0.2,27.462008868229557,0.1,38.17712921742439,38.17712921742439,12.009311344784651,11.442503695095638,38.17712921742439
18.7608227,0.2,51.62845498704908,0.1,59.57374193216461,59.57374193216461,24.407315889121655,21.51185624460369,59.57374193342869
16.8011073,0.2,22.803131726159467,0.1,28.19901597836657,28.19901597836657,10.497170175319255,9.50130488589974,28.19901598550282
36.5505617,0.2,22.935091899596088,0.09999999999999432,28.032134264891916,28.032134264891916,10.60742671129066,9.55628829149833,28.03213427021239
16.3967295,0.2,39.83158096986082,0.1,38.121498083200855,52.06670937365969,17.914556303652855,16.596492070775376,52.06670937365969
14.3329902,0.2,69.63726357095324,0.1,63.62646810097078,95.22985354856623,30.689588023955793,29.015526487897294,95.22985354856623
