Time,Probability,RiskPremium,T0,T1,T2,Z,Expected,CVaR
25.1209247,0.25,24.714430537161768,0.1,24.83479388241232,24.83479388241232,8.040213746789169,11.233832062346272,24.83479388241232
43.1526284,0.25,52.55502167613548,0.09999999999999432,48.467872075618835,48.467872075618835,18.83468511552717,23.888646216425524,48.46787207688292
19.5182323,0.25,20.805027671767498,0.1,19.627947493006275,19.627947494157624,7.279750218628333,9.45683075989427,19.627947493006275
22.4430572,0.25,21.209629347279062,0.1,20.342004359151026,20.342004359151026,7.288383236178894,9.640740612399581,20.342004359151026
21.0695802,0.25,35.41044955418866,0.1,30.042075856368673,30.042075856368673,13.736223877455505,16.095658888267423,30.042075859431254
14.6229746,0.25,60.71092300785179,0.1,48.847447667525294,48.847447667525294,24.614419484155004,27.595874094477733,48.847447667525294
