Time,Probability,RiskPremium,T0,T1,T2,Z,Expected,CVaR
18.8050372,0.1,11.007201852254514,0.1,21.93060784247721,21.93060784247721,2.218199541553672,5.503600926127257,21.930607848995077
13.3686455,0.1,18.608665390921562,0.1,37.3100065344459,37.3100065344459,3.7031979274109403,9.30433269546078,37.31000653570998
13.7406038,0.1,10.19295412357189,0.09999999999999609,19.89955744955127,19.89955744955127,2.1358609839302884,5.096477061785945,19.899557451064286
22.8932189,0.1,10.239015887422843,0.1,20.121453798186995,20.121453798186995,2.1191187728163263,5.11950794371142,20.121453798186995
23.2442574,0.1,15.911453198855668,0.1,29.745202503192946,29.745202503192946,3.597831418674816,7.955726599427834,29.745202503192946
17.7423456,0.1,25.941729595736664,0.1,48.8598199923667,48.8598199923667,5.793073760130559,12.970864797868328,48.85981998655702
