Time,Probability,RiskPremium,T0,T1,T2,Z,Expected,CVaR
16.3639013,0.2,14.67058657564876,0.09999999999999609,20.868601085004723,20.868601085004723,2.9811186974937494,8.629756809205118,20.868601085004723
6.2855563,0.2,33.59344841185345,0.09999999999999432,47.23200136385249,47.23200136385249,6.964809065344898,19.760852006972318,47.232001365116574
4.9559082,0.2,12.075405566943262,0.1,15.45693914666979,15.45693914666979,2.883785971330281,7.103179745260654,15.45693914666979
13.3397469,0.2,12.022504524378805,0.1,15.065322838481508,15.065322838481508,2.9521276984017097,7.072061484928691,15.065322849122458
6.8959973,0.2,23.113735174910936,0.09999999999999076,28.922347172293268,28.922347172293268,5.6859122750678575,13.596314808771185,28.922347173058913
30.989434,0.2,38.891429264252295,0.09999999999999432,48.54250862591264,48.54250862591264,9.597818610375239,22.877311331912907,48.54250861976813
