Time,Probability,RiskPremium,T0,T1,T2,Z,Expected,CVaR
41.935503,0.15,10.11114939226185,0.1,17.953632851467965,17.953632851467965,1.4648481245331542,6.319468370163698,17.95363285798867
63.4860325,0.15,20.35431161889711,0.1,35.76595215611812,35.76595215611812,3.023965378224971,12.721444761810632,35.76595215611812
22.2151322,0.15,9.084053568568706,0.09999999999999609,14.841586243035964,14.841586243035964,1.5737095356770772,5.6775334803554,14.841586243036444
14.3349691,0.15,9.135706239216299,0.1,14.887640922219328,14.887640922219328,1.5903249351642639,5.709816399510165,14.887640922219328
26.7102683,0.15,17.59953075205711,0.1,28.840555421209114,28.840555421209114,3.0316542911740836,10.99970672003577,28.840555424271695
39.331471,0.15,28.76345646240411,0.1,48.48645865124964,48.48645865124964,4.684436500955652,17.977160289002544,48.48645865123169
