Time,Probability,RiskPremium,T0,T1,T2,Z,Expected,CVaR
40.8094168,0.15,19.119684269132723,0.1,24.14262525328976,24.14262525328976,5.69864752050683,7.647873707653163,24.14262525328976
32.2412092,0.15,39.060498603848146,0.1,47.94396150699992,47.94396150699992,12.124382439397541,15.624199441539263,47.94396150699992
57.2561527,0.15,16.674322714074375,0.10000000000000497,19.359000421798477,19.359000421798477,5.563348660256101,6.6697290856296725,19.35900042331148
42.806601,0.15,16.85725564727271,0.1,19.60616943823526,19.60616943823526,5.612209873519559,6.742902258909089,19.606169444177628
13.3952848,0.15,27.868967507599123,0.1,29.52766853165092,29.52766853165092,10.288351968473549,11.147587003039684,29.527668534713502
38.2705763,0.15,45.15122081506676,0.1,48.86761659588326,48.86761658353924,16.308237598910505,18.06048832602678,48.86761658353932
