Time,Probability,RiskPremium,T0,T1,T2,Z,Expected,CVaR
25.2913953,0.25,40.21098033387221,0.1,63.17809376188807,156.54192510569595,21.71399666973243,15.46576166687393,45.77798163953224
25.53061,0.25,76.80566921787369,0.1,63.6545343968845,159.2186616820817,42.554572822971416,29.540642006874442,76.6451858871527
22.8615184,0.25,31.56163262850889,0.1,36.7901540834119,70.95489073513308,17.391482452937638,12.139089472503418,32.44969650318193
23.02622,0.25,31.567563005180766,0.1,36.81050410629964,70.14192940826788,17.41638654760851,12.14137038660799,32.23943109625061
22.7275196,0.25,54.701251978591635,0.1,38.121498083200855,91.54684087940345,30.347288809758,21.038943068689104,54.18914407013498
19.9749175,0.25,95.73303290098482,0.1,63.62646810097078,169.065317266968,53.15778911499744,36.820397269609536,94.36886243338787
