Time,Probability,RiskPremium,T0,T1,T2,Z,Expected,CVaR
13.3177878,0.1,20.045849893436834,0.1,63.178093761888086,109.79111751075695,7.2383590077285405,7.7099422667064745,41.693599726718645
13.8973002,0.1,33.24116508498158,0.1,63.6545343968845,159.2186616820817,12.56166708064325,12.785063494223687,65.414626894988
11.7387671,0.1,16.892179136454835,0.1,36.7901540834119,61.683831872068886,6.499741659233571,6.496991975559554,32.46662865330432
11.4682123,0.1,16.897900710945585,0.1,36.81050410629964,58.73116960119909,6.524171703761921,6.499192581132909,32.32943542147129
15.6853383,0.1,24.764720146844954,0.1,38.121498083200855,75.85949867597274,10.030528123435992,9.524892364171135,44.25355675909002
13.6164374,0.1,40.99270512723004,0.1,63.62646810097078,121.6785427124816,16.286578915348667,15.766425048934627,75.36443280191288
