Time,Probability,RiskPremium,T0,T1,T2,Z,Expected,CVaR
80.7801561,0.25,18.648527381145737,0.1,26.72582137043723,26.72582137043723,4.732624004225579,11.655329613216074,26.725821371243146
21.5998513,0.25,38.74932831735972,0.0999999999999801,50.033626844529174,50.033626844529174,10.658703622083182,24.218330198349687,50.033626844529174
21.9590663,0.25,16.74427811028078,0.09999999999999609,24.080279006020376,24.080279006020376,4.236838513463788,10.465173818925381,24.080279004869027
22.186162,0.25,16.860907535200855,0.1,24.222915213089134,24.222915213089134,4.270113125517183,10.53806720950058,24.22291521072142
8.6268157,0.25,27.530526479337812,0.09999999999999076,35.02804043343514,35.02804043343514,7.650728221715008,17.206579049586086,35.02804043649772
6.8115234,0.25,46.54134624080405,0.1,55.70858308785318,55.70858308785318,13.459968587198766,29.08834140050245,55.70858308785318
