Time,Probability,RiskPremium,T0,T1,T2,Z,Expected,CVaR
14.1780583,0.1,20.81684412010748,0.1,63.178093761888086,109.79111751075695,7.346546052578598,7.7099422667064745,36.51172127081854
14.9706172,0.1,34.51967143440395,0.1,63.6545343968845,159.2186616820817,12.322548980992881,12.785063494223687,59.84535829016043
15.7380389,0.1,17.541878334010793,0.1,36.7901540834119,61.683831872068886,6.507211781208876,6.496991975559554,29.185364861771397
12.7371458,0.1,17.547819969058878,0.1,36.81050410629964,58.73116960119909,6.492729796034145,6.499192581132909,29.278680540592017
12.1426123,0.1,25.717209383262055,0.1,38.121498083200855,75.85949867597274,10.064254158046058,9.524892364171135,40.16520666939552
12.7874523,0.1,42.56934763212347,0.1,63.62646810097078,121.6785427124816,16.46081590487197,15.766425048934627,67.47695844051894
