Time,Probability,RiskPremium,T0,T1,T2,Z,Expected,CVaR
23.6437123,0.25,46.397285000621814,0.1,63.17809376188807,156.54192510569595,22.103775199845128,15.46576166687393,59.60450233638771
22.5074005,0.25,88.62192602062345,0.1,63.6545343968845,159.2186616820817,45.553956366171214,29.540642006874442,97.1772802447629
34.117606,0.25,36.41726841751025,0.1,36.7901540834119,70.95489073513308,18.943459216527387,12.139089472503418,38.81268811490056
26.7463735,0.25,36.424111159823994,0.1,36.81050410629964,70.14192940826788,19.065201449315918,12.14137038660799,38.22906700610842
24.5564397,0.25,63.11682920606738,0.1,38.121498083200855,91.54684087940345,33.805919438798206,21.038943068689104,62.39877656158932
21.2946415,0.25,110.46119180882881,0.1,63.62646810097078,169.065317266968,59.26433204555136,36.820397269609536,108.70270973794835
