Time,Probability,RiskPremium,T0,T1,T2,Z,Expected,CVaR
14.1486549,0.1,7.9790765909252395,0.1,17.716216790614336,17.716216790614336,0.6809736619058511,4.693574465250124,17.716216784096467
10.5181136,0.1,13.26993101382058,0.09999999999999076,29.430822320844637,29.430822320844637,1.1390931311300638,7.805841772835594,29.430822322110323
9.460261,0.1,7.285752525806574,0.1,15.77762028829175,15.77762028829175,0.7016390439366051,4.285736779886238,15.777620289804787
10.107763,0.1,7.152871142240082,0.09999999999999609,15.488082330256178,15.488082330256178,0.6891976680156153,4.207571260141232,15.488082330557399
7.8495407,0.1,13.2690457682743,0.1,28.952016656454695,28.952016656454695,1.2343856055873434,7.805321040161321,28.95201665278953
15.9689073,0.1,21.957515298527465,0.1,48.57410577515166,48.57410577515166,1.9097457688814976,12.91618546972214,48.574105769341976
