Time,Probability,RiskPremium,T0,T1,T2,Z,Expected,CVaR
62.8991625,0.15,19.911863088025026,0.1,25.91349874345311,25.91349874345311,6.562491799377529,7.964745235210008,25.913498746668324
26.1820516,0.15,39.36297446326252,0.1,48.625721098315445,48.625721098315445,13.753625283675074,15.745189785305028,48.62572109957953
15.526122,0.15,17.34869175059844,0.1,20.863191676792134,20.863191676792134,6.232100557393295,6.9394767002393385,20.863191676792134
10.376477,0.15,17.586055905941457,0.1,21.243098384324817,21.243098384324817,6.289030736980451,7.034422362376554,21.243098384324824
9.5853586,0.15,28.285534468713738,0.1,30.468375362946876,30.468375362946876,11.225072208589765,11.314213787485501,30.468375362946876
11.1077152,0.15,45.96267390876333,0.09999999999999432,50.74237742134282,50.74237742134282,17.870411989758317,18.38506956350523,50.74237741517085
