Time,Probability,RiskPremium,T0,T1,T2,Z,Expected,CVaR
14.2727544,0.1,8.8536691049567,0.09999999999999609,14.833684776574238,14.833684776574238,0.5055581630953244,4.024395047707571,14.833684783092103
18.7117475,0.1,16.87687978446895,0.09999999999999076,28.85744050756155,28.85744050756155,0.7311181856800518,7.671308992940493,28.85744050756155
41.3840335,0.1,8.717743688621267,0.1,14.399627737720085,14.399627737720085,0.580326133000123,3.9626107675551094,14.399627737720085
10.625522,0.1,8.685086543857016,0.09999999999999609,14.37931410226178,14.37931410226178,0.5647009344920286,3.9477666108440688,14.379314107146442
42.4429601,0.1,17.086195356283,0.1,28.785467362347234,28.785467362347234,0.9121369520057011,7.766452434674198,28.78546735868207
18.2816258,0.1,28.344517268213597,0.1,48.43744210840152,48.43744210840152,1.2392175358459085,12.883871485551666,48.43744210259184
