Time,Probability,RiskPremium,T0,T1,T2,Z,Expected,CVaR
43.8138137,0.2,22.801720047123137,0.1,32.648282210811914,32.648282210811914,8.675210076896544,10.857961927201465,32.64828221403559
40.5626586,0.2,44.24547785056652,0.1,55.47649088780818,55.47649088780818,18.015120325499215,21.069275166936364,55.47649088780818
22.4537976,0.2,19.608113755432367,0.09999999999999432,26.65407730550879,26.65407730550879,7.673384686098724,9.33719702639638,26.65407731264504
18.4019544,0.2,19.835954831891932,0.09999999999999432,26.984827204530582,26.984827204530582,7.759391890626146,9.445692777091356,26.98482720492075
10.6203551,0.2,31.5765479883084,0.1,37.483809065126785,37.483809065126785,13.172992918985992,15.03645142300399,37.483809065126785
7.9611604,0.2,53.153493083234466,0.1,63.340848892382766,63.340848892382766,22.13785664425834,25.311187182492485,63.340848892382766
