Time,Probability,RiskPremium,T0,T1,T2,Z,Expected,CVaR
16.1158272,0.1,17.62868237140938,0.1,30.062816210233365,30.062816210233365,7.56948956271222,6.529141619040545,30.06281621675123
15.7543168,0.1,30.897155734348942,0.09999999999998721,52.33140063169799,52.33140063169799,13.32056327859107,11.443391012721861,52.33140063296207
11.8202183,0.1,15.745775133550085,0.1,25.935647724602887,25.935647724602887,6.898424691848404,5.831768567981516,25.935647726115903
14.9333137,0.1,15.908471373665595,0.1,26.34873132297082,26.34873132297082,6.94793920499994,5.892026434690984,26.348731327855475
18.5891941,0.1,23.188281384817763,0.1,34.99469896446059,34.99469896446059,10.639062030655888,8.588252364747316,34.994698960844296
12.4593868,0.1,37.95690394541267,0.1,58.630070058790736,58.630070058790736,17.21299775094667,14.058112572375057,58.630070052981054
