Time,Probability,RiskPremium,T0,T1,T2,Z,Expected,CVaR
65.3694277,0.25,27.980809909989055,0.1,26.74252728752992,26.74252728430627,11.042789343193204,11.65867079582877,26.74252728430627
22.2014273,0.25,58.123992476039746,0.09999999999998366,50.03362684452917,50.03362684452917,24.870308451527244,24.218330198349687,50.03362684452917
42.1746045,0.25,25.09334351574233,0.1,24.03204813407421,24.03204813407421,9.886012800775443,10.455559798225943,24.032048131771514
24.8992984,0.25,25.291361303948438,0.09999999999999609,24.22291521368106,24.22291521368106,9.963597292881198,10.538067209978458,24.22291521308913
16.5334456,0.25,41.28766436478589,0.09999999999999432,35.01068615287881,35.01068615287881,17.851848444743506,17.203193485327525,35.01068615594139
14.4688818,0.25,69.81201936120664,0.09999999999999432,55.708583087853185,55.708583087853185,31.406593370131503,29.08834140050245,55.708583087853185
