Time,Probability,RiskPremium,T0,T1,T2,Z,Expected,CVaR
41.5112008,0.15,20.226806305562906,0.1,24.857686895611025,24.857686895611025,6.469914313427051,7.779540886754925,24.85768690212891
22.2104771,0.15,40.79876713745923,0.09999999999999076,48.31267646225462,48.31267646225462,13.689638591194806,15.691833514407325,48.31267646257064
13.6270342,0.15,17.77531401466071,0.1,20.265785666820804,20.265785666820804,6.238460527608257,6.836659236408,20.26578566682081
63.6275498,0.15,17.889848349269222,0.1,20.34992467560382,20.34992467560382,6.294912625490528,6.880710903565111,20.34992467560382
12.0092408,0.15,29.13129564915024,0.1,29.83640076969486,29.83640076969486,11.40573146746952,11.204344480442431,29.83640076969486
24.8499047,0.15,47.12925362975466,0.09999999999998721,49.226693239095894,49.226693239095894,18.11759759079264,18.126636011444074,49.22669323292392
