Time,Probability,RiskPremium,T0,T1,T2,Z,Expected,CVaR
18.9088621,0.2,28.641188262961563,0.1,28.02180729244931,28.02180729244931,12.184915390964166,10.22899580820049,28.021215990477323
13.9427019,0.2,56.44786779389572,0.09999999999999076,49.14726220793236,49.14726220793236,26.14235671137986,20.159952783534084,49.14726220919642
15.5068255,0.2,25.26724328239285,0.09999999999999609,24.49453828161184,24.49453828161184,10.828544835472696,9.024015457997471,24.494538283491053
16.8809615,0.2,25.494553243484646,0.09999999999999609,24.57388183365268,24.57388183365268,10.975316169717395,9.10519758695883,24.573881834982803
15.1355017,0.2,40.45023737347626,0.1,33.26401565548158,33.26401565548158,19.417598218072186,14.446513347670152,33.26401565548158
14.3756336,0.2,67.76751949718616,0.1,55.70858308785319,55.70858308785319,32.53776981887667,24.20268553470921,55.70858308785319
