Time,Probability,RiskPremium,T0,T1,T2,Z,Expected,CVaR
52.3886216,0.2,19.217221000766397,0.1,24.78661284318518,24.78661284318518,5.055209796575541,9.608610500383195,24.786612846408854
28.945962,0.2,39.79452629615886,0.09999999999999076,47.80250296596146,47.80250296596146,11.525691202620067,19.89726314807942,47.80250296627748
17.1541041,0.2,15.809339877858857,0.1,18.70599725959325,18.70599725959325,4.664271742730237,7.904669938929423,18.70599725959325
21.9982011,0.2,15.93886924321584,0.1,18.72530405817956,18.72530405817956,4.742673789040361,7.969434621607911,18.725304063500033
22.2611463,0.2,27.389996969522798,0.09999999999999076,29.322021345109285,29.322021345109285,9.00689162665701,13.694998484761399,29.322021345109285
24.6599058,0.2,45.85626643499549,0.1,48.75169497557626,48.75169497557626,15.181064690074223,22.92813321749773,48.75169497557632
