Time,Probability,RiskPremium,T0,T1,T2,Z,Expected,CVaR
64.7815721,0.25,22.79764705932194,0.1,25.524900530233992,25.524900530233992,7.161000428521901,11.398823529660968,25.52490053345764
64.1079294,0.25,47.850369435864295,0.09999999999999076,48.620222246358644,48.620222246358644,16.51667345940415,23.925184717932144,48.620222246358644
10.881286,0.25,19.7078624374334,0.1,21.274268848014675,21.274268848014675,6.427829929927267,9.8539312187167,21.274268848014675
6.898169,0.25,20.44544361678511,0.09999999999999609,22.769160241542284,22.769160241542284,6.458790278447695,10.222721808392555,22.769160241542284
14.806004,0.25,33.11522727846754,0.09999999999999998,31.979487315247084,31.97948731524708,11.931051536429829,16.55761363923377,31.97948731524708
20.4166391,0.25,55.883034740407886,0.1,50.31408156353092,50.31408156353092,21.229748114057188,27.941517370203915,50.314081557358975
