Time,Probability,RiskPremium,T0,T1,T2,Z,Expected,CVaR
13.0758803,0.05,8.18009747431097,0.1,63.178093761888086,109.79111751075692,1.0603830059291983,4.544498596839426,30.29665731226287
12.3514414,0.05,12.492131014965414,0.1,63.6545343968845,119.67234110440711,1.6193503167547834,6.940072786091891,46.267151907279256
11.9515915,0.05,7.1157112971895735,0.1,36.7901540834119,61.68383187206887,0.922407020006059,3.953172942883093,26.35448628588731
11.3229074,0.05,7.119455128399386,0.1,36.81050410629964,58.05967081709798,0.9228923314591826,3.9552528491107646,26.3683523274051
26.3989295,0.05,9.265933700513527,0.1,38.12149808320086,75.85949867597273,1.2011395537702712,5.147740944729735,34.31827296486488
12.3393853,0.05,15.237534685485615,0.1,63.6264681009708,121.67854271248154,1.975235977748136,8.465297047492005,56.4353136499467
