Time,Probability,RiskPremium,T0,T1,T2,Z,Expected,CVaR
11.1933775,0.05,-8.255962787491929e-12,2.0,-3.1845320252129264e-9,-3.1845320252129264e-9,-4.77976792960059e-12,-4.3452435723641734e-12,0.0
13.400078,0.05,0.0,2.0,0.0,0.0,-0.0,0.0,0.0
10.3660245,0.05,-1.9164862881855998e-12,0.1,0.0,0.0,-1.109544693160084e-12,-1.0086769937818947e-12,0.0
12.5476027,0.05,0.0,2.0,0.0,0.0,-0.0,0.0,0.0
11.8669658,0.05,0.0,2.0,0.0,0.0,-0.0,0.0,0.0
12.5554819,0.05,0.0,2.0,5.809681624668883e-9,5.809681624668883e-9,-0.0,0.0,0.0
