Time,Probability,RiskPremium,T0,T1,T2,Z,Expected,CVaR
27.325325,0.1,11.277727100078666,0.09999999999999609,24.698469772703426,24.698469772703426,2.5276576673707916,5.935645842146655,24.69846977922129
32.5615306,0.1,21.074489967275444,0.1,48.56031654757592,48.56031654757592,4.362381183985398,11.091836824881787,48.560316547603406
23.6102011,0.1,10.069556136280298,0.1,21.219568250414525,21.21956825041439,2.381819469159396,5.299766387515934,21.219568251549134
9.5307249,0.1,10.129373582638259,0.1,21.505283750798398,21.505283750798398,2.37201915410139,5.331249254020136,21.505283750798398
13.359607,0.1,15.40432329573763,0.1,30.723463252414255,30.723463252414255,3.9043960182268354,8.107538576704043,30.72346324874909
8.2364797,0.1,25.013646659771023,0.09999999999998721,50.16639407030975,50.16639407030975,6.298371939145804,13.165077189353209,50.16639406450007
