Time,Probability,RiskPremium,T0,T1,T2,Z,Expected,CVaR
24.7768327,0.2,23.57247589311458,0.1,63.17809376188807,156.54192510569598,7.076750093518836,13.095819940619208,47.094878530384605
33.9037938,0.2,43.538996239534065,0.1,63.6545343968845,159.2186616820817,14.178044165649803,24.188331244185548,75.91453954117243
23.9996558,0.2,18.714064778356303,0.1,36.7901540834119,70.95489073513308,5.99675470654708,10.396702654642404,33.602776826310794
31.8340927,0.2,18.718014529226156,0.1,36.81050410629964,70.1419294082679,6.042258020692053,10.3988969606812,33.16749243921033
16.7254193,0.2,31.292175999294415,0.1,38.121498083200855,91.54684087940345,10.36859534572298,17.384542221830234,52.774926539242415
12.6696293,0.2,53.87041080951341,0.1,63.62646810097078,169.065317266968,17.56261520712067,29.92800600528522,93.7259019763601
