Time,Probability,RiskPremium,T0,T1,T2,Z,Expected,CVaR
12.8226406,0.1,20.045849893436834,0.1,63.178093761888086,109.79111751075695,8.58662057139135,7.7099422667064745,32.70518930229992
14.3265611,0.1,33.24116508498158,0.1,63.6545343968845,159.2186616820817,14.243784767671519,12.785063494223687,54.200508981466314
13.4591528,0.1,16.892179136454835,0.1,36.7901540834119,61.683831872068886,7.360649654393651,6.496991975559554,26.727242018903787
15.2903963,0.1,16.897900710945585,0.1,36.81050410629964,58.73116960119909,7.350216858167011,6.499192581132909,26.82246772543737
13.8415035,0.1,24.764720146844954,0.1,38.121498083200855,75.85949867597274,11.038356261035057,9.524892364171135,37.5347025084296
13.3989981,0.1,40.99270512723004,0.1,63.62646810097078,121.6785427124816,18.16788139971126,15.766425048934627,62.82241623949559
