Time,Probability,RiskPremium,T0,T1,T2,Z,Expected,CVaR
68.4911731,0.25,38.36481616580926,0.1,33.903157740416525,33.903157740416525,19.242078404995514,12.78827205526979,33.903157740416525
20.2639588,0.25,76.8931118637408,0.1,58.83013110129148,58.83013110129148,41.30234643181371,25.63103728791348,58.83013110129148
18.9037675,0.25,32.703402315295456,0.1,26.71705826997676,26.71705826997676,17.057490961078983,10.901134105098492,26.71705826882541
17.2795191,0.25,33.02143000291581,0.09999999999999787,27.114706829925105,27.114706829925105,17.182017620634817,11.007143334305267,27.114706827557406
13.4287624,0.25,59.89098792811888,0.1,38.12149808320086,51.92687161654561,30.338362593260747,19.963662642706357,51.92687161654561
13.5317606,0.25,105.951184524301,0.1,63.62646810097078,93.9491671398328,53.04449132668087,35.31706150810027,93.9491671398328
