Time,Probability,RiskPremium,T0,T1,T2,Z,Expected,CVaR
15.9731853,0.1,15.887718641818989,0.09999999999999609,22.97379865237395,22.97379865237395,4.158668712213167,5.674185229221038,22.973798658891816
11.5444237,0.1,26.297476952884224,0.1,37.840075972766186,37.840075972766186,6.9486789269250835,9.391956054601613,37.840075972766186
45.4057775,0.1,14.39494836560955,0.1,20.169064695392372,20.16906469539237,3.994091280205738,5.141052987717666,20.169064695392372
32.5139827,0.1,14.43612067212084,0.1,20.342004359151034,20.342004359151034,3.965176847532771,5.155757382900329,20.342004359151034
16.7369338,0.1,22.338738301482962,0.09999999999999076,29.881343031764494,29.881343031764494,6.694489707375331,7.978120821958221,29.88134302809933
54.9650019,0.1,36.322001365650635,0.09999999981756347,48.867616577912074,48.867616577912074,10.78644238724291,12.97214334487524,48.86761658353932
