Time,Probability,RiskPremium,T0,T1,T2,Z,Expected,CVaR
7.2579133,0.25,32.47809950043526,0.1,63.17809376188807,156.54192510569595,13.981115836295496,15.46576166687393,45.77798163953224
7.4262707,0.25,62.0353482144364,0.1,63.6545343968845,159.2186616820817,27.784251819534113,29.540642006874442,76.6451858871527
6.6150153,0.25,25.492087892257153,0.1,36.7901540834119,70.95489073513308,11.321937716685902,12.139089472503418,32.44969650318193
6.7837521,0.25,25.496877811876768,0.1,36.81050410629964,70.14192940826788,11.345701354304513,12.14137038660799,32.23943109625061
6.6625099,0.25,44.181780444247075,0.1,38.121498083200855,91.54684087940345,19.827817275413434,21.038943068689104,54.18914407013498
6.0144848,0.25,77.32283426618021,0.1,63.62646810097078,169.065317266968,34.74759048019283,36.820397269609536,94.36886243338787
