Time,Probability,RiskPremium,T0,T1,T2,Z,Expected,CVaR
36.910622,0.25,31.132164907695355,0.1,46.79634260798632,46.79634260798632,13.716645002194806,14.150984048952417,46.79634261443363
33.3796294,0.25,63.21633962016876,0.1,63.6545343968845,92.74373955839316,28.080735819714974,28.734699827349477,92.74373955839316
24.0754896,0.25,25.204971229252152,0.1,32.435050965947205,32.435050965947205,11.650341538987641,11.456805104205507,32.43505096479587
22.18304,0.25,25.197645756940652,0.1,31.710409564235942,31.710409564235942,11.718476990859543,11.453475344063946,31.710409564235942
22.9419205,0.25,44.8628058462839,0.1,38.121498083200855,56.20254395480812,20.88958542277793,20.392184475583473,56.20254395480812
20.46676,0.25,78.36462661074728,0.1,63.6264681009708,96.84400785537306,36.62196948444962,35.62028482306686,96.84400785537306
