Time,Probability,RiskPremium,T0,T1,T2,Z,Expected,CVaR
19.9993135,0.2,15.25076964660529,0.09999999999999609,20.281975347453685,20.281975347453685,3.2353221798003844,8.472649803669645,20.281975347453685
128.0541456,0.2,35.5464394173908,0.09999999999999076,47.182919579329365,47.182919579329365,7.56794821451182,19.74802189855043,47.182919579645386
24.1233577,0.2,12.522819224160598,0.1,14.908450105687374,14.908450105687374,3.180298938614216,6.957121791200312,14.908450105687374
17.797537,0.2,12.573483380793544,0.1,14.742241871596692,14.742241871596692,3.261122836757279,6.985268544885263,14.742241875388688
14.233188,0.2,24.424450461194553,0.1,28.8206127874873,28.8206127874873,6.279869222453834,13.569139145108036,28.82061279054988
39.8407991,0.2,41.13425840673711,0.1,48.44937544388576,48.44937544388576,10.602789728358571,22.852365781520565,48.44937543771381
