Time,Probability,RiskPremium,T0,T1,T2,Z,Expected,CVaR
78.1026964,0.25,27.97058912821211,0.1,26.72123398893796,26.72123398893796,11.042789343193006,11.654412136755026,26.72123398893796
24.7673926,0.25,58.123992476039746,0.09999999999998366,50.03362684452917,50.03362684452917,24.870308451527244,24.218330198349687,50.03362684452917
44.0587086,0.25,25.09334351573128,0.1,24.032048132922863,24.032048132922863,9.886012800767386,10.455559798221337,24.032048131771514
20.4666342,0.25,25.291361303768422,0.09999999999999609,24.222915213089124,24.222915213089124,9.96359729295716,10.538067209903447,24.222915212497195
10.8367418,0.25,41.28766436478589,0.09999999999999076,35.01068615287882,35.01068615287882,17.851848444743506,17.203193485327528,35.0106861559414
14.3300531,0.25,69.81201936120664,0.09999999999999432,55.708583087853185,55.708583087853185,31.406593370131503,29.08834140050245,55.708583087853185
