Time,Probability,RiskPremium,T0,T1,T2,Z,Expected,CVaR
95.7220101,0.25,20.979593303789077,0.1,26.72582137043723,26.72582137043723,6.310165338967558,11.655329613216074,26.72582137124315
23.1215491,0.25,43.5929943570294,0.0999999999999801,50.033626844529174,50.033626844529174,14.211604829443719,24.218330198349687,50.033626844529174
20.5971774,0.25,18.837312874065823,0.09999999999999609,24.080279006020376,24.080279006020376,5.649118017951701,10.465173818925381,24.080279004869027
16.0493367,0.25,18.970726073879973,0.1,24.229060967752698,24.229060967752698,5.693480070189632,10.539292263266635,24.229060965384985
10.614484,0.25,30.971842289254987,0.09999999999999432,35.02804043343514,35.02804043343514,10.200970962286673,17.206579049586086,35.02804043649772
8.951744,0.25,52.35901452090464,0.1,55.70858308785318,55.70858308785318,17.946624782931806,29.08834140050245,55.70858308785318
