Time,Probability,RiskPremium,T0,T1,T2,Z,Expected,CVaR
19.284165,0.2,31.429967857486098,0.1,63.17809376188807,156.54192510569598,8.168661926457121,13.095819940619208,42.1400656275043
20.0891858,0.2,58.05199498604543,0.1,63.654534396884486,159.21866168208157,18.105835579312355,24.188331244185544,69.21069742289261
15.8598112,0.2,24.952086371141743,0.1,36.7901540834119,70.954890735133,7.335152572413325,10.396702654642404,31.025934494888244
15.1140244,0.2,24.957352705634893,0.1,36.81050410629964,70.1419294082679,7.438131734200914,10.3988969606812,30.74267984854628
21.9943642,0.2,41.722901332392496,0.1,38.121498083200855,91.54684087940345,13.726543654924656,17.38454222183023,47.70401495222345
15.4056314,0.2,71.82721441268458,0.1,63.62646810097078,169.0653172669679,23.073581748124127,29.928006005285216,83.71551074607171
