Time,Probability,RiskPremium,T0,T1,T2,Z,Expected,CVaR
120.5302461,0.15,9.556512772758847,0.1,14.130494813373335,14.130494813373335,1.1598766423597167,5.309173762643845,14.130494813373335
99.8631095,0.15,19.67277573178143,0.1,29.1906687416659,29.1906687416659,2.351983768612488,10.9293198509897,29.19066874293068
31.4227868,0.15,9.76260393043919,0.1,13.901211102990969,13.901211102990969,1.371795291734377,5.423668850244012,13.90121110298921
14.2861257,0.15,9.80034738295593,0.1,13.90629619621248,13.90629619621248,1.3941293794675658,5.444637434975566,13.906296202154843
27.8943005,0.15,19.20206652504409,0.1,27.638917464871497,27.638917464871476,2.594365833850895,10.667814736135599,27.638917464871497
31.463805,0.15,32.02435334803315,0.10000000000000142,47.81777273598263,47.81777273598263,3.723783072461915,17.79130741557398,47.817772729851804
