Time,Probability,RiskPremium,T0,T1,T2,Z,Expected,CVaR
16.6330713,0.1,23.129826800119435,0.1,63.178093761888086,109.79111751075695,9.171072774514588,7.7099422667064745,32.70518930229992
14.1946958,0.1,38.35519048267105,0.1,63.6545343968845,159.2186616820817,15.216265616636706,12.785063494223687,54.200508981466314
14.5484143,0.1,19.49097592667866,0.1,36.7901540834119,61.683831872068886,7.936421440283057,6.496991975559554,26.727242018903787
12.7051669,0.1,19.497577743398736,0.1,36.81050410629964,58.73116960119909,7.917566376189695,6.499192581132909,26.82246772543737
14.7584264,0.1,28.574677092513376,0.1,38.121498083200855,75.85949867597274,12.047332192277624,9.524892364171135,37.5347025084296
13.7327532,0.1,47.29927514680387,0.1,63.62646810097078,121.6785427124816,19.76885230022901,15.766425048934627,62.82241623949559
