Time,Probability,RiskPremium,T0,T1,T2,Z,Expected,CVaR
12.0492053,0.05,-9.994060216437598e-12,2.0,-3.1845320252129264e-9,-3.1845320252129264e-9,-6.952389715782677e-12,-4.3452435723641734e-12,0.0
13.8378311,0.05,0.0,2.0,0.0,0.0,-0.0,0.0,0.0
14.6611794,0.05,-2.3199570856983575e-12,0.1,0.0,0.0,-1.6138831900510313e-12,-1.0086769937818947e-12,0.0
22.8104483,0.05,0.0,2.0,0.0,0.0,-0.0,0.0,0.0
28.1459123,0.05,0.0,2.0,0.0,0.0,-0.0,0.0,0.0
30.7543823,0.05,0.0,2.0,5.809681624668883e-9,5.809681624668883e-9,-0.0,0.0,0.0
