Time,Probability,RiskPremium,T0,T1,T2,Z,Expected,CVaR
21.5694138,0.2,26.191639881238416,0.1,63.17809376188807,156.54192510569598,5.834758518897932,13.095819940619208,42.1400656275043
20.4067771,0.2,48.3766624883712,0.1,63.654534396884486,159.21866168208157,12.932739699508875,24.188331244185544,69.21069742289261
17.2373644,0.2,20.793405309284807,0.1,36.7901540834119,70.954890735133,5.2393946945809615,10.396702654642404,31.025934494888244
26.2970614,0.2,20.7977939213624,0.1,36.81050410629964,70.1419294082679,5.312951238714929,10.3988969606812,30.74267984854628
24.3600143,0.2,34.76908444366046,0.1,38.121498083200855,91.54684087940345,9.804674039231916,17.38454222183023,47.70401495222345
17.071197,0.2,59.856012010570446,0.1,63.62646810097078,169.0653172669679,16.481129820088576,29.928006005285216,83.71551074607171
