Time,Probability,RiskPremium,T0,T1,T2,Z,Expected,CVaR
16.3130379,0.25,18.96755656899161,0.09999999999999609,24.536675190330207,24.536675190330207,4.465348107812722,11.157386217053984,24.536675193553855
7.0166782,0.25,40.418586799081666,0.1,48.023415943057266,48.023415943057266,10.581003343050138,23.775639293577395,48.0234159433933
18.5734453,0.25,15.717748079978525,0.1,18.79857130332982,18.79857130332982,4.083804630698166,9.24573416469326,18.79857130304198
6.1733609,0.25,15.792041212020031,0.1,18.967545376166676,18.967545376166676,4.083077862675403,9.289436007070575,18.967545376166676
14.6972697,0.25,27.140804183822958,0.09999999999999076,29.53143267189783,29.53143267189783,7.784061816337585,15.965178931660448,29.53143267496041
20.0782856,0.25,46.9214794859943,0.10000000000000142,48.86761658353931,48.86761658353931,14.003922627243035,27.600870285879015,48.86761657736734
