Time,Probability,RiskPremium,T0,T1,T2,Z,Expected,CVaR
5.9326731,0.25,17.336512800853516,0.1,21.18550550605402,21.18550550605402,3.842297054568204,10.197948706384416,21.18550550605402
24.7280763,0.25,40.031535723599944,0.1,47.19397157071585,47.19397157071585,9.389770719043238,23.54796219035307,47.19397157103187
14.783424,0.25,13.963140450038306,0.09999999999999609,15.12514910940621,15.12514910940621,3.6760672969578283,8.213612029434385,15.125149108254861
14.8395652,0.25,13.916620452181164,0.1,15.068747748150825,15.068747748150825,3.665623001077411,8.186247324812445,15.068747745783112
11.1625291,0.25,26.86096426545535,0.1,28.939352986972377,28.939352986972377,7.118761317963215,15.800567214973656,28.939352990034962
17.2225764,0.25,46.726548254121084,0.1,48.44720287603346,48.44720287757644,12.952043992555128,27.486204855365386,48.44720287603345
