Time,Probability,RiskPremium,T0,T1,T2,Z,Expected,CVaR
14.3015704,0.1,12.335907626730359,0.1,63.178093761888086,109.79111751075695,2.126440656464539,7.7099422667064745,32.70518930229992
24.1967852,0.1,20.45610159075791,0.1,63.6545343968845,159.2186616820817,3.5294935478099645,12.785063494223687,54.200508981466314
11.4390154,0.1,10.395187160895288,0.1,36.7901540834119,61.683831872068886,1.8751701810013142,6.496991975559554,26.727242018903787
13.1570942,0.1,10.398708129812668,0.1,36.81050410629964,58.73116960119909,1.8671880342493063,6.499192581132909,26.82246772543737
11.5266252,0.1,15.239827782673828,0.1,38.121498083200855,75.85949867597274,2.91395440407685,9.524892364171135,37.5347025084296
11.3988936,0.1,25.2262800782954,0.1,63.62646810097078,121.6785427124816,4.754255910304682,15.766425048934627,62.82241623949559
