Time,Probability,RiskPremium,T0,T1,T2,Z,Expected,CVaR
12.4476718,0.05,11.361246492098571,0.1,63.178093761888086,109.79111751075692,4.241532023716799,4.544498596839426,30.29665731226287
10.9445205,0.05,17.35018196522973,0.1,63.6545343968845,119.67234110440711,6.4774012670191,6.940072786091891,46.267151907279256
13.6870027,0.05,9.882932357207741,0.1,36.7901540834119,61.68383187206887,3.6896280800242227,3.953172942883093,26.35448628588731
11.3035594,0.05,9.888132122776918,0.1,36.81050410629964,58.05967081709798,3.6915693258367135,3.9552528491107646,26.3683523274051
24.3507322,0.05,12.869352361824347,0.1,38.12149808320086,75.85949867597273,4.804558215081092,5.147740944729735,34.31827296486488
14.3135625,0.05,21.16324261873002,0.1,63.6264681009708,121.67854271248154,7.900943910992544,8.465297047492005,56.4353136499467
