Time,Probability,RiskPremium,T0,T1,T2,Z,Expected,CVaR
46.6748659,0.15,19.285940902488814,0.1,22.94615717006935,22.94615717006935,5.656876287686487,7.417669577880373,22.946157170185224
84.9006245,0.15,40.55657455992543,0.09999999999999076,47.81129344560857,47.81129344560857,12.072847667726467,15.59868252304831,47.81129344592459
62.135676,0.15,17.098554308623065,0.10000000151299204,18.873489610325237,18.873489610325237,5.603338238823214,6.576367041778099,18.873489611832614
24.358778,0.15,17.15406635560229,0.1,18.8570574944409,18.8570574944409,5.652612660379203,6.597717829077764,18.857057494440905
19.937936,0.15,28.897812838980443,0.1,29.356019211826318,29.356019211826318,10.486679114485094,11.114543399607976,29.356019211826318
95.0602167,0.15,46.91597909880716,0.1,48.78616172654617,48.78616173271813,16.574749998317344,18.044607345695194,48.78616173268165
