Time,Probability,RiskPremium,T0,T1,T2,Z,Expected,CVaR
31.8866799,0.1,13.989895465548418,0.1,20.093922149631634,20.093922149631634,2.8434609466849956,5.181442765017897,20.093922149631634
40.2472485,0.1,22.89646511753389,0.1,32.67931598693431,32.67931598693431,4.736635363308195,8.480172265753284,32.67931598693431
30.4554017,0.1,13.19740538105679,0.1,18.70560430628658,18.70560430628659,2.7824069071961928,4.8879279189098845,18.70560430628659
27.3999174,0.1,13.163915563259726,0.1,18.725304058179553,18.725304058179553,2.7484793703746324,4.875524282688733,18.725304058179567
13.8112358,0.1,21.265254625839606,0.1,29.292561359503686,29.292561359503686,4.822617944428714,7.87602023179246,29.292561355838522
19.2091599,0.1,34.96260760315755,0.1,48.737012453604656,48.737012453604656,7.698334265458524,12.949113927095398,48.737012453604656
