Time,Probability,RiskPremium,T0,T1,T2,Z,Expected,CVaR
8.5567492,0.1,9.005425921447316,0.1,20.725580377551317,20.725580377551317,1.393875904090927,5.297309365557274,20.725580377551317
5.2360487,0.1,15.157555376584197,0.09999999999999076,35.02232176603276,35.02232176603276,2.3254294233398323,8.916209045049543,35.02232176634878
4.3761729,0.1,8.464396111441314,0.1,19.210200362825862,19.210200362825862,1.350668001069783,4.979056536141993,19.21020036433887
3.928285,0.1,8.486364923536485,0.09999999999999609,19.371589304789588,19.371589304789588,1.3374440653171455,4.991979366786176,19.37158930967425
6.8292763,0.1,13.446954429730221,0.1,29.478507797606213,29.478507797606213,2.3017010453616047,7.909973193958983,29.47850779668992
9.7816171,0.1,22.031735562375875,0.1,48.79565498356227,48.79565498356227,3.69651953365359,12.959844448456433,48.79565498356227
