Time,Probability,RiskPremium,T0,T1,T2,Z,Expected,CVaR
20.7998419,0.2,20.994871220993407,0.09999999999999609,26.684323293960137,26.684323293960137,6.825622103485508,9.997557724282556,26.684323297183813
20.3359586,0.2,42.162335965772634,0.09999999999999432,48.66211802371459,48.66211802371459,14.938829328894833,20.077302840844133,48.662118024978675
18.3593793,0.2,18.14400498207295,0.1,22.306628651415874,22.306628651415874,6.087346039907224,8.640002372415688,22.306628651415874
29.5115141,0.2,18.45811550061667,0.1,22.769160241542284,22.769160241542284,6.173641332867954,8.789578809817474,22.769160241542284
18.3406676,0.2,29.816048875117218,0.1,31.84009202295964,31.84009202295964,11.207436985406892,14.198118511960583,31.84009202295964
11.7451254,0.2,49.41745335234851,0.1,51.80466309904646,51.80466309904646,18.817197094605127,23.532120643975624,51.80466309904646
