Time,Probability,RiskPremium,T0,T1,T2,Z,Expected,CVaR
82.1269599,0.25,16.59686771999778,0.1,18.10155262865023,18.10155262865023,3.823957428538445,9.220482066665507,18.10155262865023
117.2080432,0.25,42.034644805489044,0.1,46.579172731020016,46.579172731020016,9.391427444458305,23.352580447493793,46.57917273133604
82.8581295,0.25,14.22220136575137,0.1,14.11476732872345,14.11476732901128,3.835560645678207,7.901222980972925,14.114767328723442
24.539474,0.25,14.27898577136835,0.09999999999999609,14.2514435164597,14.2514435164597,3.8187464419420376,7.932769872982537,14.251443514091987
29.4850907,0.25,27.86225832140619,0.1,27.940943658360116,27.940943658360116,7.398461417287192,15.47903240078142,27.94094365912576
99.3980476,0.25,49.11117260348862,0.1,47.81076387585652,47.81076387585652,13.616476185316355,27.28398477971642,47.81076387585652
