Time,Probability,RiskPremium,T0,T1,T2,Z,Expected,CVaR
17.8391065,0.2,35.358713839671864,0.1,63.17809376188807,156.54192510569598,10.645195624298607,13.095819940619208,42.140065627504306
18.7871966,0.2,65.30849435930112,0.1,63.6545343968845,159.2186616820817,23.11121664363276,24.188331244185548,69.21069742289262
18.7716144,0.2,28.071097167534447,0.1,36.7901540834119,70.95489073513308,9.422701776793698,10.396702654642404,31.02593449488825
17.4999745,0.2,28.077021793839272,0.1,36.81050410629964,70.1419294082679,9.540611678012032,10.3988969606812,30.742679848546288
16.2040067,0.2,46.93826399894163,0.1,38.121498083200855,91.54684087940345,17.4259326849541,17.384542221830234,47.70401495222346
15.364862,0.2,80.80561621427013,0.1,63.62646810097078,169.065317266968,29.362608312670304,29.92800600528522,83.71551074607174
