Time,Probability,RiskPremium,T0,T1,T2,Z,Expected,CVaR
6.6898576,0.15,21.789107751450608,0.1,63.178093761888086,109.79111751075698,8.260106934751015,10.375765595928852,41.90811780363635
6.6960809,0.15,38.944973738092486,0.1,63.6545343968845,159.2186616820817,15.52510390513704,18.54522558956784,67.29166802344398
6.6191961,0.15,17.909038775842596,0.1,36.7901540834119,61.68383187206888,7.09545685873219,8.528113702782191,31.38279584606454
7.0014288,0.15,17.91383606485529,0.1,36.81050410629964,59.60930820403673,7.1247633891136175,8.530398126121549,31.11714362232266
7.0210476,0.15,28.546708031106427,0.1,38.121498083200855,91.54684087940345,11.750443148743717,13.59367049100308,45.61961440459937
5.657729,0.15,48.101809716200115,0.1,63.62646810097078,169.06531726696798,19.405713021678892,22.905623674380998,80.81035387578319
