Time,Probability,RiskPremium,T0,T1,T2,Z,Expected,CVaR
13.4901939,0.1,16.62313383453757,0.09999999999999609,23.341768474694547,23.341768474694547,4.727640041130697,5.7321151153577725,23.341768481212412
69.9885109,0.1,32.11187647981334,0.1,48.43234076539192,48.43234076539192,7.963067656105927,11.073060855108046,48.43234076539192
37.2825009,0.1,15.066758977368764,0.1,20.511146569222916,20.511146569222916,4.510825493554581,5.195434130127155,20.51114656923298
21.6488452,0.1,15.079591661776732,0.09999999999999609,20.620311853723585,20.620311853723585,4.482574036630588,5.19985919371616,20.620311854944752
8.3059427,0.1,23.313824765504254,0.09999999999999076,30.264205965489626,30.264205965489626,7.495840231425039,8.039249919139376,30.264205961824462
12.1547697,0.1,37.74085636671884,0.1,49.1316117452625,49.1316117452625,12.085634794371085,13.014088402316856,49.131611745262504
