Time,Probability,RiskPremium,T0,T1,T2,Z,Expected,CVaR
42.6887327,0.15,22.070862256852077,0.1,27.23230334740915,27.23230334740915,8.179095850749292,8.174393428463796,27.232303353927044
23.0183619,0.15,42.5581269053414,0.1,48.73876883396536,48.73876883396536,16.902907797832093,15.76226922420053,48.73876883522944
13.2280449,0.15,19.31862645386695,0.09999999999999609,22.22901672595365,22.22901672595365,7.641388651744938,7.15504683476558,22.22901672595365
11.898515,0.15,19.760037450449545,0.1,23.038038704137737,23.038038704137737,7.725653165086738,7.3185323890554175,23.038038710080095
12.6075918,0.15,31.094216557721307,0.1,31.770987816976717,31.770987816976717,13.501456660626566,11.516376502859652,31.770987816976717
32.8099145,0.15,50.24068842800649,0.1,52.15727859100914,52.15727859100914,21.568141186035,18.607662380743278,52.15727858483716
