Time,Probability,RiskPremium,T0,T1,T2,Z,Expected,CVaR
11.9862228,0.05,-1.0428584573674014e-11,2.0,-3.1845320252129264e-9,-3.1845320252129264e-9,-7.386914073019093e-12,-4.3452435723641734e-12,0.0
13.7967281,0.05,0.0,2.0,0.0,0.0,-0.0,0.0,0.0
14.7855305,0.05,-2.420824785076547e-12,0.1,0.0,0.0,-1.714750889429221e-12,-1.0086769937818947e-12,0.0
22.9554846,0.05,0.0,2.0,0.0,0.0,-0.0,0.0,0.0
30.5520207,0.05,0.0,2.0,0.0,0.0,-0.0,0.0,0.0
30.5222165,0.05,0.0,2.0,5.809681624668883e-9,5.809681624668883e-9,-0.0,0.0,0.0
