Time,Probability,RiskPremium,T0,T1,T2,Z,Expected,CVaR
17.3577892,0.15,26.976990549415,0.1,63.178093761888086,109.79111751075698,12.804440001814196,10.375765595928852,48.34361511264845
14.3049586,0.15,48.217586532876425,0.1,63.6545343968845,159.2186616820817,23.958407021445026,18.54522558956784,75.68476480820352
15.1656012,0.15,22.173095627233682,0.1,36.7901540834119,61.68383187206888,11.012224664249162,8.528113702782191,34.85568630480569
16.1460757,0.15,22.17903512791607,0.1,36.81050410629964,59.60930820403673,11.084303405701128,8.530398126121549,34.17373408705541
18.9108589,0.15,35.34354327660798,0.1,38.121498083200855,91.54684087940345,17.943356704713914,13.59367049100308,51.658831299913444
12.5343501,0.15,59.554621553390604,0.1,63.62646810097078,169.06531726696798,29.63698318989619,22.905623674380998,93.02577056551507
