Time,Probability,RiskPremium,T0,T1,T2,Z,Expected,CVaR
48.3028557,0.2,19.8672376669679,0.1,24.15986336806159,24.15986336806159,5.261902399623129,9.460589365222809,24.159863371285265
50.4454264,0.2,41.57447848173629,0.1,47.37750251951569,47.3775025195157,12.124061641273116,19.79737070558849,47.3775025195157
15.9912265,0.2,16.144730101390394,0.1,17.786691747071654,17.786691747071654,4.9222096251992795,7.687966714947738,17.786691747071654
29.4520581,0.2,16.197770362218357,0.1,17.639695431561737,17.639695431561737,5.010281371003964,7.713223982008687,17.63969543688221
38.6379153,0.2,28.69082371532906,0.1,29.18337700682104,29.183377006821043,9.596148708197125,13.662297007299363,29.183377006821058
50.5454104,0.2,48.09653712810632,0.1,48.64562222812949,48.64562222812949,16.183545953626396,22.903112918145535,48.645622221957545
