Time,Probability,RiskPremium,T0,T1,T2,Z,Expected,CVaR
62.1144883,0.2,24.431353557299925,0.1,25.535930420779707,25.535930420779707,8.353456533946554,9.772541422919897,25.535930424003382
42.8342964,0.2,49.98216377953065,0.10000000063202918,48.24327787365499,48.24327787365499,18.689133322854744,19.99286551181216,48.24327787397101
13.147332,0.2,20.52152995476511,0.1,20.10349611124976,20.10349611124976,7.554964321121531,8.208611981906024,20.10349611124976
24.090109,0.2,20.61597994101767,0.1,20.000475277772487,20.000475277772487,7.667954643000408,8.246391976407123,20.000475280432482
42.8160145,0.2,34.54217216779189,0.09999999999999076,29.88134302809934,29.88134302809934,14.299513636282315,13.816868867116792,29.88134302809933
55.0652462,0.2,57.466784431769085,0.1,49.02222326774705,49.02222326774705,24.065866861045542,22.98671377270753,49.02222326774705
