Time,Probability,RiskPremium,T0,T1,T2,Z,Expected,CVaR
14.0890208,0.1,17.732867213424885,0.1,63.178093761888086,109.79111751075695,4.262569145896005,7.7099422667064745,36.51172127081854
15.087035,0.1,29.40564603671448,0.1,63.6545343968845,159.2186616820817,7.208523583303449,12.785063494223687,59.84535829016043
15.7051588,0.1,14.943081543786969,0.1,36.7901540834119,61.683831872068886,3.90841499098505,6.496991975559554,29.185364861771397
12.5753094,0.1,14.948142936605706,0.1,36.81050410629964,58.73116960119909,3.8930527635809704,6.499192581132909,29.278680540592017
12.5408832,0.1,21.907252437593606,0.1,38.121498083200855,75.85949867597274,6.254297212377608,9.524892364171135,40.16520666939552
12.6060534,0.1,36.26277761254964,0.1,63.62646810097078,121.6785427124816,10.154245885298149,15.766425048934627,67.47695844051894
