Time,Probability,RiskPremium,T0,T1,T2,Z,Expected,CVaR
16.5418816,0.1,23.129826800119435,0.1,63.178093761888086,109.79111751075695,11.099617682796161,7.7099422667064745,36.51172127081854
13.1714921,0.1,38.35519048267105,0.1,63.6545343968845,159.2186616820817,18.51108276905685,12.785063494223687,59.84535829016043
12.7103862,0.1,19.49097592667866,0.1,36.7901540834119,61.683831872068886,9.590728018187333,6.496991975559554,29.185364861771397
19.3623135,0.1,19.497577743398736,0.1,36.81050410629964,58.73116960119909,9.581461968346964,6.499192581132909,29.278680540592017
16.5852605,0.1,28.574677092513376,0.1,38.121498083200855,75.85949867597274,14.45373758255859,9.524892364171135,40.16520666939552
13.9530477,0.1,47.29927514680387,0.1,63.62646810097078,121.6785427124816,23.77627008913158,15.766425048934627,67.47695844051894
