Time,Probability,RiskPremium,T0,T1,T2,Z,Expected,CVaR
20.278302,0.2,23.022037083215054,0.09999999999999432,29.57586259260376,29.575862589380083,8.735214716252502,10.464562310552324,29.57586259260376
17.6244372,0.2,45.56975359502218,0.1,52.77808920626828,52.77808920626828,18.443316264669445,20.713524361373743,52.77808920626828
17.0071861,0.2,20.32425854182535,0.09999999999999254,25.895514329318523,25.895514329318523,7.754516204779719,9.238299337193311,25.895514336454774
18.4086944,0.2,20.471605440265684,0.10000001064089048,25.89802015613359,25.89802015613359,7.847781247878199,9.305275200120807,25.898020161454063
18.1983358,0.2,32.38681549717003,0.1,35.02081460309224,35.02081460309224,13.605628759398897,14.721279771440852,35.02081460309224
15.4161372,0.2,54.55057396654528,0.1,59.52498075468261,59.52498075468261,22.80900546413772,24.79571543933893,59.52498075468261
