Time,Probability,RiskPremium,T0,T1,T2,Z,Expected,CVaR
42.4903945,0.15,7.915565815949113,0.1,13.043547650290211,13.043547650290211,0.1346255256143794,4.947228634968195,13.043547650301074
92.3500618,0.15,16.153872928809193,0.09999999999999962,26.72037542024948,26.72037542024948,0.23923065439313917,10.09617058050579,26.72037542024948
76.5976646,0.15,8.257164514245996,0.1,13.12585700171326,13.12585700171326,0.30864148026346255,5.160727821403746,13.12585700020026
57.7978442,0.15,8.34430977730632,0.1,13.226240099944878,13.226240099944878,0.3252498950800672,5.215193610816362,13.226240100558922
63.4350398,0.15,16.642277913082243,0.1,26.83215850005952,26.83215850005952,0.4900970358718265,10.401423695676375,26.83215850005952
4.1788912,0.15,28.143365637980626,0.09999999999999432,47.199293891972715,47.199293891972715,0.1903704853606587,17.58960352373763,47.199293891972715
