Time,Probability,RiskPremium,T0,T1,T2,Z,Expected,CVaR
22.6236995,0.2,21.19018141712631,0.09999999999999432,24.888766198546932,24.888766198546932,6.218377828539785,9.631900644148315,24.888766199685964
32.0559554,0.2,43.78282898234455,0.1,47.82011497758198,47.82011497758198,14.10995290405581,19.901285901065588,47.820114978846064
15.7745348,0.2,17.45643128927018,0.1,18.83765939997961,18.83765939997961,5.7056685274475765,7.934741495122726,18.83765939997961
46.6243264,0.2,17.601244561439177,0.09999999999999609,18.862238220086816,18.862238220086816,5.799093469372839,8.000565709745151,18.862238230662832
58.2944074,0.2,30.155745540540703,0.1,29.375268391371677,29.375268391371677,10.964749512037155,13.70715706388209,29.375268391371677
56.5366308,0.2,50.443157419090795,0.1,48.75418880477892,48.75418880477892,18.475531190868537,22.928707917768374,48.75418880477892
