Time,Probability,RiskPremium,T0,T1,T2,Z,Expected,CVaR
18.7726189,0.15,22.82668431104349,0.1,63.178093761888086,109.79111751075698,6.978744382220656,10.375765595928852,37.736637260398794
13.5562211,0.15,40.79949629704927,0.1,63.6545343968845,159.2186616820817,13.454514069691177,18.54522558956784,62.54400877851889
16.6712419,0.15,18.761850146120807,0.1,36.7901540834119,61.68383187206888,6.213043610581387,8.528113702782191,28.631577866568378
17.7429158,0.15,18.766875877467445,0.1,36.81050410629964,59.60930820403673,6.2384655806382465,8.530398126121549,28.520458979659754
18.3666916,0.15,29.906075080206772,0.1,38.121498083200855,91.54684087940345,10.680807753643915,13.59367049100308,41.75165466880207
14.0008259,0.15,50.3923720836382,0.1,63.62646810097078,169.06531726696798,17.449624468912212,22.905623674380998,73.09124337610605
