Time,Probability,RiskPremium,T0,T1,T2,Z,Expected,CVaR
19.901082,0.2,32.739549851548034,0.1,63.17809376188807,156.54192510569598,11.143965263487488,13.095819940619208,47.094878530384605
18.3233434,0.2,60.47082811046395,0.1,63.6545343968845,159.2186616820817,23.350944792031665,24.188331244185548,75.91453954117243
17.9097329,0.2,25.991756636605967,0.1,36.7901540834119,70.95489073513308,9.793535439046483,10.396702654642404,33.602776826310794
23.0732016,0.2,25.997242401703005,0.1,36.81050410629964,70.1419294082679,9.90619657138952,10.3988969606812,33.16749243921033
20.0685842,0.2,43.46135555457555,0.1,38.121498083200855,91.54684087940345,17.22921725339226,17.384542221830234,52.774926539242415
14.4625608,0.2,74.82001501321308,0.1,63.62646810097078,169.065317266968,28.942535015159173,29.92800600528522,93.7259019763601
