Time,Probability,RiskPremium,T0,T1,T2,Z,Expected,CVaR
5.0959258,0.05,13.633495790518282,0.1,63.17809376188807,109.79111751075689,5.079746734184813,4.544498596839426,44.637003191779854
5.9886216,0.05,20.820218358275675,0.1,63.654534396884486,119.67234110440708,8.064702918307479,6.94007278609189,65.09449932485495
5.6315156,0.05,11.859518828649282,0.1,36.79015408341189,61.68383187206885,4.885867122945735,3.953172942883092,34.15796057108763
5.3538517,0.05,11.8657585473323,0.1,36.81050410629963,58.05967081709797,4.954432460768978,3.9552528491107646,33.515985223636314
5.8311792,0.05,15.443222834189205,0.1,38.121498083200855,75.85949867597272,6.6564872322349995,5.147740944729733,41.537687516974444
5.4212162,0.05,25.395891142476017,0.1,63.62646810097078,121.67854271248153,10.81603223285451,8.465297047492003,69.61091566878702
