Time,Probability,RiskPremium,T0,T1,T2,Z,Expected,CVaR
70.2481051,0.25,21.55872476127337,0.1,23.165617450331887,23.165617450331887,5.824860352758578,10.779362380636677,23.165617450331887
127.956971,0.25,47.170452797302104,0.1,47.32203959971069,47.32203959971069,14.09050111822722,23.585226398651038,47.32203959971069
45.963933,0.25,17.147646346072815,0.1,16.362587130395365,16.362587130395365,5.458317590553337,8.573823173036399,16.362587129244016
13.5635622,0.25,17.19168322161442,0.1,16.4709258504558,16.4709258504558,5.445807914947789,8.59584161080721,16.4709258504558
13.5113817,0.25,31.706389639257097,0.1,29.119097673115498,29.119097673115498,10.546833678233885,15.853194819628548,29.1190976731155
54.0385308,0.25,55.08625977769504,0.1,48.64562222195753,48.64562222195753,19.102132958072122,27.543129888847506,48.645622215785586
