Time,Probability,RiskPremium,T0,T1,T2,Z,Expected,CVaR
24.0884405,0.1,13.75900231533987,0.1,21.93060784247721,21.93060784247721,3.3272993123461654,5.503600926135947,21.930607848995077
11.1674509,0.1,23.323561105483414,0.1,37.46116163524466,37.46116163524466,5.554615504995475,9.32942444219336,37.46116163650874
35.1559312,0.1,12.709566324762376,0.1,19.823654259389272,19.823654259389272,3.203791475898679,5.083826529904918,19.823654259767522
17.6620493,0.1,12.828197275513977,0.1,20.192423451760646,20.192423452651646,3.178575002208217,5.131278910205576,20.192423453872806
22.4731583,0.1,19.889316498565165,0.09999999999999076,29.745202503192946,29.745202503192946,5.39674712801142,7.955726599426043,29.74520250318515
42.0890331,0.1,32.430358359825156,0.1,48.86761658353931,48.86761658353931,8.689573045747519,12.97214334393001,48.86761657775545
