Time,Probability,RiskPremium,T0,T1,T2,Z,Expected,CVaR
16.8180556,0.15,24.901837430229225,0.1,63.178093761888086,109.79111751075698,9.796219003144255,10.375765595928852,41.90811780363635
15.3408603,0.15,44.50854141496288,0.1,63.6545343968845,159.2186616820817,18.651349460313597,18.54522558956784,67.29166802344398
13.6509726,0.15,20.467472886677243,0.1,36.7901540834119,61.68383187206888,8.511156862402718,8.528113702782191,31.38279584606454
17.4618243,0.15,20.472955502691754,0.1,36.81050410629964,59.60930820403673,8.55454555214003,8.530398126121549,31.11714362232266
13.6993999,0.15,32.62480917840738,0.1,38.121498083200855,91.54684087940345,14.227247100364869,13.59367049100308,45.61961440459937
13.8996544,0.15,54.973496818514384,0.1,63.62646810097078,169.06531726696798,23.382163613923026,22.905623674380998,80.81035387578319
