Time,Probability,RiskPremium,T0,T1,T2,Z,Expected,CVaR
37.1344526,0.25,37.11414272082865,0.1,48.571999871035466,48.571999871035466,19.40973948420747,14.274670277241825,48.571999871035466
33.6064955,0.25,74.99632359317323,0.1,63.6545343968845,94.36343532730014,39.599714201267986,28.844739843528195,94.36343532730014
23.8533054,0.25,30.376027010171097,0.1,35.855799786303024,35.855799786303024,16.27566845109696,11.683087311604302,35.855799786303024
23.4003749,0.25,30.271633564305517,0.1,34.4428987556313,34.4428987556313,16.348701301098192,11.642935986271352,34.4428987556313
21.6575937,0.25,53.52225232139739,0.1,38.121498083200855,59.113145229353364,29.08400430259372,20.58548166207596,59.113145229353364
20.2147285,0.25,92.97926734307511,0.1,63.62646810097078,99.01674436396542,50.89246190330641,35.76125667041345,99.01674436396542
