Time,Probability,RiskPremium,T0,T1,T2,Z,Expected,CVaR
8.6819878,0.25,26.291794833685675,0.1,63.17809376188807,156.54192510569595,6.279200170912995,15.46576166687393,45.77798163953224
8.4744684,0.25,50.21909141168663,0.1,63.6545343968845,159.2186616820817,13.61276782277044,29.540642006874442,76.6451858871527
7.4843687,0.25,20.636452103255806,0.1,36.7901540834119,70.95489073513308,5.450771576150631,12.139089472503418,32.44969650318193
7.9383651,0.25,20.640329657233583,0.1,36.81050410629964,70.14192940826788,5.484250164179207,12.14137038660799,32.23943109625061
8.6767701,0.25,35.766203216771494,0.1,38.121498083200855,91.54684087940345,9.754729997865526,21.038943068689104,54.18914407013498
7.2679334,0.25,62.59467535833624,0.1,63.62646810097078,169.065317266968,17.142008314159913,36.820397269609536,94.36886243338787
