Time,Probability,RiskPremium,T0,T1,T2,Z,Expected,CVaR
10.0282833,0.15,11.664483657098447,0.1,20.25664027199589,20.25664027199589,2.123986822886169,6.861460974763746,20.256640272006443
10.5344719,0.15,26.34888996420398,0.1,47.334074301629954,47.334074301629954,4.48259747366435,15.49934703776696,47.334074301629954
10.0620542,0.15,10.381720487597507,0.1,16.67327866647158,16.67327866647158,2.161549230425258,6.106894404469174,16.673278667984572
10.1629917,0.15,10.456783767960347,0.1,16.7834252284746,16.7834252284746,2.1792592996519855,6.151049275270735,16.783425240458776
15.1963061,0.15,18.810052660416776,0.1,29.119097673115494,29.119097673115494,4.134443638530626,11.064736859068695,29.11909767315633
21.7375183,0.15,30.622581173304138,0.1,48.63866583640725,48.638665836407256,6.484221571526589,18.013283043120126,48.63866583640724
