Time,Probability,RiskPremium,T0,T1,T2,Z,Expected,CVaR
55.1678804,0.2,17.53977488686742,0.1,21.405277822858316,21.405277822858316,4.347500810635136,8.76988744343371,21.405277822858313
18.8503684,0.2,39.511175983749766,0.1,47.21159820582323,47.21159820582323,10.145984416992999,19.755587991874883,47.21159820582323
13.8680113,0.2,14.45809480246229,0.1,15.940637859485149,15.940637859485149,4.179990738344509,7.229047401231141,15.9406378666214
29.2169876,0.2,14.363321499085687,0.1,15.488082324935702,15.488082324935702,4.274413196293183,7.181660749542839,15.488082330256175
46.4745291,0.2,27.2106613676377,0.1,28.956878120996436,28.956878120996436,8.232289080806737,13.60533068381885,28.956878120996436
34.6934024,0.2,45.77107811556319,0.1,48.5739069841024,48.5739069841024,13.894610283569248,22.88553905778157,48.5739069841024
