Time,Probability,RiskPremium,T0,T1,T2,Z,Expected,CVaR
22.3791292,0.1,14.839114605366701,0.09999999999999609,24.698469772703426,24.698469772703426,4.212762778951391,5.935645842146655,24.69846977922129
38.3274974,0.1,27.732899105547926,0.09999999999999076,48.569632162598126,48.569632162598126,7.270621333218762,11.093159642219172,48.569632162659225
21.7491393,0.1,13.249415969138266,0.09999999999999432,21.21956825192739,21.21956825192739,3.969699115414945,5.299766387655313,21.21956825192739
11.6452962,0.1,13.328123135009722,0.1,21.505283745913736,21.505283745913736,3.9533652568072273,5.331249254003854,21.505283750798398
16.7778031,0.1,20.26884644306732,0.1,30.72346325241426,30.72346325241426,6.507326697043557,8.10753857722693,30.72346325241426
11.2477653,0.1,32.9126929733829,0.09999999999998721,50.16639407030975,50.16639407030975,10.49728656524295,13.165077189353209,50.16639406450007
