Time,Probability,RiskPremium,T0,T1,T2,Z,Expected,CVaR
34.61023,0.2,17.123436705070898,0.1,24.378661687021847,24.378661687021847,3.8940059887297247,9.513020391706155,24.378661690246734
100.5391464,0.2,35.64302567115937,0.1,47.39548676526947,47.39548676526948,8.942893283525642,19.80168092842187,47.39548676526948
20.131224,0.2,13.924137331587506,0.09999999999999609,17.98650231743882,17.98650231743882,3.6257878622822313,7.735631850882039,17.98650232457507
6.5617665,0.2,13.95603552282616,0.1,17.806256609387674,17.806256609387674,3.689456567971501,7.753353068236841,17.806256614708147
12.5494558,0.2,24.609594177506807,0.1,29.223782278849136,29.223782278849132,7.049651033833445,13.671996765281568,29.223782278849132
19.2307215,0.2,41.23455173799507,0.1,48.66633180395201,48.66633180395201,11.886905562842307,22.908084298886145,48.66633180395201
