Time,Probability,RiskPremium,T0,T1,T2,Z,Expected,CVaR
12.23045,0.05,-6.952389715782678e-12,2.0,-3.1845320252129264e-9,-3.1845320252129264e-9,-4.127981393745965e-12,-4.3452435723641734e-12,0.0
10.181062,0.05,4.175975239680459e-12,2.0,3.91497678720043e-9,3.91497678720043e-9,2.479485298560273e-12,2.6099845248002867e-12,0.0
16.8457844,0.05,-1.6138831900510317e-12,0.1,0.0,0.0,-9.582431440928e-13,-1.0086769937818947e-12,0.0
12.6107805,0.05,0.0,2.0,0.0,0.0,-0.0,0.0,0.0
10.1886113,0.05,3.909508450306021e-12,2.0,3.6651641721618944e-9,3.6651641721618944e-9,2.3212706423692005e-12,2.443442781441263e-12,0.0
11.0563609,0.05,0.0,2.0,5.809681624668883e-9,5.809681624668883e-9,-0.0,0.0,0.0
