Time,Probability,RiskPremium,T0,T1,T2,Z,Expected,CVaR
81.9830951,0.25,19.885185900144577,0.1,24.123896063004977,24.123896063004963,4.914889231186825,11.047325500080358,24.123896063005066
53.677563,0.25,42.63232519227023,0.1,47.681189993527475,47.681189993527475,11.748730619440149,23.684625106816668,47.681189993527475
17.7194084,0.25,16.196034484411218,0.1,17.87810830955099,17.87810830955099,4.534144136497041,8.997796935784146,17.87810830955099
31.6514809,0.25,16.595141051361786,0.1,18.705126273778845,18.705126273778845,4.52993720552004,9.219522806312044,18.70512627141113
31.4179075,0.25,28.625816582629202,0.1,29.29842025492373,29.29842025492373,8.704028500877577,15.903231434793842,29.29842025798631
18.0801591,0.25,49.569841954438154,0.1,48.629729401720674,48.629729401720674,15.703762373862688,27.538801085799058,48.629729401720674
