Time,Probability,RiskPremium,T0,T1,T2,Z,Expected,CVaR
14.8159723,0.05,8.154215865744643,0.1,23.269152165900138,23.269152165900138,0.8910363555263378,3.261686346297852,23.269152165900138
11.1703728,0.05,11.58537651276691,0.1,32.906095018766834,32.906095018766834,1.2968370249281453,4.634150605106766,32.906095018766834
12.2748155,0.05,8.062085207585548,0.1,22.788389619326036,22.788389619326036,0.924540016990361,3.224834083034199,22.78838962083905
12.1180915,0.05,8.167472927095023,0.1,22.99581919305264,22.99581919305264,0.9547177525609267,3.2669891708380203,22.995819189318386
17.2025316,0.05,11.492786104666603,0.1,32.42327077766122,32.42327077766122,1.3304403956410575,4.5971144418666405,32.42327077766122
14.7633682,0.05,18.232814433179378,0.1,51.55362011020675,51.55362011020675,2.087589792520585,7.293125773271769,51.55362011020676
