Time,Probability,RiskPremium,T0,T1,T2,Z,Expected,CVaR
27.7372371,0.15,10.266893103660438,0.1,14.45569083871879,14.45569083871879,1.6950431424967667,5.403627949295013,14.455690840348266
6.3857849,0.15,22.0032040386473,0.1,31.458446312673807,31.458446312673807,3.4653359212532138,11.580633704551229,31.458446312673807
20.9439144,0.15,10.499736299010522,0.1,14.25150186509018,14.25150186509018,1.919695596567449,5.52617699947918,14.25150186509018
22.4770276,0.15,10.542197968057444,0.09999999999999609,14.260762739921343,14.260762739921343,1.9443895948003749,5.548525246346012,14.260762751806062
11.5573771,0.15,20.467009277869302,0.1,27.995912626635896,27.995912626635896,3.6665682632181875,10.772110146246991,27.99591262740154
56.4783653,0.15,33.96652535441973,0.1,48.117472761787496,48.117472761787496,5.505282795021375,17.877118607589278,48.117472755615516
