Time,Probability,RiskPremium,T0,T1,T2,Z,Expected,CVaR
14.332848,0.1,23.129826800119435,0.1,63.178093761888086,109.79111751075695,9.659528732590553,7.7099422667064745,36.51172127081854
14.8714622,0.1,38.35519048267105,0.1,63.6545343968845,159.2186616820817,16.158068029259976,12.785063494223687,59.84535829016043
15.7786409,0.1,19.49097592667866,0.1,36.7901540834119,61.683831872068886,8.456309373876746,6.496991975559554,29.185364861771397
12.3869819,0.1,19.497577743398736,0.1,36.81050410629964,58.73116960119909,8.442487570374002,6.499192581132909,29.278680540592017
12.2136874,0.1,28.574677092513376,0.1,38.121498083200855,75.85949867597274,12.921721867297379,9.524892364171135,40.16520666939552
12.7670399,0.1,47.29927514680387,0.1,63.62646810097078,121.6785427124816,21.190743419552383,15.766425048934627,67.47695844051894
