Time,Probability,RiskPremium,T0,T1,T2,Z,Expected,CVaR
20.8913732,0.2,34.049131845609935,0.1,63.17809376188807,156.54192510569598,16.792855294689286,13.095819940619208,54.70038604363338
19.6803938,0.2,62.88966123488254,0.1,63.6545343968845,159.2186616820817,32.48685163636029,24.188331244185548,86.3331147875522
18.1208791,0.2,27.031426902070226,0.1,36.7901540834119,70.95489073513308,13.959744270850107,10.396702654642404,37.14650242041974
18.8366456,0.2,27.037132097771124,0.1,36.81050410629964,70.1419294082679,14.032598876100812,10.3988969606812,36.45525957057242
18.2778779,0.2,45.19980977675854,0.1,38.121498083200855,91.54684087940345,23.559634705928136,17.384542221830234,59.9408707118324
17.4080567,0.2,77.81281561374156,0.1,63.62646810097078,169.065317266968,40.44231196854562,29.92800600528522,104.35298240439263
