Time,Probability,RiskPremium,T0,T1,T2,Z,Expected,CVaR
22.9888362,0.25,43.30413266725756,0.1,63.17809376188807,156.54192510569584,19.010622866470317,15.4657616668777,59.604502336425384
18.2226623,0.25,82.71379761924864,0.1,63.6545343968845,159.21866168208157,39.64582796479642,29.540642006874442,97.17728024476287
22.1855724,0.25,33.989450523009566,0.1,36.7901540834119,71.68030814711354,16.515641322026717,12.139089472503414,38.812688114900546
20.5575788,0.25,33.995837082502355,0.1,36.81050410629964,71.72100819410541,16.636927371994286,12.141370386607987,38.2290670061084
24.7995799,0.25,58.90904059232944,0.1,38.121498083200855,91.54684087940345,29.598130825060267,21.038943068689104,62.398776561589315
21.5731779,0.25,103.0784994027562,0.1,63.6264681009708,159.0940929068077,51.90025259162926,36.81374978669864,108.6362349088394
