Time,Probability,RiskPremium,T0,T1,T2,Z,Expected,CVaR
72.6331551,0.25,16.670820665947144,0.1,21.930607845771405,21.930607845771405,3.3737215165356997,10.419262916216951,21.930607848995077
64.187893,0.25,37.6819903581362,0.1,47.20503088373409,47.20503088373409,8.217299656510342,23.55124397383537,47.20503088499817
44.7413588,0.25,13.297943636509082,0.09999999999999609,15.45600071183972,15.45600071183972,3.200532379007548,8.311214772818044,15.456000711551882
8.1360036,0.25,13.29729261760324,0.1,15.488082330256178,15.488082330256178,3.1921661205375864,8.31080788600201,15.488082330256178
10.25276,0.25,25.373900271404942,0.09999999999999076,29.13839825085831,29.13839825085831,6.195284955703618,15.858687669628294,29.13839825392089
21.5850019,0.25,44.00235498118901,0.1,48.498583330983905,48.498583330983905,11.25160525101051,27.501471863243363,48.498583330984
