Time,Probability,RiskPremium,T0,T1,T2,Z,Expected,CVaR
40.6247828,0.15,10.736087304704757,0.1,14.329502051625408,14.329502051625406,1.7834602900360235,5.3680436523523785,14.329502058143293
41.8370922,0.15,22.522159760041493,0.09999999999999076,30.32640878871993,30.32640878871993,3.634948316035485,11.261079880020747,30.326408789984015
71.7234892,0.15,11.004246794581736,0.1,14.166699788523513,14.166699788523513,2.0362928407978234,5.502123397290868,14.166699788523513
48.9985105,0.15,11.049051964243363,0.09999999999999609,14.176055002132602,14.176055002132602,2.06391437411735,5.5245259821216814,14.176055002132602
163.6896355,0.15,21.504998327217947,0.09999999999999076,27.926495700516167,27.926495700516167,3.8829005490578803,10.752499163608974,27.926495699986546
96.4491386,0.15,35.65751102368742,0.1,47.94684138589646,47.94684138589646,5.781521162222684,17.82875551184369,47.94684138589646
