Time,Probability,RiskPremium,T0,T1,T2,Z,Expected,CVaR
21.8777962,0.05,11.361246492098571,0.1,63.178093761888086,109.79111751075692,4.998948456523372,4.544498596839426,22.722492984197146
13.6655786,0.05,17.35018196522973,0.1,63.6545343968845,119.67234110440711,7.634080064701083,6.940072786091891,34.700363930459446
12.5636288,0.05,9.882932357207741,0.1,36.7901540834119,61.68383187206887,4.348490237171405,3.953172942883093,19.765864714415475
12.6439108,0.05,9.888132122776918,0.1,36.81050410629964,58.05967081709798,4.3507781340218425,3.9552528491107646,19.77626424555384
12.4059373,0.05,12.869352361824347,0.1,38.12149808320086,75.85949867597273,5.662515039202716,5.147740944729735,25.738704723648695
12.8026292,0.05,21.16324261873002,0.1,63.6264681009708,121.67854271248154,9.311826752241213,8.465297047492005,42.32648523746003
