Time,Probability,RiskPremium,T0,T1,T2,Z,Expected,CVaR
12.065412,0.05,-1.129763328814685e-11,2.0,-3.1845320252129264e-9,-3.1845320252129264e-9,-8.255962787491929e-12,-4.3452435723641734e-12,0.0
13.7728217,0.05,0.0,2.0,0.0,0.0,-0.0,0.0,0.0
14.8873536,0.05,-2.6225601838329264e-12,0.1,0.0,0.0,-1.9164862881856e-12,-1.0086769937818947e-12,0.0
22.7768605,0.05,0.0,2.0,0.0,0.0,-0.0,0.0,0.0
27.9678021,0.05,0.0,2.0,0.0,0.0,-0.0,0.0,0.0
30.6963654,0.05,0.0,2.0,5.809681624668883e-9,5.809681624668883e-9,-0.0,0.0,0.0
