Time,Probability,RiskPremium,T0,T1,T2,Z,Expected,CVaR
9.0573525,0.1,9.020582394513497,0.1,20.776237036776724,20.77623703677648,1.3938556412402792,5.306224937949113,20.77623704010981
5.2074685,0.1,15.15755537663183,0.09999999999999076,35.02232176603275,35.02232176603275,2.3254294233602706,8.916209045077542,35.02232176637125
4.9362278,0.1,8.464396111444369,0.1,19.210200362825866,19.210200362825866,1.3506680010685055,4.979056536143789,19.210200364357576
3.8885964,0.1,8.486364923536485,0.09999999999999609,19.371589304789588,19.371589304789588,1.3374440653171455,4.991979366786176,19.37158930967425
5.5187761,0.1,13.446954429831953,0.1,29.478507797606213,29.478507797606213,2.301701045275017,7.9099731940188605,29.478507797606213
19.302239,0.1,22.03209880265823,0.1,48.79686902772711,48.79686902772711,3.6965190480414156,12.960058119210819,48.79686902191743
