Time,Probability,RiskPremium,T0,T1,T2,Z,Expected,CVaR
13.2793776,0.05,12.724596071159594,0.1,63.17809376188807,109.79111751075689,1.907355084169705,4.544498596842711,35.90821054757855
11.5138692,0.05,18.78710549676439,0.1,63.13991010086548,63.13991010086548,2.7458568579142186,6.709680534558706,53.36752105601606
12.4604313,0.05,11.068884240072668,0.1,36.79015408341189,61.68383187206885,1.9172660790028058,3.953172942883093,29.945399033816926
12.2236929,0.05,11.074707977510153,0.1,36.81050410629963,58.05967081709797,1.9603334477257577,3.9552528491107646,29.750861252478916
10.1516874,0.05,14.413674645243262,0.09999999999999076,38.12149808320086,75.85949867597273,2.717050619117231,5.147740944729736,37.89215635171121
12.6455237,0.05,23.702831732977625,0.1,63.62646810097078,121.6785427124816,4.29971522732348,8.465297047492003,63.15439433830268
