Time,Probability,RiskPremium,T0,T1,T2,Z,Expected,CVaR
19.8066685,0.2,23.57247589311458,0.1,63.17809376188807,156.54192510569598,4.667806815118367,13.095819940619208,42.1400656275043
20.9343805,0.2,43.53899623953406,0.09999999999999076,63.6545343968845,159.2186616820816,10.346191759607041,24.188331244185544,69.2106974228926
20.4144551,0.2,18.7140647783563,0.1,36.7901540834119,70.954890735133,4.191515755664742,10.396702654642404,31.025934494888244
20.2637279,0.2,18.718014529226156,0.1,36.81050410629964,70.1419294082679,4.250360990971941,10.3988969606812,30.74267984854628
18.8959584,0.2,31.29217599929441,0.1,38.121498083200855,91.54684087940345,7.843739231385568,17.38454222183023,47.70401495222345
18.5017724,0.2,53.8704108095134,0.1,63.62646810097078,169.065317266968,13.184903856070907,29.928006005285216,83.71551074607171
