Time,Probability,RiskPremium,T0,T1,T2,Z,Expected,CVaR
13.8337139,0.1,0.0,2.0,0.0,0.0,-0.0,0.0,0.0
14.4309475,0.1,0.0,2.0,0.0,0.0,-0.0,0.0,0.0
12.1553784,0.1,0.0,2.0,0.0,0.0,-0.0,0.0,0.0
14.9795763,0.1,0.0,2.0,0.0,0.0,-0.0,0.0,0.0
13.4009318,0.1,0.0,2.0,0.0,0.0,-0.0,0.0,0.0
21.2661872,0.1,0.0,2.0,0.0,0.0,-0.0,0.0,0.0
