Time,Probability,RiskPremium,T0,T1,T2,Z,Expected,CVaR
19.9271971,0.15,11.94374643105771,0.1,15.495621109010278,15.495621109010278,2.3329990045480313,5.687498300503687,15.495621115518698
6.0770912,0.15,25.08586248004969,0.1,32.78506414697371,32.78506414697371,4.804447540740441,11.945648800023674,32.785064148237794
19.6943265,0.15,11.649932094784033,0.1,14.329665148839467,14.329665148839467,2.589514007561849,5.547586711801945,14.329665150352467
31.273053,0.15,11.69309603747466,0.1,14.332356293831854,14.332356293831854,2.619268937211999,5.568140970226041,14.332356295317444
27.8955231,0.15,22.963053992233572,0.1,28.59230541198719,28.59230541198719,4.965259258228297,10.934787615349299,28.59230541198932
30.2237115,0.15,37.707200364214245,0.1,48.40400990794433,48.40400990794433,7.57211058762733,17.955809697244792,48.40400989560039
