Time,Probability,RiskPremium,T0,T1,T2,Z,Expected,CVaR
106.26801,0.25,19.885185900144577,0.1,24.123896063005066,24.123896063005027,4.914889231186825,11.047325500080367,24.123896063005066
64.3617867,0.25,42.634537643931715,0.1,47.68569783924551,47.68569783924551,11.74873031891675,23.6858542466288,47.68569784124913
9.6088146,0.25,16.196034484411218,0.1,17.87810830955099,17.87810830955099,4.534144136497041,8.997796935784146,17.87810830955099
24.3529976,0.25,16.595141051358944,0.1,18.705126273778845,18.705126273778845,4.529937205518303,9.219522806310465,18.70512627141113
20.6812954,0.25,28.625816581136792,0.1,29.298420254923727,29.298420254923727,8.704028500880067,15.903231433965042,29.298420254937337
29.3011727,0.25,49.56984195442915,0.1,48.62972941406456,48.62972940172058,15.703762373857181,27.538801085794056,48.629729401720674
