Time,Probability,RiskPremium,T0,T1,T2,Z,Expected,CVaR
15.8259179,0.25,15.682810647338375,0.1,18.11568288713889,18.11568288713889,3.3459528587879257,9.22518273372853,18.11568289036254
23.5598503,0.25,39.70034152066336,0.1,46.58085760178962,46.58085760178962,8.217499013900882,23.353142070978574,46.580857601789624
5.8643607,0.25,13.43958847891791,0.1,14.12801923095381,14.12801923095381,3.3561155649683583,7.905640281716354,14.12801923095381
28.042926,0.25,13.466142993609443,0.1,14.216804117834618,14.21680411842654,3.3414421724577634,7.921260584476155,14.21680411783461
15.5939853,0.25,26.3187563879116,0.09999999999999076,27.94873735832404,27.94873735832404,6.47364439840127,15.48162140465366,27.948737361386605
53.9996846,0.25,46.38912395686066,0.09999999999999432,47.821957550650154,47.821957550650154,11.914420832787906,27.287719974623975,47.82195754447821
