Time,Probability,RiskPremium,T0,T1,T2,Z,Expected,CVaR
23.2529576,0.25,44.850708833934355,0.1,63.17809376188807,156.54192510569595,21.80689217389584,15.46576166687393,45.77798163953224
21.2864239,0.25,85.66786181993596,0.1,63.6545343968845,159.2186616820817,44.35108384299191,29.540642006874442,76.6451858871527
22.4005499,0.25,35.203359470259855,0.1,36.7901540834119,70.95489073513308,17.986618240086823,12.139089472503418,32.44969650318193
22.7938396,0.25,35.20997412116312,0.1,36.81050410629964,70.14192940826788,18.044088557144516,12.14137038660799,32.23943109625061
20.8023703,0.25,61.01293489919847,0.1,38.121498083200855,91.54684087940345,31.686441580147886,21.038943068689104,54.18914407013498
25.3797857,0.25,106.77915208186772,0.1,63.62646810097078,169.065317266968,55.57163852131364,36.820397269609536,94.36886243338787
