Time,Probability,RiskPremium,T0,T1,T2,Z,Expected,CVaR
31.3926634,0.25,22.362421553850332,0.09999999999999787,24.62849670572856,24.62849670572856,6.474660701770736,11.181210776925166,24.628496705938094
68.9313513,0.25,47.54201505083838,0.1,48.005509623229784,48.0055096232297,15.288931791185487,23.771007525419172,48.00550962322979
33.5901336,0.25,18.522299092023946,0.09999999999999609,18.85765346935813,18.85765346935813,5.902373172840811,9.261149546011971,18.85765346935813
14.037761,0.25,18.774104254803706,0.1,19.342528284414534,19.342528284414534,5.902635472447407,9.387052127401853,19.342528284414534
36.4888205,0.25,31.98358512740184,0.1,29.6335089906022,29.633508990602188,11.21719181428561,15.99179256370092,29.63350899060222
18.8855129,0.25,55.201740571741624,0.09999999999998721,48.86761658353932,48.86761658353932,20.157509083839813,27.600870285870787,48.86761657738795
