Time,Probability,RiskPremium,T0,T1,T2,Z,Expected,CVaR
33.1727483,0.15,16.04062493603188,0.1,20.776237040110033,20.776237040110033,4.2357218813756425,6.974184754796473,20.776237040110047
46.9295367,0.15,35.6744490931927,0.1,47.38587020373188,47.38587020373188,9.007484995549472,15.51063004051864,47.38587020373188
16.4606197,0.15,14.626153211854101,0.1,17.82527359999611,17.82527359999611,4.253829369714986,6.35919704863223,17.825273601509114
6.8587886,0.15,14.811731830860259,0.1,18.103821256680614,18.103821256680614,4.289470175872997,6.439883404721827,18.103821262622976
28.1848412,0.15,25.50945744303658,0.1,29.241190930715387,29.241190930715387,8.065846121443002,11.091068453494222,29.24119093377797
12.8353809,0.15,41.502596892240774,0.09999999999999432,48.78616173271812,48.78616173271812,12.698445514055564,18.04460734445249,48.78616172654615
