Time,Probability,RiskPremium,T0,T1,T2,Z,Expected,CVaR
12.953757,0.05,12.270146211466464,0.1,63.178093761888086,109.79111751075692,4.090048737155486,4.544498596839426,22.722492984197146
10.2519482,0.05,18.738196522448103,0.1,63.6545343968845,119.67234110440711,6.246065507482698,6.940072786091891,34.700363930459446
14.1257164,0.05,10.67356694578436,0.1,36.7901540834119,61.68383187206887,3.5578556485947854,3.953172942883093,19.765864714415475
17.1187279,0.05,10.679182692599078,0.1,36.81050410629964,58.05967081709798,3.5597275641996964,3.9552528491107646,19.77626424555384
17.514317,0.05,13.898900550770293,0.1,38.12149808320086,75.85949867597273,4.632966850256768,5.147740944729735,25.738704723648695
12.1963958,0.05,22.856302028228427,0.1,63.6264681009708,121.67854271248154,7.618767342742808,8.465297047492005,42.32648523746003
