Time,Probability,RiskPremium,T0,T1,T2,Z,Expected,CVaR
14.0846001,0.05,9.088997193678852,0.1,63.178093761888086,109.79111751075692,0.6816747895259112,4.544498596839426,30.29665731226287
36.1181743,0.05,13.88014557218379,0.1,63.6545343968845,119.67234110440711,1.0410109179137914,6.940072786091891,46.267151907279256
25.3906114,0.05,7.906345885766188,0.1,36.7901540834119,61.68383187206887,0.5929759414324627,3.953172942883093,26.35448628588731
24.9058395,0.05,7.910505698221539,0.1,36.81050410629964,58.05967081709798,0.5932879273666184,3.9552528491107646,26.3683523274051
28.8674168,0.05,10.29548188945947,0.1,38.12149808320086,75.85949867597273,0.7721611417094645,5.147740944729735,34.31827296486488
20.3336387,0.05,16.93059409498401,0.1,63.6264681009708,121.67854271248154,1.2697945571237972,8.465297047492005,56.4353136499467
