Time,Probability,RiskPremium,T0,T1,T2,Z,Expected,CVaR
11.4878019,0.05,-9.125011501964763e-12,2.0,-3.1845320252129264e-9,-3.1845320252129264e-9,-6.0833410013098425e-12,-4.3452435723641734e-12,0.0
10.7976862,0.05,5.480967502080603e-12,2.0,3.91497678720043e-9,3.91497678720043e-9,3.653978334720402e-12,2.6099845248002867e-12,0.0
13.3970938,0.05,-2.118221686941979e-12,0.1,0.0,0.0,-1.4121477912946528e-12,-1.0086769937818947e-12,0.0
15.9092411,0.05,0.0,2.0,0.0,0.0,-0.0,0.0,0.0
24.8235031,0.05,5.131229841026652e-12,2.0,3.6651641721618944e-9,3.6651641721618944e-9,3.420819894017768e-12,2.443442781441263e-12,0.0
14.8750061,0.05,0.0,2.0,5.809681624668883e-9,5.809681624668883e-9,-0.0,0.0,0.0
