Time,Probability,RiskPremium,T0,T1,T2,Z,Expected,CVaR
37.9775327,0.2,28.064484495838816,0.09999999999999609,26.823933423649613,26.823933423649613,11.32109302012778,10.023030177085317,26.823933423649613
16.8569364,0.2,56.30851285165339,0.09999999999999432,48.84643621076851,48.84643621076851,24.703828470057527,20.11018316130478,48.84643621203259
17.0453449,0.2,24.438549095944797,0.1,22.78838962083905,22.78838962083905,10.086361298478128,8.728053248551662,22.78838962083905
14.4292548,0.2,24.74934859021432,0.1,23.03803870475962,23.03803870475962,10.230701265421981,8.839053067933742,23.038038710080095
13.449382,0.2,40.027199869686086,0.1,32.37170456960422,32.37170456960422,18.501260926911574,14.295428524887804,32.37170456960422
34.8040485,0.2,66.06537819225467,0.1,52.14610207256932,52.14610207256932,31.050070607743628,23.594777925805257,52.14610207256932
