Time,Probability,RiskPremium,T0,T1,T2,Z,Expected,CVaR
45.6161867,0.25,35.486704434267956,0.1,30.0152077801474,30.015207776923752,17.027465200087235,12.236794632506163,30.0152077801474
21.8635984,0.25,72.69963548955552,0.09999999999999076,54.847840564231234,54.847840564231234,37.20814540604218,25.0688398239845,54.84784056549532
23.5946277,0.25,31.281865304199894,0.1,25.91154181324273,25.91154181324273,15.201373101785155,10.786850104896589,25.911541812091382
22.9671853,0.25,31.48895460696818,0.09999999999999787,26.065928860761794,26.065928860761794,15.308010370485635,10.85826020929933,26.06592885839408
20.2734543,0.25,56.823569634092784,0.1,38.12149808320086,49.36808330389171,26.80842314595142,19.59433435658358,49.36808330389171
15.9065234,0.25,101.58007009508961,0.1,63.6264681009708,91.94217841381048,46.63236090480484,35.027610377617165,91.94217841381048
