Time,Probability,RiskPremium,T0,T1,T2,Z,Expected,CVaR
40.4260714,0.15,21.129553563044897,0.09999999999999609,26.918397089934857,26.918397089934857,7.365308474827699,8.126751370401953,26.918397096452754
39.6213924,0.15,40.92867317979006,0.09999999999999076,48.60387466564532,48.60387466564532,15.328252615927266,15.741797376842245,48.60387466691051
10.0445915,0.15,18.32493132902902,0.09999999999999609,21.531929256062593,21.531929256062593,6.931717194394757,7.048050511165066,21.531929256062593
17.8215876,0.15,18.718011793968756,0.1,22.262286486412496,22.262286486412496,6.9998611325014775,7.199235305372601,22.262286492354857
22.4002696,0.15,29.55527066313121,0.1,30.797450207643184,30.797450207643184,12.358847344461147,11.367411793511959,30.797450210705765
11.6850764,0.15,48.070467671458246,0.1,51.38622079910924,51.38622079910924,19.712552443255785,18.48864141209939,51.38622079910924
