Time,Probability,RiskPremium,T0,T1,T2,Z,Expected,CVaR
23.8245112,0.25,40.21098033387221,0.1,63.17809376188807,156.54192510569595,18.682774672466607,15.46576166687393,45.77798163953224
25.4691537,0.25,76.80566921787369,0.1,63.6545343968845,159.2186616820817,37.84411843494349,29.540642006874442,76.6451858871527
21.773977,0.25,31.56163262850889,0.1,36.7901540834119,70.95489073513308,15.360421749869786,12.139089472503418,32.44969650318193
26.657677,0.25,31.567563005180766,0.1,36.81050410629964,70.14192940826788,15.406580476644258,12.14137038660799,32.23943109625061
22.571613,0.25,54.701251978591635,0.1,38.121498083200855,91.54684087940345,27.032268709613334,21.038943068689104,54.18914407013498
22.3661939,0.25,95.73303290098482,0.1,63.62646810097078,169.065317266968,47.40294259861947,36.820397269609536,94.36886243338787
