Time,Probability,RiskPremium,T0,T1,T2,Z,Expected,CVaR
14.5943678,0.1,15.419884533412949,0.1,63.178093761888086,109.79111751075695,4.311576520705258,7.7099422667064745,41.693599726718645
12.3846503,0.1,25.570126988447374,0.1,63.6545343968845,159.2186616820817,7.5221071541472595,12.785063494223687,65.414626894988
12.838701,0.1,12.993983951119109,0.1,36.7901540834119,61.683831872068886,3.9000283077850804,6.496991975559554,32.46662865330432
27.4349639,0.1,12.998385162265834,0.1,36.81050410629964,58.73116960119909,3.9161682970990803,6.499192581132909,32.32943542147129
23.2960247,0.1,19.04978472834227,0.1,38.121498083200855,75.85949867597274,6.0520259246792465,9.524892364171135,44.25355675909002
22.3334636,0.1,31.532850097869254,0.1,63.62646810097078,121.6785427124816,9.806624273636809,15.766425048934627,75.36443280191288
