Time,Probability,RiskPremium,T0,T1,T2,Z,Expected,CVaR
23.6034052,0.25,37.11782800049746,0.1,63.17809376188807,156.54192510569595,14.074011340458943,15.46576166687393,45.77798163953224
23.0200446,0.25,70.8975408164987,0.1,63.6545343968845,159.2186616820817,29.58076283955465,29.540642006874442,76.6451858871527
20.3121885,0.25,29.133814734008176,0.1,36.7901540834119,70.95489073513308,11.917073503835152,12.139089472503418,32.44969650318193
23.0773724,0.25,29.139288927859187,0.1,36.81050410629964,70.14192940826788,11.97340336384055,12.14137038660799,32.23943109625061
21.1725905,0.25,50.49346336485377,0.1,38.121498083200855,91.54684087940345,21.16697004580318,21.038943068689104,54.18914407013498
26.2602404,0.25,88.36895344706299,0.1,63.62646810097078,169.065317266968,37.16143988650891,36.820397269609536,94.36886243338787
