Time,Probability,RiskPremium,T0,T1,T2,Z,Expected,CVaR
22.2569618,0.25,37.117828000497454,0.1,63.17809376188807,156.54192510569595,11.042789343193137,15.465761666873927,45.77798163953224
27.1026578,0.25,70.87865556977118,0.1,63.6545343968845,149.8121733408143,24.870308451526896,29.532773154071304,76.60584162313702
22.5599511,0.25,29.13381473400817,0.1,36.7901540834119,70.954890735133,9.886012800767299,12.139089472503418,32.449696503181926
19.4811011,0.25,29.139288927859177,0.1,36.81050410629964,71.72100819410541,9.96359729287628,12.141370386607987,32.2394310962506
25.2437111,0.25,50.49346336488489,0.1,38.121498083200855,91.54684087940338,17.851949945658617,21.03894306870207,54.1891440701998
21.1190595,0.25,88.36895344706299,0.1,63.62646810097078,169.065317266968,31.40659337013101,36.820397269609536,94.36886243338785
