Time,Probability,RiskPremium,T0,T1,T2,Z,Expected,CVaR
24.8458052,0.15,14.623164722493936,0.09999999999999432,20.725580377551317,20.725580377551317,3.5311023664418375,6.963411772616187,20.72558038406921
16.395468,0.15,32.56857755006753,0.1,47.37750251951568,47.3775025195157,7.499134277523677,15.508846452412953,47.3775025195157
17.2948974,0.15,13.33884895341047,0.1,17.790797141619223,17.790797141619223,3.555326826000608,6.3518328349573565,17.79079714313223
13.2514318,0.15,13.420829068526626,0.1,17.874509340643684,17.874509340643684,3.5848665766848247,6.39087098501267,17.874509341109682
23.6863716,0.15,23.26686238075067,0.1,29.186583146310028,29.186583146310028,6.755266643272145,11.07945827654796,29.186583146316302
32.7725897,0.15,37.857383131967495,0.09999999999998721,48.70315778524289,48.70315778524289,10.627308083848744,18.02732530093689,48.70315779154333
