Time,Probability,RiskPremium,T0,T1,T2,Z,Expected,CVaR
4.3893135,0.15,14.280530215501868,0.1,28.87210242483999,28.87210242483999,3.833039270041567,8.400311891471713,28.87210243135787
5.1684136,0.15,26.9807065831404,0.09999999999999076,49.57173208192198,49.57173208192198,7.739629889756179,15.871003872435486,49.571732081921965
4.3085038,0.15,12.690404675963283,0.1,24.461262483943745,24.461262483943745,3.5258288932353925,7.464943927037187,24.461262483943745
4.7634337,0.15,12.934937439346143,0.1,25.157638569742033,25.157638569742033,3.57126552565327,7.608786729027169,25.157638575684395
4.3159372,0.15,19.928901721176082,0.1,33.26401565548158,33.26401565548158,6.05190512677,11.722883365397719,33.26401565548158
4.2180645,0.15,32.67149658839844,0.1,56.6907005521194,56.6907005521194,9.70575186935744,19.218527404940218,56.69070054594743
