Time,Probability,RiskPremium,T0,T1,T2,Z,Expected,CVaR
58.6597354,0.15,15.098075179534142,0.09999999999999867,18.956852041257147,18.956852041257147,3.5767060527195493,6.564380512840931,18.956852047775044
42.2490845,0.15,35.58374235559397,0.1,47.21159820582322,47.211598205823236,7.416387676153363,15.471192328519031,47.211598205823236
61.1343132,0.15,13.529640875234767,0.1,15.693383843486822,15.693383843486822,3.722815805172944,5.882452554449878,15.69338384347976
44.6048432,0.15,13.468660909396633,0.1,15.49431466615303,15.49431466615303,3.7573713274407097,5.855939525824555,15.49431466615303
69.3031304,0.15,25.36358786511037,0.1,28.956878120996425,28.956878120996425,7.164248476762388,11.027646897873986,28.956878124059006
104.7869384,0.15,41.39740552722145,0.1,48.57463789436923,48.57463789436923,11.168227190928121,17.99887196835712,48.57463788819727
