Time,Probability,RiskPremium,T0,T1,T2,Z,Expected,CVaR
16.2225099,0.25,21.868786249547853,0.09999999999999076,26.020989392135824,26.020989392135824,6.731123276685566,11.509887499762163,26.020989392162686
6.3744982,0.25,45.54585227309779,0.0999999999999801,48.82529360616056,48.82529360616056,15.360902973966393,23.971501196367214,48.82529360742464
6.3172225,0.25,19.46804695897656,0.09999999999999609,23.02683277438078,23.02683277438078,6.02658338712591,10.246340504724396,23.02683277322943
6.3534115,0.25,19.68007156837519,0.09999999999999787,23.367196498480777,23.367196498480777,6.069823141040949,10.357932404408047,23.367196496113063
7.1782817,0.25,31.80998449124287,0.09999999999999432,32.79478265316882,32.79478265316882,11.054716001694473,16.742097100654064,32.7947826562314
6.9249081,0.25,53.819340912203316,0.1,52.02450842275262,52.02450842275262,19.56873713064567,28.325968901159396,52.02450842275262
