Time,Probability,RiskPremium,T0,T1,T2,Z,Expected,CVaR
21.3533931,0.2,28.81080386936227,0.1,63.17809376188807,156.54192510569598,8.915172210789988,13.095819940619208,47.094878530384605
18.2818918,0.2,53.21432873720826,0.1,63.6545343968845,159.2186616820817,18.680755833625277,24.188331244185548,75.91453954117243
24.5265405,0.2,22.872745840213298,0.1,36.7901540834119,70.95489073513308,7.834828351237227,10.396702654642404,33.602776826310794
18.7791115,0.2,22.877573313498637,0.1,36.81050410629964,70.1419294082679,7.924957257111611,10.3988969606812,33.16749243921033
19.9424141,0.2,38.24599288802655,0.1,38.121498083200855,91.54684087940345,13.783373802713873,17.384542221830234,52.774926539242415
18.161922,0.2,65.84161321162753,0.1,63.62646810097078,169.065317266968,23.1540280121273,29.92800600528522,93.7259019763601
