Time,Probability,RiskPremium,T0,T1,T2,Z,Expected,CVaR
24.8478754,0.25,46.397285000621814,0.1,63.17809376188807,156.54192510569595,23.717181471131866,15.46576166687393,51.53747097995397
27.9642287,0.25,88.62192602062345,0.1,63.6545343968845,159.2186616820817,48.05924538182389,29.540642006874442,84.65083516649952
22.5188196,0.25,36.41726841751025,0.1,36.7901540834119,70.95489073513308,19.72120121157617,12.139089472503418,34.92397813965663
21.8485009,0.25,36.424111159823994,0.1,36.81050410629964,70.14192940826788,19.78725957497556,12.14137038660799,34.61877637781018
21.306125,0.25,63.11682920606738,0.1,38.121498083200855,91.54684087940345,34.48824552642815,21.038943068689104,58.9871461234396
37.2040333,0.25,110.46119180882881,0.1,63.62646810097078,169.065317266968,60.2282734288962,36.820397269609536,103.88300282122408
