Time,Probability,RiskPremium,T0,T1,T2,Z,Expected,CVaR
44.7099705,0.25,27.54828103242926,0.1,31.948596844451263,31.948596844451263,11.141004924473814,12.52194592383148,31.948596844451263
23.837846,0.25,55.62422722549311,0.1,56.29084035375601,56.29084035375601,24.139067436380863,25.283739647951407,56.29084035375601
26.7596421,0.25,23.856199797559363,0.09999999999999609,26.29406788551365,26.29406788551365,9.922404476096863,10.84372718070881,26.294067884477432
20.3302133,0.25,24.06136867042984,0.1,26.60227629377116,26.60227629377116,9.991324804720115,10.936985759286324,26.602276291403435
21.6289087,0.25,43.61323833824508,0.1,38.12149808320086,50.906926778961875,17.57249358672725,19.824199244656786,50.906926778961875
15.2906813,0.25,77.45869236781208,0.1,63.62646810097078,93.15063864033213,30.661767415086587,35.20849653082364,93.15063864033213
