Time,Probability,RiskPremium,T0,T1,T2,Z,Expected,CVaR
58.5009327,0.15,22.65237693885243,0.1,28.788645345069583,28.78864534506958,9.162888675124119,8.389769236612013,28.788645345077416
20.4998108,0.15,42.76108876300491,0.09999999999999076,49.305809248771,49.305809248771,18.55655623855042,15.837440282594493,49.30580925003508
12.4824315,0.15,20.130425217961168,0.1,24.387988042214918,24.387988042214918,8.441643424640473,7.455713043689341,24.387988042214918
32.9026043,0.15,20.48619493989285,0.09999999999999609,24.98744347918995,24.98744347918995,8.548724363084009,7.5874796073676825,24.98744348513231
12.1456838,0.15,31.453346400142,0.1,32.683026041527704,32.683026041527704,14.545549222288383,11.64938755560808,32.683026044590285
11.3061897,0.15,51.746000200557944,0.09999999999998721,56.26509832762224,56.26509832762224,23.305836675596016,19.16518525946588,56.26509832145027
