Time,Probability,RiskPremium,T0,T1,T2,Z,Expected,CVaR
42.4966049,0.2,12.652015503959607,0.1,18.285646035488078,18.285646035488078,2.149971727606534,7.9075096899748285,18.28564603548808
100.3042475,0.2,31.384435358699722,0.1,46.71492694300381,46.71492694300381,4.994249548242166,19.61527209918727,46.714926944267894
11.6225071,0.2,10.843620175527095,0.09999999999999609,14.263792890032924,14.263792890032924,2.1947249952945302,6.777262609704362,14.263792891816987
39.4369616,0.2,10.970486757347857,0.1,14.278024797102052,14.278024797102006,2.2585648905655633,6.85655422334237,14.278024797102052
16.5907419,0.2,21.45614720768058,0.10000000153128141,28.267781800798204,28.267781800798204,4.331632753689292,13.410092004800314,28.26778180156385
67.6482404,0.2,36.410934783288404,0.1,48.1174727556155,48.1174727556155,7.313940916261135,22.75683423955519,48.11747274944356
