Time,Probability,RiskPremium,T0,T1,T2,Z,Expected,CVaR
17.8396577,0.15,27.58342943465763,0.1,47.39348859370058,47.39348859370058,13.977978255701183,9.851224798092025,47.39348860673636
15.7807974,0.15,47.84827364324995,0.1,62.95705666636409,62.95705666636409,26.17276573414037,17.088669158303517,62.95705666636409
15.1748055,0.15,22.428477204085997,0.1,30.954424316121795,30.954424316121795,12.123881385446191,8.01017043003072,30.954424316121795
24.4234415,0.15,22.502343667020273,0.1,30.16697534855153,30.16697534855153,12.252749952885809,8.036551309650099,30.166975354493893
15.2283752,0.15,37.11217395191446,0.1,38.121498083200855,55.77733528121934,19.605527367820084,13.254347839969405,55.77733528121934
15.2659218,0.15,62.67900583628828,0.1,63.62646810097078,96.54548358098387,32.87763417366866,22.385359227245804,96.54548358098387
