Time,Probability,RiskPremium,T0,T1,T2,Z,Expected,CVaR
50.2126625,0.15,8.441307635672507,0.1,13.093489190165059,13.093489190165059,0.2246269110703294,4.965475079807372,13.093489191794532
112.5588592,0.15,17.2739803001475,0.1,26.897442357996045,26.897442357996045,0.4183044274853166,10.161164882439616,26.897442357996045
42.676515,0.15,8.876765962534503,0.1,13.292269081216727,13.292269081216705,0.42688210797676174,5.221627036785042,13.292269081216727
106.935897,0.15,8.911139960910065,0.09999999999999787,13.298782068456248,13.298782068456248,0.44651891202990857,5.2418470358293785,13.298782068456248
42.6200323,0.15,17.700637812286555,0.1,26.861549013235308,26.861549013235308,0.7087342707941092,10.412139889580368,26.861549019360456
10.6053485,0.15,29.924908272905697,0.09999999999999427,47.235695191474974,47.235695191474974,0.46889786717079196,17.602887219356198,47.235695185303
