Time,Probability,RiskPremium,T0,T1,T2,Z,Expected,CVaR
16.0761101,0.15,26.976990549415,0.1,63.178093761888086,109.79111751075698,7.024919870921668,10.375765595928852,37.736637260398794
13.3617143,0.15,48.217586532876425,0.1,63.6545343968845,159.2186616820817,14.272786827175675,18.54522558956784,62.54400877851889
14.5821564,0.15,22.173095627233682,0.1,36.7901540834119,61.68383187206888,6.608769467126351,8.528113702782191,28.631577866568378
19.1245749,0.15,22.17903512791607,0.1,36.81050410629964,59.60930820403673,6.652115703056138,8.530398126121549,28.520458979659754
13.0611162,0.15,35.34354327660798,0.1,38.121498083200855,91.54684087940345,11.894578323375272,13.59367049100308,41.75165466880207
10.220034,0.15,59.554621553390604,0.1,63.62646810097078,169.06531726696798,19.08403098340582,22.905623674380998,73.09124337610605
