Time,Probability,RiskPremium,T0,T1,T2,Z,Expected,CVaR
20.5256012,0.2,30.120385863424193,0.1,63.17809376188807,156.54192510569598,12.864109312503576,13.095819940619208,54.70038604363338
18.5046605,0.2,55.63316186162689,0.1,63.6545343968845,159.2186616820817,25.23035226310465,24.188331244185548,86.3331147875522
18.9684758,0.2,23.91241610567753,0.1,36.7901540834119,70.95489073513308,10.840733474457409,10.396702654642404,37.14650242041974
18.2216454,0.2,23.917463009566774,0.1,36.81050410629964,70.1419294082679,10.912929787896461,10.3988969606812,36.45525957057242
19.7396675,0.2,39.984447110209516,0.1,38.121498083200855,91.54684087940345,18.344272039379113,17.384542221830234,59.9408707118324
17.4105498,0.2,68.83441381215601,0.1,63.62646810097078,169.065317266968,31.46391016696007,29.92800600528522,104.35298240439263
