Time,Probability,RiskPremium,T0,T1,T2,Z,Expected,CVaR
12.0077012,0.05,-1.2166682002619683e-11,2.0,-3.1845320252129264e-9,-3.1845320252129264e-9,-9.34227368058297e-12,-4.3452435723641734e-12,0.0
11.0353206,0.05,7.307956669440803e-12,2.0,3.91497678720043e-9,3.91497678720043e-9,5.611466728320616e-12,2.6099845248002867e-12,0.0
12.6893042,0.05,-2.824295582589305e-12,0.1,0.0,0.0,-2.168655536631073e-12,-1.0086769937818947e-12,0.0
12.2618618,0.05,0.0,2.0,0.0,0.0,-0.0,0.0,0.0
13.0343892,0.05,6.841639788035535e-12,2.0,3.6651641721618944e-9,3.6651641721618944e-9,5.253401980098714e-12,2.443442781441263e-12,0.0
12.0305359,0.05,0.0,2.0,5.809681624668883e-9,5.809681624668883e-9,-0.0,0.0,0.0
