Time,Probability,RiskPremium,T0,T1,T2,Z,Expected,CVaR
17.4682794,0.05,8.812100933135007,0.1,24.378661680503996,24.378661680503996,1.224952923996771,3.389269589667316,24.378661687021868
21.4381673,0.05,12.666331399314787,0.09999999999998721,34.9889353792921,34.9889353792921,1.7712115859834443,4.871665922813379,34.98893537540322
12.2618642,0.05,8.504199468109139,0.1,23.18898542312519,23.18898542312519,1.2497256237633219,3.2708459492727493,23.188985424638204
13.322932,0.05,8.612427017214086,0.1,23.39483036199371,23.39483036199371,1.2834834010571792,3.312471929697729,23.39483036199371
11.1384642,0.05,12.022941498530095,0.09999999999999432,32.657572648252845,32.657572648252845,1.7920603546801943,4.62420826866543,32.65757264458768
7.8540753,0.05,19.10221031999455,0.1,52.024508422752604,52.024508422752604,2.81970546006108,7.347003969228684,52.024508422752604
