Time,Probability,RiskPremium,T0,T1,T2,Z,Expected,CVaR
10.2958663,0.15,11.664483657099291,0.1,20.256640271995888,20.256640271995888,2.123986822886671,6.8614609747642445,20.256640272006152
8.6001742,0.15,26.3488899640994,0.1,47.33407430036589,47.33407430036589,4.482597473608988,15.499347037705464,47.334074301629954
8.6898216,0.15,10.381720487597507,0.1,16.67327866647158,16.67327866647158,2.161549230425258,6.106894404469174,16.673278667984572
10.3383321,0.15,10.456783767960347,0.1,16.78342524045878,16.78342524045878,2.1792592996519855,6.151049275270735,16.783425240458776
16.4146759,0.15,18.811114632704236,0.1,29.121920059693544,29.121920059693544,4.134441380620824,11.065361548649628,29.121920065818706
10.8743126,0.15,30.619208562853547,0.1,48.62972940789265,48.62972940789265,6.484223358813619,18.0112991546198,48.629729401720674
