Time,Probability,RiskPremium,T0,T1,T2,Z,Expected,CVaR
13.9165585,0.05,9.701328861585322,0.1,25.110827649723912,25.110827649723912,1.9073550841697258,3.4647603077090254,25.110827656241778
28.973616,0.05,13.656551627187948,0.1,35.04411437895728,35.04411437895728,2.7458568579142453,4.877339866852844,35.04411437895728
21.6276575,0.05,9.510023128339448,0.1,24.37803792048393,24.37803792048393,1.9172660790028153,3.3964368315497837,24.378037920483923
21.5057383,0.05,9.583189479713095,0.1,24.424009478267017,24.424009478267017,1.9603334477456664,3.422567671326099,24.42400947453276
20.9084141,0.05,12.953957201102781,0.1,32.678895420150866,32.678895420150866,2.717047488186091,4.626413286108139,32.678895420150866
9.0569415,0.05,20.927875417138132,0.1,53.24383607325712,53.24383607325712,4.2997152273234915,7.4742412204064825,53.24383606744744
