Time,Probability,RiskPremium,T0,T1,T2,Z,Expected,CVaR
24.0072711,0.2,21.732052050638217,0.09999999999999432,28.780779813405367,28.780779813405367,7.697019116124232,10.348596214589664,28.780779814211286
17.5376193,0.2,42.77934389862774,0.09999999999998366,50.480119226449204,50.480119226449204,16.38642713957486,20.37111614220375,50.480119226449204
18.3973506,0.2,19.236343921623764,0.1,25.359184269538726,25.359184269538726,6.836376048527392,9.160163772201752,25.359184276674977
27.5928261,0.2,19.2907255273992,0.09999999999999609,25.08407949728108,25.08407949728108,6.92506180771535,9.18605977495195,25.0840794986112
17.5534257,0.2,30.70375432972746,0.1,34.362479551107356,34.362479551107356,12.134590103419448,14.620835395108221,34.362479551107356
12.1121425,0.2,51.63944877522495,0.1,58.15188650203069,58.15188650203069,20.33690051282834,24.590213702488136,58.15188650203069
