Time,Probability,RiskPremium,T0,T1,T2,Z,Expected,CVaR
9.3285897,0.1,9.084538044299526,0.1,18.11568288713889,18.115682880621026,0.9696154629229097,4.781335812789178,18.11568288713889
6.128871,0.1,15.014080397202687,0.09999999999999076,29.870509053088824,29.870509053088824,1.619842450507992,7.902147577475175,29.870509054353487
8.71035,0.1,8.229414093718708,0.1,15.983606305695668,15.983606305695668,0.9850595855637337,4.331270575641386,15.983606305695702
11.8298965,0.1,8.196436753990142,0.09999999999999609,15.973394510396192,15.973394510396192,0.9676525643843478,4.3139140810474155,15.973394515280853
18.1993501,0.1,14.866840902485029,0.1,29.040154741850422,29.040154741850422,1.738312387128072,7.824653106571097,29.04015474171477
20.4777698,0.1,24.540993863277407,0.1,48.574681710813266,48.57468171081325,2.7100890159146975,12.916312559619685,48.574681710592095
