Time,Probability,RiskPremium,T0,T1,T2,Z,Expected,CVaR
32.6163279,0.25,20.03511347810286,0.1,31.948596841227616,31.948596841227616,5.570502462224862,12.521945923814284,31.948596844451263
21.7056105,0.25,40.45398343672218,0.1,56.29084035375601,56.29084035375601,12.069533718190396,25.283739647951407,56.29084035375601
25.9024699,0.25,17.35003932116531,0.09999999999999609,26.29440009261078,26.29440009261078,4.9612021937488,10.843774575728247,26.29440009261078
21.9789718,0.25,17.49917721485805,0.1,26.60227629377116,26.60227629377116,4.995662402360013,10.936985759286324,26.602276291403435
24.7616918,0.25,31.71871879145071,0.1,38.12149808320086,50.906926778961875,8.786246793363413,19.824199244656786,50.906926778961875
20.714143,0.25,56.33359444931786,0.1,63.62646810097078,93.15063864033213,15.330883707543261,35.20849653082364,93.15063864033213
