Time,Probability,RiskPremium,T0,T1,T2,Z,Expected,CVaR
40.2751695,0.1,9.793410297095223,0.1,15.803318995321387,15.803318995321387,0.9172800153750473,4.258004476997881,15.803318988803516
83.7711665,0.1,17.809692733996997,0.1,29.15527675337154,29.15527675337154,1.5015752324753122,7.7433446669552195,29.15527675337154
12.9924926,0.1,9.48434739180375,0.1,15.063180458915935,15.063180458915935,0.9848976269420793,4.1236293007842795,15.063180460977728
14.8531604,0.1,9.39229533447741,0.09999999999999609,14.94168794787747,14.94168794787747,0.965456153074127,4.083606667164101,14.941687952762132
20.7688006,0.1,17.89510641134992,0.1,28.843412551406704,28.84341254774153,1.689452763205448,7.780481048412945,28.84341254774154
9.2932091,0.1,29.674705005163883,0.1,48.51292738279229,48.51292738279229,2.5283066599765354,12.902045654418995,48.51292738133988
