Time,Probability,RiskPremium,T0,T1,T2,Z,Expected,CVaR
15.7589644,0.15,25.93941398982213,0.1,63.178093761888086,109.79111751075698,7.355386894552293,10.375765595928852,37.736637260398794
18.8129093,0.15,46.36306397391959,0.1,63.6545343968845,159.2186616820817,14.618203427666431,18.54522558956784,62.54400877851889
18.1230791,0.15,21.320284256955453,0.1,36.7901540834119,61.68383187206888,6.761131305037413,8.528113702782191,28.631577866568378
16.1191674,0.15,21.325995315303892,0.1,36.81050410629964,59.60930820403673,6.798578933120877,8.530398126121549,28.520458979659754
14.7112306,0.15,33.98417622750768,0.1,38.121498083200855,91.54684087940345,11.943110483164965,13.59367049100308,41.75165466880207
14.199703,0.15,57.26405918595251,0.1,63.62646810097078,169.06531726696798,19.302749601054,22.905623674380998,73.09124337610605
