Time,Probability,RiskPremium,T0,T1,T2,Z,Expected,CVaR
25.3797353,0.25,24.745218666998305,0.1,63.17809376188807,156.54192510569595,5.672286068816383,15.46576166687393,51.53747097995397
24.3515777,0.25,47.26502721099912,0.1,63.6545343968845,159.2186616820817,12.213365888162157,29.540642006874442,84.65083516649952
23.3960613,0.25,19.422543156005492,0.1,36.7901540834119,70.95489073513308,5.004964816786773,12.139089472503418,34.92397813965663
22.8708352,0.25,19.42619261857276,0.1,36.81050410629964,70.14192940826788,5.037081632844551,12.14137038660799,34.61877637781018
23.4112371,0.25,33.66230890990257,0.1,38.121498083200855,91.54684087940345,8.828545535738456,21.038943068689104,58.9871461234396
19.9875492,0.25,58.91263563137533,0.1,63.62646810097078,169.065317266968,15.385977806604277,36.820397269609536,103.88300282122408
