Time,Probability,RiskPremium,T0,T1,T2,Z,Expected,CVaR
72.5476864,0.25,20.346656216028396,0.1,25.120036604273857,25.120036604273857,5.588873641614863,11.303697897793462,25.120036604273853
26.5885156,0.25,43.04604029349715,0.09999999999998366,48.57512938456597,48.57512938456597,12.966651349140639,23.914466829720723,48.57415528826338
50.1148209,0.25,17.475246658787658,0.1,20.653440447582696,20.653440447582696,5.030533772109369,9.708470365993145,20.65344044873405
12.1982623,0.25,17.98064957424728,0.1,21.774876129025838,21.774876129025838,5.044993219979714,9.989249763470777,21.774876126658125
22.7332402,0.25,29.498304897346394,0.09999999999999076,31.251861282653202,31.251861282653202,9.394379202597426,16.387947165192458,31.251861283418847
31.2513431,0.25,49.82209279206298,0.1,49.18986045943214,49.18986045943214,16.76542234872176,27.678940440034882,49.18986045326019
