Time,Probability,RiskPremium,T0,T1,T2,Z,Expected,CVaR
12.5919949,0.05,-9.125011501964763e-12,2.0,-3.1845320252129264e-9,-3.1845320252129264e-9,-6.51786535854626e-12,-4.3452435723641734e-12,0.0
14.3694399,0.05,5.480967502080603e-12,2.0,3.91497678720043e-9,3.91497678720043e-9,3.914976787200431e-12,2.6099845248002867e-12,0.0
10.9482122,0.05,-2.118221686941979e-12,0.1,0.0,0.0,-1.5130154906728423e-12,-1.0086769937818947e-12,0.0
12.798638,0.05,0.0,2.0,0.0,0.0,-0.0,0.0,0.0
10.4377049,0.05,5.131229841026652e-12,2.0,3.6651641721618944e-9,3.6651641721618944e-9,3.6651641721618945e-12,2.443442781441263e-12,0.0
12.3090017,0.05,0.0,2.0,5.809681624668883e-9,5.809681624668883e-9,-0.0,0.0,0.0
