Time,Probability,RiskPremium,T0,T1,T2,Z,Expected,CVaR
16.3830258,0.15,31.127296787786555,0.1,63.178093761888086,109.79111751075698,13.157961288513789,10.375765595928852,48.34361511264845
16.2609972,0.15,55.63567676870356,0.1,63.6545343968845,159.2186616820817,25.662543335408547,18.54522558956784,75.68476480820352
13.3011312,0.15,25.58434110834659,0.1,36.7901540834119,61.68383187206888,11.790712885159708,8.528113702782191,34.85568630480569
12.8178075,0.15,25.591194378364673,0.1,36.81050410629964,59.60930820403673,11.932129060056342,8.530398126121549,34.17373408705541
12.0256983,0.15,40.7810114730092,0.1,38.121498083200855,91.54684087940345,19.574308820224037,13.59367049100308,51.658831299913444
13.2616643,0.15,68.71687102314303,0.1,63.62646810097078,169.06531726696798,31.787217970535124,22.905623674380998,93.02577056551507
