Time,Probability,RiskPremium,T0,T1,T2,Z,Expected,CVaR
9.9552915,0.1,0.0,2.0,0.0,0.0,-0.0,0.0,0.0
11.6828143,0.1,0.0,2.0,0.0,0.0,-0.0,0.0,0.0
9.9549914,0.1,0.0,2.0,0.0,0.0,-0.0,0.0,0.0
11.2221298,0.1,0.0,2.0,0.0,0.0,-0.0,0.0,0.0
8.7914665,0.1,0.0,2.0,0.0,0.0,-0.0,0.0,0.0
10.9719295,0.1,0.0,2.0,0.0,0.0,-0.0,0.0,0.0
