Time,Probability,RiskPremium,T0,T1,T2,Z,Expected,CVaR
34.8828963,0.2,28.064484497475593,0.1,26.82393342364961,26.82393342364961,11.321093020124348,10.023030177669845,26.823933426873285
17.3424866,0.2,56.30851285165339,0.09999999999998721,48.846436210768516,48.846436210768516,24.703828470057527,20.11018316130478,48.8464362120326
15.3941483,0.2,24.438549095944797,0.1,22.78838962083905,22.78838962083905,10.086361298478128,8.728053248551662,22.78838962083905
14.5473202,0.2,24.74934859021432,0.1,23.03803870475962,23.03803870475962,10.230701265421981,8.839053067933742,23.038038710080095
12.942449,0.2,40.027199869686086,0.1,32.37170456960422,32.37170456960422,18.501260926911574,14.295428524887804,32.37170456960422
78.7388491,0.2,66.07105288008566,0.1,52.157278586380144,52.157278586380144,31.05005868613229,23.596804600030783,52.15727858483716
