Time,Probability,RiskPremium,T0,T1,T2,Z,Expected,CVaR
10.5076074,0.05,7.873100571346979,0.1,24.698469766185553,24.698469766185553,1.258705981248008,3.42308720493348,24.698469772703433
25.3738186,0.05,11.20870540313349,0.1,35.00498767642176,35.00498767642176,1.8156096028599533,4.873350175275426,35.004987675262726
22.4827401,0.05,7.7520203376086,0.1,24.119896064741845,24.119896064741845,1.269158846380224,3.3704436250471903,24.119896066254988
13.0751235,0.05,7.8263771278199625,0.1,24.229060971486966,24.229060971486966,1.299661218027929,3.4027726642695577,24.22906096775271
7.1713127,0.05,10.640775936911542,0.09999999999999432,32.67900725781767,32.67900725781767,1.8064667483181327,4.626424320396322,32.67899010837695
8.1413481,0.05,17.049100097991282,0.1,52.639603887648036,52.639603887648036,2.852405130803842,7.412652216517923,52.63960388764806
