Time,Probability,RiskPremium,T0,T1,T2,Z,Expected,CVaR
66.5972712,0.25,33.32694695661891,0.1,28.021215990477323,28.021215990477323,14.976971926866744,11.902481055935201,28.021215990477323
19.8981474,0.25,68.76348350197442,0.09999999999998366,51.82147846464396,51.82147846464396,33.29985993661687,24.558386964990625,51.821478465908044
22.5700849,0.25,29.678546484870367,0.09999999999999076,24.791966543890393,24.791966543890393,13.402071335302502,10.599480887453621,24.791966542739043
20.5861008,0.25,29.823705077194482,0.09999999999999787,24.8206587990296,24.8206587990296,13.504647613416697,10.65132324185513,24.82065879666189
15.1729917,0.25,48.75962347159885,0.1,36.148331379838936,36.148331379838936,23.851800175749176,17.41415123985673,36.148331379838936
11.5384193,0.25,83.49318592154255,0.1,59.509558704463,59.509558704463,41.79796545656962,29.818994971979325,59.509558704463
