Time,Probability,RiskPremium,T0,T1,T2,Z,Expected,CVaR
11.5996317,0.05,-1.303573071709252e-11,2.0,0.0,-3.1845320252129264e-9,-1.0428609837415733e-11,-4.3452435723641734e-12,6.315935428978667e-17
11.0848779,0.05,7.829967785255576e-12,2.0,3.91497678720043e-9,3.91497678720043e-9,6.263948964462746e-12,2.6099892617518586e-12,6.315935428978667e-17
12.5600605,0.05,2.7234300148393236e-11,0.1,0.0,0.0,-2.4208329957926e-12,9.07810004946441e-12,6.052068278626797e-11
11.6247827,0.05,7.468528906429127e-12,2.0,3.7342573477872065e-9,3.7342573477872065e-9,5.9748104932724435e-12,2.4895096354763763e-12,3.1579677144893335e-17
11.9287791,0.05,7.33027150090493e-12,2.0,3.6651641721618944e-9,3.6651641721618944e-9,5.864204568853086e-12,2.4434238336349755e-12,3.1579677144893335e-17
12.1970665,0.05,4.263256414560601e-17,2.0,5.809681624668883e-9,5.809681624668883e-9,-2.9053302973301865e-17,1.4210854715202004e-17,1.578983857244667e-16
