Time,Probability,RiskPremium,T0,T1,T2,Z,Expected,CVaR
20.770571,0.2,31.429967857486098,0.1,63.17809376188807,156.54192510569598,14.17369130656548,13.095819940619208,54.70038604363338
20.0496063,0.2,58.051994986045436,0.1,63.6545343968845,159.2186616820817,27.649185387523204,24.188331244185548,86.3331147875522
17.7690611,0.2,24.952086371141746,0.1,36.7901540834119,70.95489073513308,11.880403739921626,10.396702654642404,37.14650242041974
18.9319686,0.2,24.9573527056349,0.1,36.81050410629964,70.1419294082679,11.952819483964587,10.3988969606812,36.45525957057242
18.241999,0.2,41.722901332392496,0.1,38.121498083200855,91.54684087940345,20.08272626156209,17.384542221830234,59.9408707118324
17.6424009,0.2,71.82721441268458,0.1,63.62646810097078,169.065317266968,34.45671076748864,29.92800600528522,104.35298240439263
