Time,Probability,RiskPremium,T0,T1,T2,Z,Expected,CVaR
19.4545961,0.15,21.130581456360026,0.1,32.64161763318503,32.64161763318503,8.75059121127707,8.80440894015,32.64161763970292
14.6349049,0.15,39.56031758875033,0.1,55.07407658377125,55.07407658377125,17.28826028831259,16.483465661979263,55.07407658503534
14.9858801,0.15,18.41655990735649,0.1,26.31115405404138,26.31115405404138,7.947355165167898,7.673566628065222,26.311154055554383
13.5423983,0.15,18.790873858384586,0.1,27.168300931519717,27.168300931519717,8.060527559587436,7.829530774326916,27.168300937462078
14.8097947,0.15,28.634640521390374,0.1,35.03329886149165,35.03329886149165,13.238210507507546,11.93110021724606,35.03329886149165
13.2428773,0.15,47.40344313468123,0.1,61.49440569394957,61.49440569394957,21.390562838907453,19.7514346394505,61.494405681605606
