Time,Probability,RiskPremium,T0,T1,T2,Z,Expected,CVaR
16.0439284,0.1,20.81684412010748,0.1,63.178093761888086,109.79111751075695,8.786635002784205,7.7099422667064745,36.51172127081854
13.578397,0.1,34.51967143440395,0.1,63.6545343968845,159.2186616820817,14.675563720789754,12.785063494223687,59.84535829016043
12.5580652,0.1,17.541878334010793,0.1,36.7901540834119,61.683831872068886,7.641630425519465,6.496991975559554,29.185364861771397
19.4228915,0.1,17.547819969058878,0.1,36.81050410629964,58.73116960119909,7.631704194007106,6.499192581132909,29.278680540592017
16.7384609,0.1,25.717209383262055,0.1,38.121498083200855,75.85949867597274,11.596269873307268,9.524892364171135,40.16520666939552
13.8775514,0.1,42.56934763212347,0.1,63.62646810097078,121.6785427124816,19.04634257445118,15.766425048934627,67.47695844051894
