Time,Probability,RiskPremium,T0,T1,T2,Z,Expected,CVaR
11.0199023,0.05,-6.952389715782678e-12,2.0,0.0,-3.1845320252129264e-9,-3.4762074897621968e-12,-4.3452435723641734e-12,6.315935428978667e-17
14.0619498,0.05,4.175982818802974e-12,2.0,3.91497678720043e-9,3.91497678720043e-9,2.0879787775306293e-12,2.6099892617518586e-12,6.315935428978667e-17
11.1498219,0.05,-1.6138718213672595e-12,0.1,0.0,0.0,-8.069517005222022e-13,-1.0086698883545369e-12,7.894919286223334e-17
12.2375852,0.05,3.983215416762202e-12,2.0,3.7342573477872065e-9,3.7342573477872065e-9,1.9916013924456718e-12,2.4895096354763763e-12,3.1579677144893335e-17
12.43773,0.05,3.909478133815962e-12,2.0,3.6651641721618944e-9,3.6651641721618944e-9,1.954732750972552e-12,2.4434238336349755e-12,3.1579677144893335e-17
12.3623006,0.05,2.2737367544323207e-17,2.0,5.809681624668883e-9,5.809681624668883e-9,-2.021099337273174e-17,1.4210854715202004e-17,1.578983857244667e-16
