Time,Probability,RiskPremium,T0,T1,T2,Z,Expected,CVaR
143.2453505,0.25,12.662300874662348,0.09999999999999609,14.317823127000542,14.317823127000542,2.5070030487463155,7.913938046664047,14.317823130241186
45.6297072,0.25,37.08281134257436,0.09999999999999432,46.074588474522585,46.074588474522585,5.891813268459972,23.17675708910928,46.074588474838606
21.6382236,0.25,12.311622811597916,0.1,13.525830147890387,13.525830147890387,2.5759854930275203,7.694764257248833,13.525830146739047
46.2538632,0.25,12.407371651618352,0.1,13.73814874883093,13.73814874883093,2.558524856264746,7.754607282261552,13.738148748239002
55.9189911,0.25,24.337783261513234,0.1,27.178935961840395,27.178935961840395,4.937931223807305,15.211114538445873,27.178935964902976
105.702032,0.25,43.40715963591779,0.1,47.366638848911585,47.366638848911585,9.194677438867334,27.129474772448678,47.36663884273964
