Time,Probability,RiskPremium,T0,T1,T2,Z,Expected,CVaR
19.7924778,0.2,28.677889251537398,0.1,30.747488906126808,30.747488906126808,13.024936677356404,10.621440463532336,30.747488906126808
19.0950653,0.2,56.59930383915394,0.1,54.61703528281144,54.61703528281144,27.2230161739255,20.96270512561255,54.61703528407553
27.6506806,0.2,25.09560245077788,0.09999999999999432,26.31115405377032,26.31115405377032,11.546813256099814,9.294667574362155,26.311154055625746
15.8476597,0.2,25.293335055602277,0.09999999999999432,26.36223412929405,26.36223412929405,11.676850117614675,9.367901872445257,26.36223413461452
18.1920314,0.2,40.149612377268994,0.1,36.148331379838936,36.148331379838936,19.95985942751238,14.870226806395916,36.148331379838936
15.8940191,0.2,68.09398201908834,0.1,62.608286244347525,62.608286244347525,33.52691545269932,25.219993340402908,62.608286244347525
