Time,Probability,RiskPremium,T0,T1,T2,Z,Expected,CVaR
13.5779205,0.1,0.0,2.0,0.0,0.0,-0.0,0.0,0.0
11.2129697,0.1,0.0,2.0,0.0,0.0,-0.0,0.0,0.0
10.7307889,0.1,0.0,2.0,0.0,0.0,-0.0,0.0,0.0
11.2747417,0.1,0.0,2.0,0.0,0.0,-0.0,0.0,0.0
12.9446405,0.1,0.0,2.0,0.0,0.0,-0.0,0.0,0.0
10.6172783,0.1,0.0,2.0,0.0,0.0,-0.0,0.0,0.0
