Time,Probability,RiskPremium,T0,T1,T2,Z,Expected,CVaR
17.4962427,0.2,30.625027165844777,0.1,27.895775861682694,27.895775861682694,13.341711386713255,10.208342388614987,27.89577586490637
17.5395724,0.2,60.36048985957483,0.09999999999999076,48.905946404788125,48.905946404788125,28.726013324731206,20.120163286524956,48.90594640732191
14.7240063,0.2,27.02382600641774,0.1,24.396856257798916,24.396856257798916,11.860318299160166,9.007942002139249,24.396856264935167
18.395661,0.2,27.320943518998483,0.09999999999999076,24.584846497754402,24.584846497754402,12.02281621396884,9.106981172999491,24.584846503074875
14.7146701,0.2,43.051467766311134,0.1,32.679007257817666,32.679007257817666,21.36957130992195,14.350489255436909,32.679007257817666
17.5803574,0.2,71.98708482321578,0.1,54.45610058432832,54.45610058432832,35.807227624841154,23.995694941071886,54.45610058432832
