Time,Probability,RiskPremium,T0,T1,T2,Z,Expected,CVaR
16.9226729,0.15,18.676378072671945,0.1,63.178093761888086,109.79111751075698,5.5645253102961085,10.375765595928852,37.736637260398794
14.8778845,0.15,33.38140606122211,0.1,63.6545343968845,159.2186616820817,10.436302152759168,18.54522558956784,62.54400877851889
15.8376097,0.15,15.350604665007937,0.1,36.7901540834119,61.68383187206888,4.812144545847141,8.528113702782191,28.631577866568378
15.0237915,0.15,15.354716627018814,0.1,36.81050410629964,59.60930820403673,4.825312415543435,8.530398126121549,28.520458979659754
15.6171799,0.15,24.468606883805545,0.1,38.121498083200855,91.54684087940345,8.05913797502257,13.59367049100308,41.75165466880207
12.6261617,0.15,41.23012261388579,0.1,63.62646810097078,169.06531726696798,13.305936969332283,22.905623674380998,73.09124337610605
