Time,Probability,RiskPremium,T0,T1,T2,Z,Expected,CVaR
6.065236,0.1,14.648890306742292,0.1,63.178093761888086,109.79111751075695,3.1896609846968045,7.7099422667064745,32.70518930229992
5.1252896,0.1,24.291620639025002,0.1,63.6545343968845,159.2186616820817,5.294240321714938,12.785063494223687,54.200508981466314
4.7239298,0.1,12.344284753563153,0.1,36.7901540834119,61.683831872068886,2.8127552715019677,6.496991975559554,26.727242018903787
4.6842303,0.1,12.34846590415254,0.1,36.81050410629964,58.73116960119909,2.800782051373964,6.499192581132909,26.82246772543737
5.0187822,0.1,18.09729549192514,0.1,38.121498083200855,75.85949867597274,4.370931606115242,9.524892364171135,37.5347025084296
4.587783,0.1,29.95620759297579,0.1,63.62646810097078,121.6785427124816,7.131383865457012,15.766425048934627,62.82241623949559
