Time,Probability,RiskPremium,T0,T1,T2,Z,Expected,CVaR
44.6603936,0.2,25.65516725533798,0.1,25.997826027604088,25.997826027604088,9.33561363023657,9.867372021283822,25.997826030827678
58.0336276,0.2,52.15856242923382,0.09999999999999432,48.574633058270976,48.574633058270976,20.692117875596658,20.060985549705386,48.57463305953509
23.5817739,0.2,21.652406239855505,0.09999999999999609,20.681663990385097,20.681663990385097,8.383031511297059,8.327848553790519,20.68166399071019
16.2107589,0.2,22.02933342773533,0.1,21.11436362354905,21.114363623548776,8.499895647505106,8.472820549128922,21.114363626882106
33.1260469,0.2,36.23727719033478,0.1,30.468375362946876,30.468375362946876,15.687478462771196,13.9374143039749,30.468375362946876
37.2423555,0.2,60.16465625032984,0.1,49.77674274105412,49.77674274105412,26.369807712141572,23.140252403973026,49.77674273951114
