Time,Probability,RiskPremium,T0,T1,T2,Z,Expected,CVaR
11.982211,0.05,11.815696351782517,0.1,63.178093761888086,109.79111751075692,2.726699158103661,4.544498596839426,22.722492984197146
12.7963812,0.05,18.044189243838925,0.1,63.6545343968845,119.67234110440711,4.16404367165514,6.940072786091891,34.700363930459446
11.9463726,0.05,10.278249651496049,0.1,36.7901540834119,61.68383187206887,2.3719037657298543,3.953172942883093,19.765864714415475
12.3958424,0.05,10.283657407687999,0.1,36.81050410629964,58.05967081709798,2.3731517094664643,3.9552528491107646,19.77626424555384
12.9932391,0.05,13.384126456297315,0.1,38.12149808320086,75.85949867597273,3.0886445668378375,5.147740944729735,25.738704723648695
13.5974719,0.05,22.009772323479226,0.1,63.6264681009708,121.67854271248154,5.079178228495209,8.465297047492005,42.32648523746003
