Time,Probability,RiskPremium,T0,T1,T2,Z,Expected,CVaR
21.5462519,0.2,35.358713839671864,0.1,63.17809376188807,156.54192510569598,15.463082181099542,13.095819940619208,47.094878530384605
17.6161602,0.2,65.30849435930112,0.1,63.6545343968845,159.2186616820817,30.774921455718147,24.188331244185548,75.91453954117243
24.7554398,0.2,28.071097167534447,0.1,36.7901540834119,70.95489073513308,13.03317967855838,10.396702654642404,33.602776826310794
18.7797587,0.2,28.077021793839272,0.1,36.81050410629964,70.1419294082679,13.124405737452246,10.3988969606812,33.16749243921033
19.6879062,0.2,46.93826399894163,0.1,38.121498083200855,91.54684087940345,22.47564491362896,17.384542221830234,52.774926539242415
18.2662763,0.2,80.80561621427013,0.1,63.62646810097078,169.065317266968,38.11803101476984,29.92800600528522,93.7259019763601
