Time,Probability,RiskPremium,T0,T1,T2,Z,Expected,CVaR
16.9516219,0.15,29.052143668600763,0.1,63.178093761888086,109.79111751075698,13.946525241515797,10.375765595928852,41.90811780363635
15.6195589,0.15,51.92663165079002,0.1,63.6545343968845,159.2186616820817,26.06943969614074,18.54522558956784,67.29166802344398
16.0279141,0.15,23.878718367790107,0.1,36.7901540834119,61.68383187206888,11.922402343515586,8.528113702782191,31.38279584606454
17.4733194,0.15,23.885114753140368,0.1,36.81050410629964,59.60930820403673,11.966704802588644,8.530398126121549,31.11714362232266
13.5382492,0.15,38.06227737480859,0.1,38.121498083200855,91.54684087940345,19.664715296766076,13.59367049100308,45.61961440459937
14.3864271,0.15,64.13574628826684,0.1,63.62646810097078,169.06531726696798,32.54441308367548,22.905623674380998,80.81035387578319
