Time,Probability,RiskPremium,T0,T1,T2,Z,Expected,CVaR
78.1255785,0.15,9.996255018237331,0.1,14.996621643488668,14.996621643488668,1.6098360180984257,5.553475010131827,14.996621643488668
47.0610874,0.15,21.432663945815648,0.1,32.64039824218696,32.64039824218696,3.3056196053422737,11.907035525453104,32.64039824218704
28.3273524,0.15,9.973710716574427,0.09999999999999609,14.304983942322382,14.30498394080938,1.803550255209894,5.54095039809688,14.304983942322382
21.3846814,0.15,10.011481939901328,0.1,14.309335938756584,14.309335938756584,1.8253270687516907,5.561934411056283,14.309335944700813
21.3040396,0.15,19.552423350263606,0.1,28.32362062665248,28.32362062665248,3.451616969579896,10.862457416813106,28.32362062971506
67.2041845,0.15,32.26910403965444,0.1,48.29884230254821,48.298842308720204,5.230355333468863,17.927280022030228,48.29884230254823
