Time,Probability,RiskPremium,T0,T1,T2,Z,Expected,CVaR
16.7501346,0.15,16.60122495348617,0.1,63.178093761888086,109.79111751075698,3.4893721911103253,10.375765595928852,37.736637260398794
15.4758945,0.15,29.672360943308608,0.1,63.6545343968845,159.2186616820817,6.727257034845655,18.54522558956784,62.54400877851889
16.1406816,0.15,13.644981924451509,0.1,36.7901540834119,61.68383187206888,3.106521805290712,8.528113702782191,28.631577866568378
16.4679225,0.15,13.648637001794501,0.1,36.81050410629964,59.60930820403673,3.1192327903191215,8.530398126121549,28.520458979659754
14.1200669,0.15,21.74987278560491,0.1,38.121498083200855,91.54684087940345,5.340403876821934,13.59367049100308,41.75165466880207
13.1999103,0.15,36.64899787900963,0.1,63.62646810097078,169.06531726696798,8.72481223445612,22.905623674380998,73.09124337610605
