Time,Probability,RiskPremium,T0,T1,T2,Z,Expected,CVaR
4.7894431,0.05,13.179045930834336,0.1,63.17809376188807,109.79111751075689,4.625296874500867,4.544498596839426,44.637003191779854
5.3090517,0.05,20.126211079666483,0.1,63.654534396884486,119.67234110440708,7.370695639698287,6.94007278609189,65.09449932485495
5.4530943,0.05,11.46420153436097,0.1,36.79015408341189,61.68383187206885,4.490549828657423,3.953172942883092,34.15796057108763
5.418407,0.05,11.470233262421223,0.1,36.81050410629963,58.05967081709797,4.558907175857901,3.9552528491107646,33.515985223636314
5.0166163,0.05,14.92844873971623,0.1,38.121498083200855,75.85949867597272,6.141713137762025,5.147740944729733,41.537687516974444
5.3017402,0.05,24.549361437726816,0.1,63.62646810097078,121.67854271248153,9.96950252810531,8.465297047492003,69.61091566878702
