Time,Probability,RiskPremium,T0,T1,T2,Z,Expected,CVaR
14.7125561,0.1,0.0,2.0,0.0,0.0,-0.0,0.0,0.0
11.2255314,0.1,0.0,2.0,0.0,0.0,-0.0,0.0,0.0
9.2651253,0.1,0.0,2.0,0.0,0.0,-0.0,0.0,0.0
11.9352781,0.1,0.0,2.0,0.0,0.0,-0.0,0.0,0.0
9.4831186,0.1,0.0,2.0,0.0,0.0,-0.0,0.0,0.0
12.5719669,0.1,0.0,2.0,0.0,0.0,-0.0,0.0,0.0
