Time,Probability,RiskPremium,T0,T1,T2,Z,Expected,CVaR
14.7630175,0.1,17.174802069888894,0.1,28.208977957153316,28.208977957153316,6.44417623422463,6.361037803662535,28.208977963671174
14.3950214,0.1,30.06049344961533,0.1,48.90594640731629,48.90594640731629,11.372491294192022,11.133516092450119,48.90594640731629
27.2002153,0.1,15.36230510477524,0.09999999999999432,24.396853829648258,24.396853829648258,5.931140233651371,5.6897426313982296,24.396853830026508
12.519993,0.1,15.519089189153268,0.09999999999999432,24.82748932777825,24.82748932777825,5.9553426747153875,5.747810810797509,24.827489328999413
11.7547904,0.1,22.618541383903754,0.1,32.79270502582603,32.79270502582603,9.358210339796418,8.377237549593987,32.79270502216087
11.6888835,0.1,36.80714094455922,0.1,54.036770016983034,54.036770016983034,15.093967403195851,13.632274423910872,54.03677001117335
