Time,Probability,RiskPremium,T0,T1,T2,Z,Expected,CVaR
31.3624668,0.1,13.003789154197275,0.10000000488825833,20.19999734952672,20.19999734952672,2.5528049006311386,5.2015156616789335,20.19999735278526
22.5728727,0.1,21.307580896951272,0.1,32.90609501876683,32.90609501876683,4.250476606729148,8.52303235878053,32.906095020042144
58.9877178,0.1,12.23463760660565,0.09999999999999609,18.73711960925986,18.73711960925986,2.495639965514875,4.893855042642218,18.737119609638114
12.9767871,0.1,12.213524205965204,0.10000000366349227,18.77760398783817,18.77760398783817,2.465846516243486,4.885409682386085,18.777603989059337
30.7060723,0.1,19.708326640377052,0.1,29.33112730480064,29.33112730480064,4.318267158475837,7.883330656150803,29.331127301151763
46.7672892,0.1,32.37559504209477,0.1,48.742944703474,48.742944703474,6.897909703631702,12.95023801683782,48.74294465005282
