Time,Probability,RiskPremium,T0,T1,T2,Z,Expected,CVaR
130.5001201,0.25,12.172845848172194,0.1,13.52519925207115,13.52519925207115,2.197948955568656,7.608028655107667,13.525199248847528
50.2519052,0.25,31.926656342406353,0.1,37.916334067437596,37.916334067437596,4.7876265869024595,19.954160214004062,37.91633406775362
30.1537299,0.25,12.033555798839195,0.1,13.073301373940893,13.073301374228727,2.2916518246981625,7.5209723742745185,13.07330137394089
91.1714721,0.25,12.136038869685928,0.1,13.291648706361226,13.291648706361226,2.2683648112460286,7.585024293553718,13.291648705769298
19.3683473,0.25,23.899744216631525,0.1,26.474333456686438,26.474333456686395,4.347606751495294,14.93734013539465,26.474333459748976
25.7432576,0.25,43.302176027135125,0.1,47.19469131724115,47.19469131878412,8.185983489445896,27.063860016959215,47.194691318784116
