Time,Probability,RiskPremium,T0,T1,T2,Z,Expected,CVaR
14.9497041,0.1,23.129826800119435,0.1,63.178093761888086,109.79111751075695,6.671548070955258,7.7099422667064745,32.70518930229992
13.2449568,0.1,38.35519048267105,0.1,63.6545343968845,159.2186616820817,11.074721067912417,12.785063494223687,54.200508981466314
11.9907129,0.1,19.49097592667866,0.1,36.7901540834119,61.683831872068886,5.913396435948645,6.496991975559554,26.727242018903787
15.030098,0.1,19.497577743398736,0.1,36.81050410629964,58.73116960119909,5.885238861759268,6.499192581132909,26.82246772543737
12.4721738,0.1,28.574677092513376,0.1,38.121498083200855,75.85949867597274,9.246351177851771,9.524892364171135,37.5347025084296
23.7334692,0.1,47.29927514680387,0.1,63.62646810097078,121.6785427124816,15.063253181172897,15.766425048934627,62.82241623949559
