Time,Probability,RiskPremium,T0,T1,T2,Z,Expected,CVaR
14.1960001,0.1,6.439032071131748,0.09999999999999609,14.833684770056367,14.833684770056367,0.25277908155458173,4.024395044457338,14.833684770056367
19.9095639,0.1,12.274094388704698,0.09999999999999076,28.85744050756155,28.85744050756155,0.365559092839986,7.671308992940493,28.85744050756155
24.4363141,0.1,6.341478270088357,0.1,14.402889038012301,14.402889038012303,0.29016132713912124,3.9634239188052236,14.402889039525311
11.3401946,0.1,6.316426577350552,0.09999999999999609,14.37931410226178,14.37931410226178,0.28235046724602747,3.9477666108440688,14.379314107146442
52.2448637,0.1,12.4263238954786,0.1,28.785467362347234,28.785467362347234,0.4560684760028675,7.766452434674197,28.78546735868207
12.791274,0.1,20.614194376331362,0.09999999999998721,48.43744210259184,48.43744210259184,0.6196087679379716,12.88387148520701,48.43744210113942
