Time,Probability,RiskPremium,T0,T1,T2,Z,Expected,CVaR
23.0829579,0.05,9.088997193678853,0.1,63.178093761888086,109.79111751075695,1.408127401768797,4.544498596839427,35.90821054754571
13.3315315,0.05,13.88014557218379,0.1,63.6545343968845,119.67234110440717,2.066935707566298,6.940072786091891,55.67144357134789
12.2335613,0.05,7.906345885766188,0.1,36.7901540834119,61.68383187206889,1.3539503337897094,3.953172942883093,29.94539903381694
10.4206993,0.05,7.910505698221539,0.1,36.81050410629964,58.059670817097995,1.3756920087739557,3.9552528491107646,29.750861252478924
12.0050954,0.05,10.295481889459472,0.1,38.121498083200855,75.85949867597274,1.8732994040315871,5.147740944729735,37.89215635171121
11.304515,0.05,16.93059409498401,0.1,63.6264681009708,121.6785427124816,2.9963873184109318,8.465297047492005,63.154394338302694
