Time,Probability,RiskPremium,T0,T1,T2,Z,Expected,CVaR
12.3870562,0.05,-7.82143843025551e-12,2.0,-3.1845320252129264e-9,-3.1845320252129264e-9,-4.997030108218798e-12,-4.3452435723641734e-12,0.0
10.3942928,0.05,4.697972144640516e-12,2.0,3.91497678720043e-9,3.91497678720043e-9,3.00148220352033e-12,2.6099845248002867e-12,0.0
16.9367038,0.05,-1.8156185888074103e-12,0.1,0.0,0.0,-1.1599785428491787e-12,-1.0086769937818947e-12,0.0
12.6194866,0.05,0.0,2.0,0.0,0.0,-0.0,0.0,0.0
10.1969311,0.05,4.398197006594273e-12,2.0,3.6651641721618944e-9,3.6651641721618944e-9,2.809959198657452e-12,2.443442781441263e-12,0.0
11.5477003,0.05,0.0,2.0,5.809681624668883e-9,5.809681624668883e-9,-0.0,0.0,0.0
