Time,Probability,RiskPremium,T0,T1,T2,Z,Expected,CVaR
41.5024612,0.2,12.652015503959607,0.1,18.28564603548808,18.28564603548808,2.149971727606533,7.9075096899748285,18.28564603548808
100.3390974,0.2,31.38443535870064,0.1,46.71492694300483,46.71492694300483,4.994249548242616,19.61527209918771,46.71492694426892
12.377216,0.2,10.84362017477352,0.09999999999999609,14.263792888248862,14.263792888248862,2.1947249953402075,6.777262609233392,14.263792890032924
36.481182,0.2,10.973160833035047,0.1,14.28370948181127,14.28370948181127,2.2585643220969778,6.858225520646958,14.28370948181127
17.9540482,0.2,21.551410824748096,0.09999999999999076,28.471940151722816,28.471940151722816,4.331201961951114,13.469631765467314,28.471940154785397
31.8947334,0.2,36.40199097539111,0.1,48.09845536898386,48.09845536898386,7.313943861887717,22.751244359619218,48.0984553751558
