Time,Probability,RiskPremium,T0,T1,T2,Z,Expected,CVaR
14.3398392,0.1,19.274855666766193,0.1,63.178093761888086,109.79111751075695,5.8045575992373175,7.7099422667064745,36.51172127081854
14.6688751,0.1,31.962658735559213,0.1,63.6545343968845,159.2186616820817,9.765536282148183,12.785063494223687,59.84535829016043
15.8081528,0.1,16.242479938898878,0.1,36.7901540834119,61.683831872068886,5.2078133860969595,6.496991975559554,29.185364861771397
12.5298761,0.1,16.247981452832295,0.1,36.81050410629964,58.73116960119909,5.192891279807561,6.499192581132909,29.278680540592017
11.9256031,0.1,23.812230910427836,0.1,38.121498083200855,75.85949867597274,8.159275685211838,9.524892364171135,40.16520666939552
12.9059417,0.1,39.41606262233655,0.1,63.62646810097078,121.6785427124816,13.30753089508506,15.766425048934627,67.47695844051894
