Time,Probability,RiskPremium,T0,T1,T2,Z,Expected,CVaR
42.6409305,0.1,13.989895465548418,0.1,20.093922149832157,20.093922149832157,2.8434609466849956,5.181442765017896,20.093922149631634
35.9567521,0.1,22.898453145373733,0.1,32.6831912830492,32.6831912830492,4.736631488232028,8.48090857236063,32.68319128431328
26.3440105,0.1,13.197405381056791,0.1,18.70560430628659,18.70560430628659,2.7824069071961937,4.8879279189098845,18.70560430628659
25.9523491,0.1,13.163915562419628,0.1,18.7253040532949,18.7253040532949,2.748479369717255,4.875524282377608,18.725304058189472
19.5120558,0.1,21.265254625839606,0.1,29.292561359503686,29.292561359503686,4.822617944428714,7.87602023179246,29.292561355838522
33.4280739,0.1,34.97368285725877,0.09999999999998721,48.75885304999351,48.75885304999351,7.6982121157499845,12.9532158730588,48.75885304418383
