Time,Probability,RiskPremium,T0,T1,T2,Z,Expected,CVaR
25.3145293,0.25,37.11782800049746,0.1,63.17809376188807,156.54192510569595,17.238192266672144,15.46576166687393,59.60450233638771
23.9439686,0.25,70.8975408164987,0.1,63.6545343968845,159.2186616820817,34.59323498583542,29.540642006874442,97.1772802447629
22.7369043,0.25,29.133814734008176,0.1,36.7901540834119,70.95489073513308,14.32736539726506,12.139089472503418,38.81268811490056
24.6951652,0.25,29.139288927859187,0.1,36.81050410629964,70.14192940826788,14.389148879301157,12.14137038660799,38.22906700610842
22.8582703,0.25,50.49346336485377,0.1,38.121498083200855,91.54684087940345,25.31853694687469,21.038943068689104,62.39877656158932
23.2327681,0.25,88.36895344706299,0.1,63.62646810097078,169.065317266968,44.360324930619576,36.820397269609536,108.70270973794835
