Time,Probability,RiskPremium,T0,T1,T2,Z,Expected,CVaR
10.7467607,0.05,13.17904593083434,0.1,63.178093761888086,109.79111751075695,3.929990541388971,4.544498596839427,35.90821054754571
11.3377837,0.05,20.126211079666493,0.1,63.6545343968845,119.67234110440717,5.876432675786207,6.940072786091891,55.67144357134789
11.8519783,0.05,11.464201534360978,0.1,36.7901540834119,61.68383187206889,3.612194677837805,3.953172942883093,29.94539903381694
11.575582,0.05,11.470233262421228,0.1,36.81050410629964,58.059670817097995,3.6456391528052396,3.9552528491107646,29.750861252478924
11.7892789,0.05,14.928448739716236,0.1,38.121498083200855,75.85949867597274,4.869045483939284,5.147740944729735,37.89215635171121
11.828228,0.05,24.549361437726827,0.1,63.6264681009708,121.6785427124816,7.880699796613211,8.465297047492005,63.154394338302694
