Time,Probability,RiskPremium,T0,T1,T2,Z,Expected,CVaR
23.3298667,0.25,41.757556500559694,0.1,63.17809376188807,156.54192510569595,19.67098373325868,15.46576166687393,59.60450233638771
22.4112875,0.25,79.75973341856117,0.1,63.6545343968845,159.2186616820817,40.073595676003414,29.540642006874442,97.1772802447629
25.6631343,0.25,32.77554157575918,0.1,36.7901540834119,70.95489073513308,16.63541230689622,12.139089472503418,38.81268811490056
22.0027472,0.25,32.78170004384159,0.1,36.81050410629964,70.14192940826788,16.727175164308544,12.14137038660799,38.22906700610842
21.8125223,0.25,56.8051462854606,0.1,38.121498083200855,91.54684087940345,29.562228192836475,21.038943068689104,62.39877656158932
18.7050647,0.25,99.4150726279459,0.1,63.62646810097078,169.065317266968,51.81232848808557,36.820397269609536,108.70270973794835
