Time,Probability,RiskPremium,T0,T1,T2,Z,Expected,CVaR
12.9274984,0.05,1.5208353687512501e-10,2.0,6.51786535854626e-9,0.0,-6.083341475005009e-12,6.083341475004998e-11,3.041670737502501e-10
10.771338,0.05,-8.48244852136304e-11,2.0,0.0,0.0,-6.446660876235913e-11,-3.3929794085452155e-11,0.0
22.0856045,0.05,4.791217496820839e-11,0.1,0.0,0.0,-1.916486998728353e-12,1.9164869987283353e-11,9.582434993641679e-11
16.4478566,0.05,-6.223761062074119e-11,2.0,0.0,0.0,-4.730058407176331e-11,-2.4895044248296476e-11,0.0
14.7491141,0.05,-6.719472385915044e-11,2.0,0.0,0.0,-5.106799013295434e-11,-2.687788954366018e-11,0.0
13.0229,0.05,3.5527136788005004e-17,2.0,5.809681624668883e-9,5.809681624668883e-9,-2.0368891758456224e-17,1.4210854715202004e-17,1.1842378929335005e-16
