Time,Probability,RiskPremium,T0,T1,T2,Z,Expected,CVaR
13.4577138,0.15,25.04531325598202,0.1,28.47007780318426,28.47007780318426,10.660383486675618,8.348437751994023,28.470077809702154
12.5344346,0.15,47.437317182688425,0.09999999999999076,49.11168358078379,49.11168358078379,21.635104765446826,15.812439060896134,49.111683582047874
9.9549798,0.15,22.310012282272595,0.1,24.240839946040065,24.240839946040065,9.832090765930303,7.436670760757507,24.240839946040065
26.2170323,0.15,22.699156526222378,0.09999999999999432,24.820658802604246,24.820658802604243,9.956489027539845,7.566385508740753,24.820658808546604
11.451102,0.15,34.94659757792413,0.1,32.67900725781767,32.67900725781767,16.988689299063157,11.648865859308012,32.67900725781767
14.7251457,0.15,57.1584493458594,0.1,55.3852238593654,55.385223859365404,27.205910675867468,19.052816448619797,55.38522385319343
