Time,Probability,RiskPremium,T0,T1,T2,Z,Expected,CVaR
13.6857424,0.1,0.0,2.0,0.0,0.0,-0.0,0.0,0.0
14.7492545,0.1,0.0,2.0,0.0,0.0,-0.0,0.0,0.0
15.602592,0.1,7.065923667116375,0.09999999999999841,14.257372738358546,14.257372738358546,0.04085264173022313,3.925513148398015,14.257372738358546
13.231845,0.1,7.049413594414235,0.09999999999999609,14.258563806119932,14.258563806119932,0.030405831062900845,3.9163408857856297,14.258563811004594
11.9679305,0.1,0.0,2.0,0.0,0.0,-0.0,0.0,0.0
13.0809543,0.1,0.0,2.0,0.0,0.0,-0.0,0.0,0.0
