Time,Probability,RiskPremium,T0,T1,T2,Z,Expected,CVaR
25.4904807,0.25,38.664404167184834,0.1,63.17809376188807,156.54192510569595,18.784768433359517,15.46576166687393,59.60450233638771
23.4791198,0.25,73.8516050171862,0.1,63.6545343968845,159.2186616820817,37.54729918652292,29.540642006874442,97.1772802447629
22.9258514,0.25,30.34772368125852,0.1,36.7901540834119,70.95489073513308,15.541274344515404,12.139089472503418,38.81268811490056
25.148002,0.25,30.353425966519957,0.1,36.81050410629964,70.14192940826788,15.603285917961925,12.14137038660799,38.22906700610842
24.0403739,0.25,52.59735767172279,0.1,38.121498083200855,91.54684087940345,27.42243125374372,21.038943068689104,62.39877656158932
21.7727253,0.25,92.05099317402387,0.1,63.62646810097078,169.065317266968,48.04236465758046,36.820397269609536,108.70270973794835
