Time,Probability,RiskPremium,T0,T1,T2,Z,Expected,CVaR
25.8977255,0.2,13.285259963257149,0.1,16.531321079841398,16.531321079841398,2.701842597452567,7.38069997958733,16.53132108306508
33.3968604,0.2,35.24420170697798,0.1,46.5971207209609,46.5971207209609,6.208136615899989,19.580112059432203,46.59712072127693
78.1492397,0.2,12.140399510212474,0.1,14.155374371752146,14.155374371752146,2.8019853236335797,6.744666394562506,14.155374371752146
63.3174896,0.2,12.272961492550323,0.09999999999999609,14.150499965091605,14.150499965091605,2.888383743104007,6.818311940305724,14.150499966421723
26.2776981,0.2,23.95411412227571,0.1,27.923800408137467,27.923800408137467,5.530687213050227,13.307841179042079,27.923800408137467
93.0891538,0.2,40.80738951431368,0.1,47.82955229764413,47.82955229764413,9.331044441080595,22.670771952396382,47.82955229764413
