Time,Probability,RiskPremium,T0,T1,T2,Z,Expected,CVaR
24.9418457,0.2,20.95331190499075,0.1,63.17809376188807,156.54192510569598,4.457586105395006,13.095819940619208,47.094878530384605
33.5037488,0.2,38.70132999069692,0.1,63.6545343968845,159.2186616820817,9.34037791681266,24.188331244185548,75.91453954117243
23.4795497,0.2,16.63472424742787,0.1,36.7901540834119,70.95489073513308,3.9174141756186422,10.396702654642404,33.602776826310794
32.1494861,0.2,16.638235137089925,0.1,36.81050410629964,70.1419294082679,3.962478628555818,10.3988969606812,33.16749243921033
16.525009,0.2,27.815267554928358,0.1,38.121498083200855,91.54684087940345,6.891686901356923,17.384542221830234,52.774926539242415
12.2729851,0.2,47.88480960845637,0.1,63.62646810097078,169.065317266968,11.577014006063637,29.92800600528522,93.7259019763601
