Time,Probability,RiskPremium,T0,T1,T2,Z,Expected,CVaR
20.3266177,0.2,27.948290402098092,0.1,46.528636861829995,46.528636861829995,12.359139167268063,12.151430609607804,46.528636861829995
19.4975337,0.2,50.24622609410579,0.1,63.44392669250128,63.44392669250128,24.240266692253112,21.8461852583068,63.44392669376536
24.5967252,0.2,22.398998832501345,0.1,31.065786453632988,31.065786453632988,10.52759455702883,9.738695144565803,31.065786453632988
27.0903988,0.2,22.35952441155611,0.1,30.08754151716396,30.087541511843487,10.601391142274274,9.721532352850469,30.08754151716396
20.6519863,0.2,38.824282407356215,0.1,38.121498083200855,55.42996696119992,18.089175204009887,16.880122785807107,55.42996696119992
16.7435635,0.2,66.96939298578832,0.1,63.62646810097078,96.42453471406762,31.1215248677687,29.11712738512531,96.42453471406762
