Time,Probability,RiskPremium,T0,T1,T2,Z,Expected,CVaR
28.7853676,0.1,7.983068068668717,0.1000000048882157,19.102632098302692,19.102632098302692,0.8766683419542648,4.9894175429179395,19.10263210156144
21.6215599,0.1,13.457095856874842,0.1,32.32861606194391,32.32861606194391,1.4587212734287802,8.410684910546818,32.32861606320858
29.5723738,0.1,7.546549962902937,0.1,17.825273601509107,17.825273601509107,0.8636542546574172,4.716593726814355,17.825273603022115
14.0482007,0.1,7.519574621725846,0.1,17.825175507781243,17.825175507781243,0.85102427703412,4.699734138578629,17.825175512665904
19.0845709,0.1,12.572619021925538,0.1,29.199675131091098,29.199675131091098,1.5134638968639824,7.857886888703482,29.199675131091098
8.1054586,0.1,20.704494011677575,0.09999999999998721,48.69192712290145,48.69192712290145,2.4014425004042943,12.94030875729841,48.6919271171305
