Time,Probability,RiskPremium,T0,T1,T2,Z,Expected,CVaR
15.4546636,0.15,26.976990549478458,0.1,63.17809376188807,109.79111751075689,5.656876287698197,10.375765595953256,37.73663726052081
12.1643257,0.15,48.21758653287642,0.1,63.6545343968845,159.21866168208157,12.072847667728169,18.545225589567835,62.54400877851886
13.6488775,0.15,22.17309562723368,0.1,36.79015408341189,61.68383187206885,5.603596258937009,8.528113702782187,28.63157786656837
13.9298783,0.15,22.17903512791607,0.1,36.81050410629964,59.60930820403673,5.652612660379226,8.530398126121549,28.52045897965975
10.9164017,0.15,35.343543276625965,0.1,38.121498083200855,91.54684087940338,10.48667911448529,13.593670491009997,41.751654668836665
12.5366519,0.15,59.55462155339059,0.1,63.62646810097078,169.06531726696798,16.574749998319597,22.905623674380994,73.09124337610604
