Time,Probability,RiskPremium,T0,T1,T2,Z,Expected,CVaR
20.4893423,0.2,27.38625637742132,0.1,30.07177723558778,30.07177723558778,11.96843042038538,10.533175529777449,30.071777238811457
20.6231211,0.2,54.22783408998963,0.1,53.811890371469005,53.811890371469005,25.13221704777104,20.856859265380532,53.81189037273309
18.0903828,0.2,24.106748092245066,0.1,26.137755980004663,26.137755980004663,10.618439453466026,9.271826189325047,26.137755987140913
17.7314187,0.2,24.279246324671778,0.09999999999999609,26.136931670324557,26.136931670324557,10.741384659580344,9.338171663335295,26.136931670360028
16.6400473,0.2,38.33006013582136,0.1,35.17521338360255,35.17521338360255,18.479508673052727,14.742330821469853,35.17521338666513
16.9590341,0.2,65.35480579778469,0.1,61.9763962124334,61.9763962124334,31.00835891839233,25.136463768378746,61.9763962124334
