Time,Probability,RiskPremium,T0,T1,T2,Z,Expected,CVaR
14.0525239,0.05,9.294282605788661,0.1,28.289254078565545,28.289254078565545,3.119415459847426,3.717713042315456,28.289254078573276
10.7680375,0.05,15.687669273906831,0.09999999999998721,52.06702155484296,52.06702155484296,4.833406180207577,6.27506770956271,52.06702155092798
8.5902038,0.05,8.889518069239303,0.1,26.359780979031918,26.359780979031918,3.0533134662586683,3.555807227695714,26.359780980544933
15.5535823,0.05,9.063763555417442,0.09999999999999432,26.98482720453058,26.98482720453058,3.1023259553875375,3.625505422166985,26.98482720079632
15.5139091,0.05,12.052814468105876,0.09999999999999076,35.01068615287882,35.01068615287882,4.212732644391512,4.821125787242355,35.01068615196253
10.6057691,0.05,19.792259642074104,0.1,58.75748223285603,58.75748223285603,6.791297948222799,7.916903856829605,58.757482227046346
