Time,Probability,RiskPremium,T0,T1,T2,Z,Expected,CVaR
7.2223182,0.05,-7.386914073019094e-12,2.0,-3.1845320252129264e-9,-3.1845320252129264e-9,-3.910719215127755e-12,-4.3452435723641734e-12,0.0
6.2753229,0.05,4.436973692160487e-12,2.0,3.91497678720043e-9,3.91497678720043e-9,2.3489860723202574e-12,2.6099845248002867e-12,0.0
3.7510549,0.05,-1.714750889429221e-12,0.1,0.0,0.0,-9.078092944037051e-13,-1.0086769937818947e-12,0.0
3.6124164,0.05,0.0,2.0,0.0,0.0,-0.0,0.0,0.0
3.5278805,0.05,4.153852728450146e-12,2.0,3.6651641721618944e-9,3.6651641721618944e-9,2.1990985032971356e-12,2.443442781441263e-12,0.0
3.6287356,0.05,0.0,2.0,5.809681624668883e-9,5.809681624668883e-9,-0.0,0.0,0.0
