Time,Probability,RiskPremium,T0,T1,T2,Z,Expected,CVaR
48.518964,0.1,10.978113449210792,0.1,20.33998138995958,20.33998138995956,1.9723632984313222,5.227673071052797,20.33998138995958
28.1122138,0.1,18.452309869855593,0.09999999999999076,34.31809173093079,34.31809173093079,3.2826762692383564,8.786814223740784,34.31809173124681
15.2596773,0.1,10.307811393622577,0.09999999999999609,18.815553117193588,18.815553117193588,1.9225619021269957,4.908481616010759,18.815553117950092
21.3027943,0.1,10.277643824207443,0.09999999999999609,18.824284485213273,18.824284485213273,1.9009856227771205,4.894116106765451,18.82428448542494
12.7447331,0.1,16.568122499775328,0.09999999999999076,29.364665532081794,29.364665532081794,3.309769509706383,7.88958214275011,29.364665532025448
28.0977497,0.1,27.201753335684458,0.1,48.75885304999349,48.75885304999349,5.2971281675844075,12.953215874135466,48.75885304999351
