Time,Probability,RiskPremium,T0,T1,T2,Z,Expected,CVaR
46.8302372,0.15,13.689609459616301,0.1,18.765079598037705,18.765079598037705,2.8845715283288573,6.518861647436264,18.76507960129665
46.8369111,0.15,27.832768863645196,0.1,37.921235077075075,37.921235077075075,5.945431938397768,13.253699458878643,37.921235077075075
40.8668031,0.15,12.040581962959655,0.1,15.068674023199113,15.068674023199113,3.039699256784449,5.733610458552184,15.068674023189473
45.4001719,0.15,12.091694789401659,0.1,15.083352090730104,15.083352090730104,3.0698541186716564,5.7579498997150464,15.083352102614835
38.1918018,0.15,23.11881597271527,0.1,28.878532297310883,28.878532297310876,5.855505677101796,11.008959987007204,28.878532297310883
89.994776,0.15,37.797652653983924,0.09999999999998721,48.57468171081327,48.57468171081327,9.097240616840503,17.99888221618289,48.5746817046413
