Time,Probability,RiskPremium,T0,T1,T2,Z,Expected,CVaR
20.3593142,0.2,34.32666771366226,0.1,48.315786238766236,48.315786238766236,18.46151732467992,12.25952418345079,48.315786238766236
19.5757366,0.2,66.36540772666469,0.1,63.6545343968845,94.00134514869426,35.633535013938705,23.701931330951645,94.00134514869426
31.7276898,0.2,27.880523439894613,0.1,34.5691333074357,34.5691333074357,15.462013289184936,9.957329799962356,34.5691333074357
20.0971613,0.2,27.823192898354673,0.1,33.54870014763245,33.54870014763245,15.525153737691715,9.936854606555233,33.54870014763245
20.4879841,0.2,47.73155733698766,0.1,38.121498083200855,58.18156119340761,26.571114930758043,17.046984763209892,58.18156119340761
16.6459179,0.2,81.82412216161889,0.1,63.62646810097078,98.22382367895608,45.70112909891718,29.222900772006717,98.22382367895608
