Time,Probability,RiskPremium,T0,T1,T2,Z,Expected,CVaR
12.7944379,0.05,9.088997193678852,0.1,63.178093761888086,109.79111751075692,1.8177994387357685,4.544498596839426,22.722492984197146
11.7849563,0.05,13.88014557218379,0.1,63.6545343968845,119.67234110440711,2.7760291144367644,6.940072786091891,34.700363930459446
10.6450366,0.05,7.906345885766188,0.1,36.7901540834119,61.68383187206887,1.581269177153235,3.953172942883093,19.765864714415475
12.1516298,0.05,7.910505698221539,0.1,36.81050410629964,58.05967081709798,1.582101139644311,3.9552528491107646,19.77626424555384
10.6403248,0.05,10.29548188945947,0.1,38.12149808320086,75.85949867597273,2.059096377891896,5.147740944729735,25.738704723648695
11.3009392,0.05,16.93059409498401,0.1,63.6264681009708,121.67854271248154,3.3861188189968,8.465297047492005,42.32648523746003
