Time,Probability,RiskPremium,T0,T1,T2,Z,Expected,CVaR
24.9994764,0.25,24.714430537161768,0.1,24.83479388241232,24.83479388241232,8.040213746789169,11.233832062346272,24.83479388241232
30.5748122,0.25,52.54007902868896,0.09999999999999432,48.440355912203614,48.44035591093953,18.83482420143779,23.881854103949518,48.440355912203614
17.3685535,0.25,20.805027671767498,0.1,19.627947493006275,19.627947494157624,7.279750218628333,9.45683075989427,19.627947493006275
20.197297,0.25,21.209629347279062,0.1,20.342004359151026,20.342004359151026,7.288383236178894,9.640740612399581,20.342004359151026
28.4638639,0.25,35.41044955418866,0.1,30.042075856368673,30.042075856368673,13.736223877455505,16.095658888267423,30.042075859431254
16.2432023,0.25,60.71092300785179,0.1,48.847447667525294,48.847447667525294,24.614419484155004,27.595874094477733,48.847447667525294
