Time,Probability,RiskPremium,T0,T1,T2,Z,Expected,CVaR
19.1197374,0.2,27.481674940221147,0.09999999999999432,27.716356456216467,27.716356456216467,11.164991397512033,10.178398126007881,27.716356459440142
17.2779341,0.2,54.287763651671796,0.09999999999999076,48.82529360616055,48.82529360616055,24.12963445474334,20.106579130248758,48.82529360647657
15.1275715,0.2,24.177163446217925,0.1,24.08027900602038,24.08027900602038,9.92863755705836,8.95450498008076,24.08027900602038
28.8688219,0.2,24.39233740912771,0.09999999999999609,24.14938637539663,24.14938637539663,10.067822801001782,9.034199040417665,24.14938637672675
15.0280807,0.2,38.74218329189014,0.1,32.66991659196361,32.66991659196361,17.980890580027875,14.348956774774065,32.669916595026194
24.9829424,0.2,64.5047681973826,0.1,53.83316042266847,53.83316042266847,30.134236374461143,23.890654887919567,53.833160416496526
