Time,Probability,RiskPremium,T0,T1,T2,Z,Expected,CVaR
13.5043074,0.1,18.35339091876707,0.1,34.12334088449662,34.12334088449662,8.823259856743269,6.797552192135945,34.123340891014486
12.3044457,0.1,32.14666144956021,0.1,59.125564755650636,59.125564755650636,15.518551157222253,11.906170907244507,59.1255647581788
15.3560562,0.1,16.100098518203797,0.1,27.875907170144043,27.875907170144043,7.945808294970151,5.962999451186603,27.875907171657087
15.6943751,0.1,16.29279872647025,0.1,28.371494970474135,28.371494970474135,8.024716320599442,6.034369898692677,28.371494970474135
17.9472113,0.1,23.432286190995068,0.1,36.47400458622685,36.47400458622685,11.97412366907385,8.67862451518337,36.4740045825617
18.7646506,0.1,38.5486946260238,0.1,61.976396212517244,61.976396212517244,19.501490129430795,14.277294305934705,61.976396212517244
