Time,Probability,RiskPremium,T0,T1,T2,Z,Expected,CVaR
15.9911687,0.1,16.961872986754248,0.1,63.178093761888086,109.79111751075695,4.931663869430973,7.7099422667064745,36.51172127081854
13.2793712,0.1,28.127139687292136,0.1,63.6545343968845,159.2186616820817,8.283031973677952,12.785063494223687,59.84535829016043
12.9705533,0.1,14.293382346231022,0.1,36.7901540834119,61.683831872068886,4.393134437739695,6.496991975559554,29.185364861771397
19.0588708,0.1,14.29822367849242,0.1,36.81050410629964,58.73116960119909,4.382107903440646,6.499192581132909,29.278680540592017
16.6291086,0.1,20.954763201176497,0.1,38.121498083200855,75.85949867597274,6.833823691221713,9.524892364171135,40.16520666939552
12.2585594,0.1,34.68613510765616,0.1,63.62646810097078,121.6785427124816,11.16313004998388,15.766425048934627,67.47695844051894
