Time,Probability,RiskPremium,T0,T1,T2,Z,Expected,CVaR
13.0290811,0.05,12.270146211466464,0.1,63.178093761888086,109.79111751075692,0.4544498596839466,4.544498596839426,22.722492984197146
10.706653,0.05,18.738196522448103,0.1,63.6545343968845,119.67234110440711,0.694007278609182,6.940072786091891,34.700363930459446
22.2847055,0.05,10.67356694578436,0.1,36.7901540834119,61.68383187206887,0.3953172942883041,3.953172942883093,19.765864714415475
16.7682204,0.05,10.679182692599078,0.1,36.81050410629964,58.05967081709798,0.39552528491107797,3.9552528491107646,19.77626424555384
14.6232469,0.05,13.898900550770293,0.1,38.12149808320086,75.85949867597273,0.5147740944729715,5.147740944729735,25.738704723648695
13.8326919,0.05,22.856302028228427,0.1,63.6264681009708,121.67854271248154,0.8465297047491998,8.465297047492005,42.32648523746003
