Time,Probability,RiskPremium,T0,T1,T2,Z,Expected,CVaR
60.4368235,0.25,27.980809909989052,0.1,26.742527284306256,26.742527284306256,11.042789343193212,11.658670795828769,26.742527284306256
20.5013784,0.25,58.123992476039746,0.09999999999998366,50.03362684452917,50.03362684452917,24.870308451527244,24.218330198349687,50.03362684452917
54.1871144,0.25,25.09334351573128,0.1,24.032048132922863,24.032048132922863,9.886012800767386,10.455559798221337,24.032048131771514
24.9900044,0.25,25.291361303802542,0.09999999999999609,24.22291521308913,24.22291521308913,9.96359729298202,10.538067209917676,24.222915212497202
16.0254621,0.25,41.28766436478589,0.09999999999999432,35.01068615287881,35.01068615287881,17.851848444743506,17.203193485327525,35.01068615594139
26.2698431,0.25,69.81201936120664,0.09999999999999432,55.708583087853185,55.708583087853185,31.406593370131503,29.08834140050245,55.708583087853185
