Time,Probability,RiskPremium,T0,T1,T2,Z,Expected,CVaR
22.3300868,0.25,46.397285000621814,0.1,63.17809376188807,156.54192510569595,21.837857341950375,15.46576166687393,45.77798163953224
24.5175514,0.25,88.62192602062345,0.1,63.6545343968845,159.2186616820817,44.94992084966544,29.540642006874442,76.6451858871527
20.6252897,0.25,36.41726841751025,0.1,36.7901540834119,70.95489073513308,18.18499683580328,12.139089472503418,32.44969650318193
23.3255775,0.25,36.424111159823994,0.1,36.81050410629964,70.14192940826788,18.253322560323177,12.14137038660799,32.23943109625061
20.7844146,0.25,63.11682920606738,0.1,38.121498083200855,91.54684087940345,32.132825836944555,21.038943068689104,54.18914407013498
21.3499067,0.25,110.46119180882881,0.1,63.62646810097078,169.065317266968,56.37625499008576,36.820397269609536,94.36886243338787
