Time,Probability,RiskPremium,T0,T1,T2,Z,Expected,CVaR
12.7380133,0.1,16.961872986754248,0.1,63.178093761888086,109.79111751075695,5.502643664708767,7.7099422667064745,32.70518930229992
14.351686,0.1,28.127139687292136,0.1,63.6545343968845,159.2186616820817,9.129759369982072,12.785063494223687,54.200508981466314
12.7130413,0.1,14.293382346231022,0.1,36.7901540834119,61.683831872068886,4.761852864169835,6.496991975559554,26.727242018903787
13.6886206,0.1,14.29822367849242,0.1,36.81050410629964,58.73116960119909,4.750539825713844,6.499192581132909,26.82246772543737
13.3777438,0.1,20.954763201176497,0.1,38.121498083200855,75.85949867597274,7.228399315366599,9.524892364171135,37.5347025084296
12.9788141,0.1,34.68613510765616,0.1,63.62646810097078,121.6785427124816,11.861311380137384,15.766425048934627,62.82241623949559
