Time,Probability,RiskPremium,T0,T1,T2,Z,Expected,CVaR
13.723382,0.1,0.0,2.0,0.0,0.0,-0.0,0.0,0.0
11.0250997,0.1,0.0,2.0,0.0,0.0,-0.0,0.0,0.0
12.9574356,0.1,0.0,2.0,0.0,0.0,-0.0,0.0,0.0
10.2400758,0.1,0.0,2.0,0.0,0.0,-0.0,0.0,0.0
11.5810983,0.1,0.0,2.0,0.0,0.0,-0.0,0.0,0.0
12.8795998,0.1,0.0,2.0,0.0,0.0,-0.0,0.0,0.0
