Time,Probability,RiskPremium,T0,T1,T2,Z,Expected,CVaR
12.918755,0.05,10.452346772730685,0.1,63.178093761888086,109.79111751075692,0.4544498596839439,4.544498596839426,22.722492984197146
10.112774,0.05,15.96216740801135,0.1,63.6545343968845,119.67234110440711,0.6940072786091831,6.940072786091891,34.700363930459446
11.5137704,0.05,9.092297768631118,0.1,36.7901540834119,61.68383187206887,0.395317294288309,3.953172942883093,19.765864714415475
18.1552969,0.05,9.09708155295477,0.1,36.81050410629964,58.05967081709798,0.3955252849110804,3.9552528491107646,19.77626424555384
11.4626395,0.05,11.839804172878397,0.1,38.12149808320086,75.85949867597273,0.5147740944729775,5.147740944729735,25.738704723648695
11.3322604,0.05,19.47018320923161,0.1,63.6264681009708,121.67854271248154,0.8465297047491975,8.465297047492005,42.32648523746003
