Time,Probability,RiskPremium,T0,T1,T2,Z,Expected,CVaR
8.9617493,0.2,27.50122187530035,0.1,63.17809376188807,156.54192510569598,11.500977365992645,13.095819940619208,42.140065627504306
7.4691572,0.2,50.79549561278972,0.1,63.6545343968845,159.2186616820817,22.10492775073345,24.188331244185548,69.21069742289262
7.5041547,0.2,21.833075574749035,0.1,36.7901540834119,70.95489073513308,9.373449736082067,10.396702654642404,31.02593449488825
7.739834,0.2,21.83768361743051,0.1,36.81050410629964,70.1419294082679,9.404408367962812,10.3988969606812,30.742679848546288
7.0415541,0.2,36.507538665843455,0.1,38.121498083200855,91.54684087940345,16.09104917097395,17.384542221830234,47.70401495222346
6.8373794,0.2,62.84881261109902,0.1,63.62646810097078,169.065317266968,27.54205613173513,29.92800600528522,83.71551074607174
