Time,Probability,RiskPremium,T0,T1,T2,Z,Expected,CVaR
137.142804,0.25,21.55872476123899,0.09999999999999787,23.165617449525975,23.165617449525975,5.824860352734519,10.77936238061949,23.165617450331887
68.9857939,0.25,47.17732060053191,0.09999999999999076,47.334074301629954,47.334074301629954,14.090494699718189,23.588660300265953,47.334074301635574
23.3794737,0.25,17.14764634606821,0.1,16.36258712924402,16.36258712924402,5.458317590550112,8.573823173034096,16.362587129244016
8.0598373,0.25,17.19168322161442,0.1,16.4709258504558,16.4709258504558,5.445807914947789,8.59584161080721,16.4709258504558
8.0697263,0.25,31.706389639257097,0.1,29.119097673115498,29.119097673115498,10.546833678233885,15.853194819628548,29.1190976731155
35.1531288,0.25,55.04728444900628,0.10000000000002274,48.57463005476695,48.57463005476695,19.103247094866557,27.523642224503124,48.574630048595004
