Time,Probability,RiskPremium,T0,T1,T2,Z,Expected,CVaR
18.4102835,0.2,27.9784895190843,0.1,28.87210242813419,28.87210242813419,12.063176321766154,10.362403525586837,28.87210243135787
18.3988721,0.2,55.539167347121236,0.09999999999998366,51.79430545379621,51.79430545379621,25.601832324312536,20.57006198041529,51.7943054550603
18.9057902,0.2,24.73513004814544,0.1,25.365820969814582,25.365820969814582,10.712572261096597,9.161159277090931,25.36582097695083
41.3608231,0.2,24.901429230984615,0.1,25.326523148210764,25.326523148210764,10.847546189599226,9.222751567031333,25.326523148211646
15.2408996,0.2,39.73056193763874,0.1,34.978131326149054,34.978131326149054,18.93660648188763,14.715022939866284,34.978131326149054
11.3119631,0.2,66.70644147285194,0.1,58.91312483705621,58.91312483705621,31.73824141766213,24.706089434389703,58.91312483705621
