Time,Probability,RiskPremium,T0,T1,T2,Z,Expected,CVaR
71.7804527,0.2,22.45875908686533,0.09999999999999609,25.4986815297667,25.4986815297667,7.187179938813265,9.764677863854503,25.498681532990375
22.824921,0.2,45.94524720749125,0.09999999999999076,48.16427398836762,48.16427398836762,16.103224926726277,19.976194438039613,48.16427398868364
12.4399813,0.2,18.743681659735376,0.1,19.82365425938929,19.82365425938929,6.508275243371772,8.149426808580536,19.82365425938929
15.0262318,0.2,18.804473314542314,0.1,19.666283532337722,19.666283532337722,6.606966402375205,8.175857962844496,19.666283532337722
29.0704503,0.2,31.7422167518948,0.1,29.805940705869233,29.805940705869233,12.33951103040721,13.800963805171445,29.805940708931782
21.3404805,0.2,52.82916527963898,0.1,48.939252356783975,48.939252356783975,20.77044546269283,22.96920229549498,48.939252356783975
