Time,Probability,RiskPremium,T0,T1,T2,Z,Expected,CVaR
112.5596707,0.25,27.980247682472502,0.09999999999999432,29.56310450539243,29.56310450539243,11.465477746622518,12.165325079335865,29.56310450539243
20.2299311,0.25,57.35766776706774,0.1,54.019372139267674,54.019372139267674,25.149237416586733,24.938116420464166,54.01937214053176
13.1571544,0.25,24.695278617058182,0.1,25.598018154879465,25.598018154879465,10.242965833933283,10.737077659590527,25.598018153728116
15.645168,0.25,24.8082164306778,0.09999999999999609,25.608915226028348,25.608915226028348,10.31635183170639,10.78618105681653,25.60891522543642
13.2125868,0.25,44.872170311951805,0.1,38.121498083200855,48.833108456281224,18.03166374833197,19.509639266066024,48.833108456281224
9.8989773,0.25,70.12616993726378,0.1,63.34084889238278,63.34084889238278,31.423728386799546,30.4896391031581,63.34084889238278
