Time,Probability,RiskPremium,T0,T1,T2,Z,Expected,CVaR
6.0301815,0.05,8.634547333994913,0.1,63.178093761888086,109.79111751075692,1.5148328656131433,4.544498596839426,30.29665731226287
6.4263383,0.05,13.1861382935746,0.1,63.6545343968845,119.67234110440711,2.3133575953639687,6.940072786091891,46.267151907279256
5.0441168,0.05,7.511028591477883,0.1,36.7901540834119,61.68383187206887,1.3177243142943686,3.953172942883093,26.35448628588731
5.6012873,0.05,7.514980413310466,0.1,36.81050410629964,58.05967081709798,1.3184176163702632,3.9552528491107646,26.3683523274051
5.640935,0.05,9.7807077949865,0.1,38.12149808320086,75.85949867597273,1.7159136482432438,5.147740944729735,34.31827296486488
4.7402658,0.05,16.084064390234825,0.1,63.6264681009708,121.67854271248154,2.821765682497346,8.465297047492005,56.4353136499467
