Time,Probability,RiskPremium,T0,T1,T2,Z,Expected,CVaR
11.0363954,0.1,0.0,2.0,0.0,0.0,-0.0,0.0,0.0
8.7678315,0.1,0.0,2.0,0.0,0.0,-0.0,0.0,0.0
8.0117515,0.1,0.0,2.0,0.0,0.0,-0.0,0.0,0.0
8.4974163,0.1,0.0,2.0,0.0,0.0,-0.0,0.0,0.0
8.4768902,0.1,0.0,2.0,0.0,0.0,-0.0,0.0,0.0
7.4875076,0.1,0.0,2.0,0.0,0.0,-0.0,0.0,0.0
