Time,Probability,RiskPremium,T0,T1,T2,Z,Expected,CVaR
14.5965559,0.1,13.87789608007165,0.1,63.178093761888086,109.79111751075695,3.287775912953971,7.7099422667064745,36.51172127081854
24.0183385,0.1,23.013114289602623,0.1,63.6545343968845,159.2186616820817,5.52202131578526,12.785063494223687,59.84535829016043
17.6955941,0.1,11.694585556007196,0.1,36.7901540834119,61.683831872068886,2.9287562918264594,6.496991975559554,29.185364861771397
20.2385739,0.1,11.698546646039249,0.1,36.81050410629964,58.73116960119909,2.921405268960422,6.499192581132909,29.278680540592017
20.9207989,0.1,17.144806255508048,0.1,38.121498083200855,75.85949867597274,4.55588246081448,9.524892364171135,40.16520666939552
16.9782785,0.1,28.379565088082337,0.1,63.62646810097078,121.6785427124816,7.442086699989288,15.766425048934627,67.47695844051894
