Time,Probability,RiskPremium,T0,T1,T2,Z,Expected,CVaR
11.8212996,0.05,-9.994060216437598e-12,2.0,0.0,-3.1845320252129264e-9,-7.169674000174887e-12,-4.3452435723641734e-12,6.315935428978667e-17
11.3744297,0.05,6.002975302029274e-12,2.0,3.91497678720043e-9,3.91497678720043e-9,4.306460176116565e-12,2.6099892617518586e-12,6.315935428978667e-17
13.3136987,0.05,-2.319940743215435e-12,0.1,0.0,0.0,-1.664332948002488e-12,-1.0086698883545369e-12,7.894919286223334e-17
18.1411384,0.05,5.725872161595664e-12,2.0,3.7342573477872065e-9,3.7342573477872065e-9,4.107679845649019e-12,2.4895096354763763e-12,3.1579677144893335e-17
16.2244294,0.05,5.6198748173604445e-12,2.0,3.6651641721618944e-9,3.6651641721618944e-9,4.03163827261071e-12,2.4434238336349755e-12,3.1579677144893335e-17
16.2864311,0.05,3.268496584496461e-17,2.0,5.809681624668883e-9,5.809681624668883e-9,-3.181652472348003e-17,1.4210854715202004e-17,1.578983857244667e-16
