Time,Probability,RiskPremium,T0,T1,T2,Z,Expected,CVaR
7.4303312,0.1,23.12982680011941,0.1,63.17809376188807,109.79111751075689,10.963124601107879,7.709942266706473,52.2775415897571
6.0758707,0.1,38.355190482671034,0.1,63.654534396884486,159.21866168208157,19.182510558664372,12.785063494223683,76.66122779205352
6.3393672,0.1,19.49097592667864,0.1,36.79015408341189,61.68383187206885,9.79215623769871,6.49699197555955,38.51526910976336
8.2205761,0.1,19.49757774339874,0.1,36.81050410629963,58.73116960119905,9.88365625510901,6.499192581132906,37.64648165270109
7.0440152,0.1,28.574677092513387,0.1,38.121498083200855,75.85949867597272,14.665685594524144,9.524892364171132,53.365883702352285
7.2838488,0.1,47.29927514680386,0.1,63.62646810097078,121.67854271248153,23.937238610185016,15.766425048934616,91.72253992577687
