Time,Probability,RiskPremium,T0,T1,T2,Z,Expected,CVaR
64.6351107,0.25,31.853073878048153,0.09999999999999254,30.10821836020289,30.10821836020289,14.244780786468786,12.251182260787775,30.108218363426552
19.3138311,0.25,64.97132456267015,0.1,54.338239975968506,54.338239975968506,31.17757287955088,24.988970985642254,54.33823997723259
23.1688265,0.25,28.04493149392821,0.1,25.909356521126636,25.909356521126636,12.721566058801153,10.786512113049312,25.909356519975287
21.9045382,0.25,28.15913618202463,0.09999999999999609,25.886584937803203,25.886584937803203,12.811854805700737,10.830436993086398,25.886584937211275
18.0343528,0.25,50.840454573918066,0.1,38.121498083200855,49.11094352069799,22.419356824730823,19.554020989968294,49.11094352069799
20.0685843,0.25,90.95641418321551,0.1,63.62646810097078,91.65948639510115,38.970302907665534,34.98323622431391,91.65948639510115
