Time,Probability,RiskPremium,T0,T1,T2,Z,Expected,CVaR
11.6458735,0.05,-7.82143843025551e-12,2.0,-3.1845320252129264e-9,-3.1845320252129264e-9,-4.77976792960059e-12,-4.3452435723641734e-12,0.0
10.8461413,0.05,4.697972144640516e-12,2.0,3.91497678720043e-9,3.91497678720043e-9,2.8709829772803157e-12,2.6099845248002867e-12,0.0
13.6890238,0.05,-1.8156185888074103e-12,0.1,0.0,0.0,-1.1095446931600841e-12,-1.0086769937818947e-12,0.0
16.1011363,0.05,0.0,2.0,0.0,0.0,-0.0,0.0,0.0
25.0004243,0.05,4.398197006594273e-12,2.0,3.6651641721618944e-9,3.6651641721618944e-9,2.687787059585389e-12,2.443442781441263e-12,0.0
15.6030895,0.05,0.0,2.0,5.809681624668883e-9,5.809681624668883e-9,-0.0,0.0,0.0
