Time,Probability,RiskPremium,T0,T1,T2,Z,Expected,CVaR
13.977367,0.1,19.274855666766193,0.1,63.178093761888086,109.79111751075695,6.565863992941034,7.7099422667064745,32.70518930229992
13.6485118,0.1,31.962658735559213,0.1,63.6545343968845,159.2186616820817,10.894506143887012,12.785063494223687,54.200508981466314
19.9613059,0.1,16.242479938898878,0.1,36.7901540834119,61.683831872068886,5.699437954670485,6.496991975559554,26.727242018903787
23.0105505,0.1,16.247981452832295,0.1,36.81050410629964,58.73116960119909,5.684133842838491,6.499192581132909,26.82246772543737
17.3374518,0.1,23.812230910427836,0.1,38.121498083200855,75.85949867597274,8.685376517405023,9.524892364171135,37.5347025084296
19.7209471,0.1,39.41606262233655,0.1,63.62646810097078,121.6785427124816,14.238439335289726,15.766425048934627,62.82241623949559
