Time,Probability,RiskPremium,T0,T1,T2,Z,Expected,CVaR
20.2345748,0.2,30.515020053979715,0.09999999999999432,47.37209985692094,47.37209985692094,14.792402848532582,12.206008021591877,47.372099860144615
19.4758512,0.2,56.05430804574613,0.1,63.6545343968845,72.37370466971224,28.637386682306378,22.42172321829847,72.37370466971224
24.8032435,0.2,24.64903415553784,0.1,32.855760404661275,32.855760404661275,12.489805817650849,9.859613662215152,32.85576041893378
27.3015521,0.2,24.55536698534003,0.1,31.59512435955389,31.59512435955389,12.555922434662268,9.822146794136001,31.59512435955389
20.5977043,0.2,42.34850233927474,0.1,38.121498083200855,56.304489845061966,21.47259251262973,16.939400935709884,56.304489845061966
16.8376997,0.2,72.87860178603016,0.1,63.6264681009708,96.93445447060716,36.94885969599862,29.151440714412082,96.93445447060716
