Time,Probability,RiskPremium,T0,T1,T2,Z,Expected,CVaR
80.1517356,0.15,8.555702541109067,0.1,14.257956954493709,14.257956954493709,0.9807277363404743,5.347314088193157,14.257956954494738
55.1964215,0.15,17.618513536459993,0.1,29.466317409396595,29.466317409396595,1.99325596389526,11.011570960287486,29.466317409396865
16.2068568,0.15,8.756726356943169,0.1,14.066715978358456,14.066715978358456,1.135331882536452,5.472953973089474,14.066715978358465
42.7940702,0.15,8.80644597024253,0.1,14.105467885101948,14.105467885101937,1.1520574504158847,5.504028731401562,14.105467885101948
15.23694,0.15,17.13707455439721,0.1,27.78201662274314,27.78201662274314,2.158566700572067,10.710671596498258,27.78201662580572
81.6999152,0.15,28.47165305373706,0.1,47.82955229764411,47.82955229764412,3.168177610398597,17.794783158585506,47.82955229759768
