Time,Probability,RiskPremium,T0,T1,T2,Z,Expected,CVaR
30.2861191,0.25,29.42495066861957,0.09999999999999787,30.16860497735907,30.16860497735907,12.687502340291786,12.260396111924873,30.168604977536372
15.1721598,0.25,60.295652260512284,0.1,55.20226254890321,55.20226254890321,27.652695291876313,25.123188441880256,55.20226254890321
18.7203574,0.25,25.983239494722216,0.09999999999999609,26.17361235998307,26.17361235998307,11.320074062911639,10.826349789467686,26.1736123588394
49.641581,0.25,26.085784955179086,0.1,26.136931670324543,26.136931670324543,11.39974423969645,10.869077064657878,26.13693166795683
18.2379499,0.25,47.188552595806975,0.1,38.121498083200855,49.807071332988116,19.990362076370168,19.661896914919513,49.807071332988116
13.3921691,0.25,84.23327563364619,0.1,63.62646810097078,92.39588200627607,34.81140649656275,35.097198180685716,92.39588200627607
