Time,Probability,RiskPremium,T0,T1,T2,Z,Expected,CVaR
156.5213227,0.25,12.172845848172194,0.1,13.525199248847532,13.525199248847532,2.1979489555686538,7.608028655107667,13.525199248847532
52.692419,0.25,31.929787760441435,0.1,37.921235075810976,37.921235075810976,4.7876233194458,19.956117350275804,37.92123507707507
66.6078899,0.25,12.033555798840268,0.1,13.073301375092239,13.073301375092239,2.2916518246988336,7.52097237427519,13.073301373940891
68.323817,0.25,12.136038870054533,0.1,13.291648705769301,13.291648706953154,2.268364811239619,7.585024293784125,13.291648706361226
23.986226,0.25,23.899744216631525,0.1,26.47433345974898,26.47433345974898,4.347606751495294,14.93734013539465,26.47433345974898
24.9977194,0.25,43.302176027135125,0.1,47.19469131724115,47.19469131878412,8.185983489445896,27.063860016959215,47.194691318784116
