Time,Probability,RiskPremium,T0,T1,T2,Z,Expected,CVaR
24.0102898,0.1,7.646350584477193,0.1,14.833684770056367,14.833684770056367,0.3791686223305638,4.024395044461683,14.833684770078094
20.6122168,0.1,14.569927072699512,0.09999999999999076,28.845683375589914,28.845683375589914,0.5483541911319382,7.668382669841863,28.845683375594128
4.6944763,0.1,7.53050544430792,0.09999999999999609,14.402889036499296,14.402889036499296,0.43524199070780856,3.963423918056767,14.4028890365346
29.111426,0.1,7.498199296254588,0.1,14.373900085405703,14.373900085405703,0.4235347930654074,3.946420682239225,14.373900085405703
12.7972812,0.1,14.761556363253623,0.09999999999999076,28.796725679224508,28.796725679224508,0.6840705267518632,7.769240191186159,28.79672567557156
23.7369274,0.1,24.480127285949848,0.1,48.4390705787803,48.4390705787803,0.9294118490781149,12.884277518920888,48.439070578757295
