Time,Probability,RiskPremium,T0,T1,T2,Z,Expected,CVaR
12.4639227,0.05,-1.0428584573674014e-11,2.0,-3.1845320252129264e-9,-3.1845320252129264e-9,-7.604176251637301e-12,-4.3452435723641734e-12,0.0
11.5616995,0.05,6.2639628595206884e-12,2.0,3.91497678720043e-9,3.91497678720043e-9,4.567472918400502e-12,2.6099845248002867e-12,0.0
15.7432236,0.05,-2.420824785076547e-12,0.1,0.0,0.0,-1.7651847391183155e-12,-1.0086769937818947e-12,0.0
12.5964919,0.05,0.0,2.0,0.0,0.0,-0.0,0.0,0.0
10.8095873,0.05,5.86426267545903e-12,2.0,3.6651641721618944e-9,3.6651641721618944e-9,4.2760248675222095e-12,2.443442781441263e-12,0.0
11.2297664,0.05,0.0,2.0,5.809681624668883e-9,5.809681624668883e-9,-0.0,0.0,0.0
