Time,Probability,RiskPremium,T0,T1,T2,Z,Expected,CVaR
40.5077576,0.1,11.264578716600242,0.1,17.71621677757861,17.71621677757861,1.3619473238115514,4.693574465250124,17.716216784096467
41.9122587,0.1,18.711623044007553,0.1,29.38874498620227,29.38874498620227,2.2782192885946446,7.796509601669705,29.38874498602762
20.9328622,0.1,10.28576827173674,0.1,15.777620291317763,15.777620291317763,1.4032780878805657,4.28573677989029,15.777620289804968
19.2741659,0.1,10.10149161796337,0.1,15.494314671037689,15.494314671037689,1.3783928431036077,4.20895484081805,15.494314675922348
19.0312084,0.1,18.73277049604416,0.1,28.95201665278953,28.95201665278953,2.4687712112838236,7.805321040018368,28.95201665187324
22.0967099,0.1,31.000365179650196,0.1,48.57707181191219,48.57707181191219,3.8194451622811005,12.916818824854388,48.57707180614124
