Time,Probability,RiskPremium,T0,T1,T2,Z,Expected,CVaR
24.9688723,0.25,36.63800429009125,0.1,46.06682516282603,46.06682516282603,17.750171420829844,14.091540111573497,46.06682516282603
20.8967119,0.25,72.79561421505974,0.1,63.6545343968845,83.74531821471052,36.435250297160465,27.998313159638187,83.74531821471052
23.6872711,0.25,29.438529407342436,0.1,30.782051310038298,30.78205131118965,15.197087096725127,11.322511310516326,30.78205131118965
24.4009619,0.25,29.502251304401188,0.1,30.417355380882693,30.417355380882693,15.294681225031255,11.347019732461977,30.41735537851498
23.3575774,0.25,52.81079654852193,0.1,38.121498083200855,55.21801809452525,27.263025731941703,20.311844826354584,55.21801809452525
19.8091868,0.25,92.50963879687916,0.1,63.62646810097078,96.35255134148744,47.813220335137984,35.58063030649186,96.35255134148744
