Time,Probability,RiskPremium,T0,T1,T2,Z,Expected,CVaR
25.3196793,0.25,30.93152333374786,0.1,63.17809376188807,156.54192510569595,11.85859073556594,15.46576166687393,51.53747097995397
23.0053259,0.25,59.08128401374896,0.1,63.6545343968845,159.2186616820817,24.029622690912007,29.540642006874442,84.65083516649952
22.9418528,0.25,24.278178945006836,0.1,36.7901540834119,70.95489073513308,9.860600605788118,12.139089472503418,34.92397813965663
20.948431,0.25,24.28274077321598,0.1,36.81050410629964,70.14192940826788,9.893629787487768,12.14137038660799,34.61877637781018
22.4506956,0.25,42.077886137378215,0.1,38.121498083200855,91.54684087940345,17.24412276321412,21.038943068689104,58.9871461234396
18.7949724,0.25,73.64079453921914,0.1,63.62646810097078,169.065317266968,30.114136714448147,36.820397269609536,103.88300282122408
