Time,Probability,RiskPremium,T0,T1,T2,Z,Expected,CVaR
20.0542807,0.2,24.260355198696587,0.09999999999999432,30.18267060668989,30.18267060668989,9.785436659775945,10.547980521172361,30.182670609913565
18.1510789,0.2,48.13132036739719,0.0999999999999801,54.3382399772326,54.3382399772326,20.522343548255233,20.926661029303197,54.33823997849668
16.8756893,0.2,21.33498376796996,0.1,26.169590212097525,26.169590212097525,8.68020180482937,9.276079899117356,26.169590219233775
16.5260021,0.2,21.49712742081245,0.1,26.199707345297465,26.199707345297465,8.779924238037841,9.346577139483692,26.19970735593841
16.3005586,0.2,33.974733486089626,0.1,35.39392836016187,35.39392836016187,15.078649210199975,14.771623254821577,35.39392836016187
15.0446055,0.2,57.89303552295158,0.1,62.233775651192765,62.233775651192765,25.309572385964223,25.170885009978935,62.23377564502082
