Time,Probability,RiskPremium,T0,T1,T2,Z,Expected,CVaR
18.4608626,0.2,20.522336986714617,0.09999999999999432,25.53593041755603,25.53593041755603,6.020778864909112,9.77254142224504,25.535930420779707
62.0710283,0.2,41.9166085944331,0.1,48.089779388088104,48.089779388088104,13.517471913195603,19.96028980687291,48.089779388088104
19.2125213,0.2,17.022018863661202,0.1,19.618791627674153,19.618791627674153,5.462375087471878,8.105723268410175,19.618791627674153
58.5220806,0.2,17.108232911650497,0.1,19.53003317134125,19.53003317134125,5.546478656364676,8.146777576976408,19.53003317134125
16.9045029,0.2,28.99202730233557,0.1,29.828480841952956,29.828480841952956,10.379473948741438,13.805727286826508,29.8284808427186
8.9092249,0.2,48.20325887314995,0.1,48.86761658353932,48.86761658353932,17.47522094037156,22.953932796737902,48.86761658353932
