Time,Probability,RiskPremium,T0,T1,T2,Z,Expected,CVaR
16.777515,0.1,0.0,2.0,0.0,0.0,-0.0,0.0,0.0
14.4712291,0.1,0.0,2.0,0.0,0.0,-0.0,0.0,0.0
14.6777124,0.1,0.0,2.0,0.0,0.0,-0.0,0.0,0.0
14.3161472,0.1,0.0,2.0,0.0,0.0,-0.0,0.0,0.0
13.2043303,0.1,0.0,2.0,0.0,0.0,-0.0,0.0,0.0
13.7484213,0.1,0.0,2.0,0.0,0.0,-0.0,0.0,0.0
