Time,Probability,RiskPremium,T0,T1,T2,Z,Expected,CVaR
40.2255283,0.15,11.868271324581785,0.09999999999999609,22.946157168439882,22.946157168439882,2.1213286078819373,7.417669577863612,22.946157170105156
53.2334075,0.15,24.958929200789097,0.1,47.81455852189855,47.81455852189855,4.527314284395537,15.599330750493056,47.81455852316263
15.6010554,0.15,10.503854004082767,0.1,18.815553114167837,18.815553115680586,2.101348597004991,6.564908752551711,18.815553116058922
16.6131887,0.15,10.556348526524443,0.1,18.857057494440898,18.857057494440898,2.1197297476421704,6.597717829077764,18.857057494440898
9.4726802,0.15,17.78182995277068,0.1,29.35152081619474,29.35152081619474,3.9325046679321654,11.11364372048161,29.351520816194743
17.4721847,0.15,28.87399588156403,0.1,48.79440333076507,48.79440333076507,6.215525070788045,18.046247425977537,48.79440332463426
