Time,Probability,RiskPremium,T0,T1,T2,Z,Expected,CVaR
23.0263375,0.05,11.361246492098571,0.1,63.178093761888086,109.79111751075695,3.680376700188515,4.544498596839427,35.90821054754571
13.4314852,0.05,17.35018196522973,0.1,63.6545343968845,119.67234110440717,5.53697210061224,6.940072786091891,55.67144357134789
12.6184113,0.05,9.882932357207741,0.1,36.7901540834119,61.68383187206889,3.3305368052312585,3.953172942883093,29.94539903381694
12.3438422,0.05,9.888132122776918,0.1,36.81050410629964,58.059670817097995,3.3533184333293344,3.9552528491107646,29.750861252478924
11.7032225,0.05,12.869352361824347,0.1,38.121498083200855,75.85949867597274,4.447169876396462,5.147740944729735,37.89215635171121
10.3385648,0.05,21.16324261873002,0.1,63.6264681009708,121.6785427124816,7.229035842156944,8.465297047492005,63.154394338302694
