Time,Probability,RiskPremium,T0,T1,T2,Z,Expected,CVaR
18.5250276,0.2,28.81080386936227,0.1,63.17809376188807,156.54192510569598,11.358347075710304,13.095819940619208,42.140065627504306
20.2298037,0.2,53.21432873720826,0.1,63.6545343968845,159.2186616820817,22.27264256621664,24.188331244185548,69.21069742289262
18.4763438,0.2,22.872745840213298,0.1,36.7901540834119,70.95489073513308,9.38165840953403,10.396702654642404,31.02593449488825
17.8133884,0.2,22.877573313498637,0.1,36.81050410629964,70.1419294082679,9.427108919637677,10.3988969606812,30.742679848546288
20.3590603,0.2,38.24599288802655,0.1,38.121498083200855,91.54684087940345,16.31352975663736,17.384542221830234,47.70401495222346
16.2904244,0.2,65.84161321162753,0.1,63.62646810097078,169.065317266968,27.845481495224384,29.92800600528522,83.71551074607174
