Time,Probability,RiskPremium,T0,T1,T2,Z,Expected,CVaR
22.0944658,0.2,32.1765502073096,0.1,43.51644852219935,43.51644852219935,15.51942823360237,11.917240817522103,43.51644852542301
18.8749844,0.2,58.80443903974847,0.1,62.57019277617871,62.57019277617871,30.9064015365447,21.779421866573433,62.57019277744276
18.6818187,0.2,26.095843062104677,0.1,30.078323542442877,30.078323542442877,13.36873652863486,9.66512706003877,30.078323549579128
39.2357405,0.2,26.000274300039386,0.1,28.87538322378435,28.87538322378435,13.483695276772385,9.629731222236806,28.875383229104823
17.6073216,0.2,45.322539964870515,0.1,38.12149808320086,54.18779291514488,22.926164001621014,16.786125912915043,54.18779291514488
14.570352,0.2,78.5302744014304,0.1,63.6264681009708,96.0130485331803,39.4058233284104,29.085286815344713,96.0130485331803
