Time,Probability,RiskPremium,T0,T1,T2,Z,Expected,CVaR
55.5227015,0.15,9.208232612902284,0.1,13.525199248847532,13.525199248847532,0.7287420423784398,5.115684784945793,13.525199248890985
83.5503867,0.15,19.03672759226806,0.09999999999999076,28.09620710709251,28.09620710709251,1.4526688852153087,10.57595977348223,28.09620710740853
109.5418363,0.15,9.572129165058232,0.1,13.572486183517999,13.572486183517999,0.9524249698137033,5.31784953614343,13.57248618389625
21.6627385,0.15,9.660981241027672,0.1,13.664900103468108,13.664900103468108,0.9746941169208992,5.367211800570934,13.66490010941047
75.0226528,0.15,18.893699179713845,0.1,27.104442303759647,27.104442303759647,1.7540225313324147,10.496499544285516,27.104442304525293
42.466855,0.15,31.771024827876104,0.1,47.37145739741653,47.37145739741653,2.2321002602346574,17.650569348820063,47.37145739587353
