Time,Probability,RiskPremium,T0,T1,T2,Z,Expected,CVaR
13.4088139,0.1,18.503861440095537,0.1,63.178093761888086,109.79111751075695,3.2953450627110303,7.7099422667064745,32.70518930229992
14.4490252,0.1,30.684152386136848,0.1,63.6545343968845,159.2186616820817,5.47445524574039,12.785063494223687,54.200508981466314
12.8622722,0.1,15.592780741342924,0.1,36.7901540834119,61.683831872068886,3.0267137527801,6.496991975559554,26.727242018903787
15.4482382,0.1,15.598062194718992,0.1,36.81050410629964,58.73116960119909,3.0018870702947456,6.499192581132909,26.82246772543737
11.8267523,0.1,22.859741674010706,0.1,38.121498083200855,75.85949867597274,4.93190626656203,9.524892364171135,37.5347025084296
11.9393131,0.1,37.83942011744311,0.1,63.62646810097078,121.6785427124816,7.9561977113401925,15.766425048934627,62.82241623949559
