Time,Probability,RiskPremium,T0,T1,T2,Z,Expected,CVaR
24.8854647,0.25,46.397285000621814,0.1,63.17809376188807,156.54192510569595,26.517649266796493,15.46576166687393,59.60450233638771
24.4399324,0.25,88.62192602062345,0.1,63.6545343968845,159.2186616820817,52.317620189960174,29.540642006874442,97.1772802447629
22.9136121,0.25,36.41726841751025,0.1,36.7901540834119,70.95489073513308,21.610819080767122,12.139089472503418,38.81268811490056
27.1507303,0.25,36.424111159823994,0.1,36.81050410629964,70.14192940826788,21.67397111126596,12.14137038660799,38.22906700610842
49.3837275,0.25,63.11682920606738,0.1,38.121498083200855,91.54684087940345,37.941902788088306,21.038943068689104,62.39877656158932
17.8068186,0.25,110.46119180882881,0.1,63.62646810097078,169.065317266968,66.4525632923854,36.820397269609536,108.70270973794835
