Time,Probability,RiskPremium,T0,T1,T2,Z,Expected,CVaR
17.0405094,0.15,24.901837430229225,0.1,63.178093761888086,109.79111751075698,8.219601392758873,10.375765595928852,41.90811780363635
15.3972022,0.15,44.50854141496288,0.1,63.6545343968845,159.2186616820817,16.214027338619765,18.54522558956784,67.29166802344398
16.6852543,0.15,20.467472886677243,0.1,36.7901540834119,61.68383187206888,7.368422755238588,8.528113702782191,31.38279584606454
19.5967843,0.15,20.472955502691754,0.1,36.81050410629964,59.60930820403673,7.425208277329973,8.530398126121549,31.11714362232266
22.5824847,0.15,32.62480917840738,0.1,38.121498083200855,91.54684087940345,12.625949904685054,13.59367049100308,45.61961440459937
13.031487,0.15,54.973496818514384,0.1,63.62646810097078,169.06531726696798,20.486927103852953,22.905623674380998,80.81035387578319
