Time,Probability,RiskPremium,T0,T1,T2,Z,Expected,CVaR
15.2944657,0.15,0.0,2.0,0.0,0.0,-0.0,0.0,0.0
51.2729004,0.15,0.0,2.0,0.0,0.0,-0.0,0.0,0.0
14.4081189,0.15,0.0,2.0,0.0,0.0,-0.0,0.0,0.0
7.0285924,0.15,-6.338518687698525e-12,2.0,-2.6090279363840333e-9,-2.6090279363840333e-9,-3.961574179811579e-12,-3.961574179811578e-12,0.0
7.3383669,0.15,0.0,2.0,0.0,0.0,-0.0,0.0,0.0
15.6743141,0.15,0.0,0.1,6.171980260205601e-9,6.171980260205601e-9,-0.0,0.0,0.0
