Time,Probability,RiskPremium,T0,T1,T2,Z,Expected,CVaR
12.1266602,0.05,-7.82143843025551e-12,2.0,0.0,-3.1845320252129264e-9,-4.9970522139928e-12,-4.3452435723641734e-12,6.315935428978667e-17
14.122861,0.05,4.697980671153346e-12,2.0,3.91497678720043e-9,3.91497678720043e-9,3.0014655452406358e-12,2.6099892617518586e-12,6.315935428978667e-17
10.7000279,0.05,-1.8156057990381666e-12,0.1,0.0,0.0,-1.1599980038252194e-12,-1.0086698883545369e-12,7.894919286223334e-17
18.3686198,0.05,4.481117343857477e-12,2.0,3.7342573477872065e-9,3.7342573477872065e-9,2.8629250279108318e-12,2.4895096354763763e-12,3.1579677144893335e-17
16.2799811,0.05,4.398162900542956e-12,2.0,3.6651641721618944e-9,3.6651641721618944e-9,2.809926355793221e-12,2.4434238336349755e-12,3.1579677144893335e-17
16.1399447,0.05,2.5579538487363606e-17,2.0,5.809681624668883e-9,5.809681624668883e-9,-3.8921952081081036e-17,1.4210854715202004e-17,1.578983857244667e-16
