Time,Probability,RiskPremium,T0,T1,T2,Z,Expected,CVaR
14.5589237,0.1,13.0453335901823,0.1,22.959476699203602,22.959476699203602,3.05155128488913,5.671884169644461,22.959476712239333
13.0697203,0.1,21.664794409263934,0.1,38.01027979390076,38.01027979390076,5.0976175878866385,9.419475830114713,38.01027979516484
37.5566794,0.1,11.874017162867032,0.1,20.30241775875009,20.30241775875009,2.926450604096812,5.162616157768234,20.302417761776105
27.2399926,0.1,11.86118971916539,0.1,20.349924674723702,20.34992467472369,2.9059292942349204,5.157039008332732,20.349924674723702
12.840215,0.1,18.40469825939621,0.09999999999999076,30.02879848217471,30.02879848217471,4.895966598661303,8.002042721476608,30.028798478509547
80.8027792,0.1,29.860603876988687,0.1,48.933895189016454,48.933895189016454,7.8899766415982695,12.98287125086473,48.93389518896773
