Time,Probability,RiskPremium,T0,T1,T2,Z,Expected,CVaR
5.193897,0.05,7.725647614627026,0.1,63.178093761888086,109.79111751075692,0.6059331462452553,4.544498596839426,30.29665731226287
4.911075,0.05,11.798123736356224,0.1,63.6545343968845,119.67234110440711,0.9253430381455934,6.940072786091891,46.267151907279256
6.3470241,0.05,6.720394002901262,0.1,36.7901540834119,61.68383187206887,0.5270897257177476,3.953172942883093,26.35448628588731
5.3651853,0.05,6.723929843488305,0.1,36.81050410629964,58.05967081709798,0.527367046548102,3.9552528491107646,26.3683523274051
5.3464501,0.05,8.75115960604055,0.1,38.12149808320086,75.85949867597273,0.686365459297295,5.147740944729735,34.31827296486488
5.1630922,0.05,14.391004980736415,0.1,63.6264681009708,121.67854271248154,1.1287062729989363,8.465297047492005,56.4353136499467
