Time,Probability,RiskPremium,T0,T1,T2,Z,Expected,CVaR
21.8654964,0.25,29.615963931760355,0.1,27.71635645621646,27.71635645621646,12.215088548698713,11.846385572704108,27.716356459440107
17.6506403,0.25,61.10381978447501,0.09999999999999076,51.19194469967497,51.19194469967497,27.299645995511618,24.441527913789965,51.19194469999942
16.6764222,0.25,26.329397667668285,0.1,24.423032071779254,24.423032071779254,10.935693049354787,10.531759067067307,24.423032070627904
22.389185,0.25,26.483907765513685,0.1,24.508302448139098,24.508302448139098,11.020185889631351,10.593563106205563,24.508302448139098
19.802794,0.25,43.02469728068625,0.1,35.04525124486683,35.04525124486683,19.572438050932508,17.209878912274505,35.045251247929414
20.9631604,0.25,74.08846234609636,0.1,58.52001994334772,58.52001994334772,34.34345515593966,29.63538493843868,58.52001994334772
