Time,Probability,RiskPremium,T0,T1,T2,Z,Expected,CVaR
45.1548775,0.2,26.131341292232403,0.09999999999999609,26.976411123705354,26.976411123705354,10.156762074749121,10.050515881627911,26.97641112692905
19.5635227,0.2,52.27614350437921,0.09999999999999432,48.82313354722817,48.82313354722817,22.11901088663956,20.106209040145693,48.82313354755683
15.1010432,0.2,22.78063715681796,0.1,22.97442639775981,22.97442639775981,9.0444286258999,8.761783521853005,22.97442640489606
20.9976143,0.2,23.051126614107556,0.09999999999999432,23.186497645140115,23.186497645140115,9.173070782919384,8.865817928502882,23.186497650460588
12.5240553,0.2,37.256475839426265,0.1,32.559782766843576,32.559782766843576,16.546432911174488,14.32941378439462,32.559782766843576
14.39736,0.2,61.37768586036741,0.1,52.212736585343634,52.212736585343634,27.758806590405413,23.606802253987457,52.212736585343634
