Time,Probability,RiskPremium,T0,T1,T2,Z,Expected,CVaR
49.8171761,0.15,13.263440455742487,0.1,19.24596285105998,19.245962851059975,2.8474474409146335,6.631720227871243,19.245962851059975
66.4460583,0.15,30.96848944943933,0.09999999999999432,47.26761201064406,47.267612010644065,5.949234538847649,15.484244724719655,47.267612010960086
9.9195092,0.15,11.899732804275274,0.1,15.981460287432865,15.981460287432865,2.940388236549088,5.949866402137634,15.981460287432865
34.9883684,0.15,11.934484017449716,0.1,15.973115541912886,15.973115541912847,2.965479948768455,5.967242008724856,15.973115541912891
11.517395,0.15,22.080345695969754,0.1,29.010743728905187,29.010743728905187,5.649001583708762,11.040172847984877,29.010743728905187
55.796456,0.15,35.99797402186656,0.1,48.57513242886201,48.57513242886201,8.826143385554555,17.99898701093326,48.575132428862005
