Time,Probability,RiskPremium,T0,T1,T2,Z,Expected,CVaR
26.1685389,0.2,24.178751122589855,0.09999999999999432,27.111875685358534,27.111875685358534,8.99305267192647,10.074479634412517,27.11187568858221
15.5296304,0.2,48.23976267722019,0.09999999999999432,48.786956444205906,48.786956444205906,19.53374496272339,20.099901115508413,48.78695644546999
17.8010175,0.2,21.119568371439158,0.1,23.188114581660695,23.188114581660695,8.003259888604545,8.79982015476637,23.188114581660695
31.5164693,0.2,21.443219681535734,0.09999999999999609,23.57662205839499,23.57662205839499,8.115960655306516,8.934674867306578,23.57662206371546
16.7614126,0.2,34.42679362642733,0.1,32.6441828821181,32.6441828821181,14.592390620750582,14.344497344344827,32.6441828821181
10.1506368,0.2,56.83852031178891,0.1,52.639603887648065,52.639603887648065,24.46873738788933,23.68271679657888,52.63960388764806
