Time,Probability,RiskPremium,T0,T1,T2,Z,Expected,CVaR
13.4500736,0.1,8.853669097815697,0.09999999999999609,14.833684770056367,14.833684770056367,0.5055581631045354,4.024395044461683,14.833684770085336
26.511824,0.1,16.87267683158669,0.1,28.849757799343582,28.849757799343582,0.7311345754562919,7.669398559812084,28.849757800607666
55.9064977,0.1,8.717743688621265,0.1,14.399627736207078,14.399627736207078,0.5803261330001213,3.9626107675551094,14.399627737720087
12.0496524,0.1,8.685086543857016,0.09999999999999609,14.37931410226178,14.37931410226178,0.5647009344920286,3.9477666108440688,14.379314107146442
55.0677113,0.1,17.08619535828831,0.1,28.785467363263525,28.785467363263525,0.9121369519980461,7.766452435585623,28.785467362347234
36.4977863,0.1,28.344517268170943,0.1,48.43744210259184,48.43744210259184,1.2392175358148898,12.883871485532275,48.43744210259183
