Time,Probability,RiskPremium,T0,T1,T2,Z,Expected,CVaR
82.1006993,0.2,10.36042802012119,0.1,13.713370319035405,13.713370319035334,1.3518245252845102,6.475267512575802,13.713370319035455
72.6398726,0.2,22.365249277360107,0.1,29.72504610221046,29.72504610221046,2.875600622216637,13.978280798349818,29.725046103474572
35.9533765,0.2,10.338483057609862,0.09999999999999609,13.304840561286769,13.304840561286769,1.4817801165078084,6.461551911006076,13.30484056842302
62.886616,0.2,10.469494925299157,0.1,13.326942329467332,13.326942329467315,1.5518327965827818,6.5434343283120056,13.326942329467352
32.6271591,0.2,20.748252332972147,0.09999999999999076,26.90467958231448,26.90467958231448,2.9026369678212056,12.967657708107803,26.904679585374186
29.4074957,0.2,35.96253032672023,0.1,47.245034300859686,47.24503431320358,4.81699037402903,22.47658145419963,47.24503430703164
