Time,Probability,RiskPremium,T0,T1,T2,Z,Expected,CVaR
76.5124191,0.15,9.230766915947736,0.1,13.562831683108739,13.562831683108739,0.7287119360847742,5.128203842193209,13.562831686367549
22.316079,0.15,19.036727592304967,0.1,28.09620710744933,28.09620710744933,1.4526688852389498,10.575959773502708,28.09620710741102
79.9969707,0.15,9.572129165059101,0.1,13.572486183519374,13.572486183519374,0.9524249698136695,5.317849536143875,13.572486183897624
10.7338692,0.15,9.660981241027674,0.1,13.664900103468112,13.664900103468112,0.9746941169208989,5.367211800570934,13.664900109410473
22.2991708,0.15,18.90522796127359,0.09999999999999076,27.12365693740033,27.12365693740033,1.7540225313305537,10.502904422929635,27.12365694046291
45.6693052,0.15,31.771959108405984,0.1,47.37301765184858,47.373017651848585,2.232099011531225,17.651088393558886,47.37301765184858
