Time,Probability,RiskPremium,T0,T1,T2,Z,Expected,CVaR
41.5945218,0.15,15.014994229834791,0.1,20.09392214311422,20.09392214311422,3.5458731834105635,6.824997377197556,20.093922146416546
31.2493123,0.15,34.092837950706745,0.09999999999999076,47.32238811624711,47.32238811624711,7.457118169596161,15.496744523048388,47.322388117511196
72.6770576,0.15,13.334420178917172,0.1,16.46904724748277,16.46904724748277,3.630538588906774,6.0611000813259865,16.46904724899578
49.3584942,0.15,13.386646877049778,0.1,16.48720002741386,16.48720002741386,3.660981197155823,6.0848394895681,16.487200033356228
11.4800155,0.15,24.319915790192493,0.1,29.07332701189524,29.07332701189524,6.958821670745044,11.054507177360172,29.07332701189524
73.4140533,0.15,39.61140786641428,0.1,48.60247843835886,48.60247843835886,10.897169907016044,18.00518539382463,48.60247843832085
