Time,Probability,RiskPremium,T0,T1,T2,Z,Expected,CVaR
20.7444426,0.2,18.453833642987846,0.09999999999999432,25.254152941303623,25.254152941303623,4.855887389887126,9.712544022625217,25.2541529445273
110.5822447,0.2,37.88779300735491,0.1,47.9999601510863,47.9999601510863,10.932095203206115,19.94094368808143,47.99996015235038
25.4180702,0.2,15.255550159899206,0.1,19.2646322041067,19.2646322041067,4.4174644123914115,8.029236926262799,19.264632211242947
16.0253931,0.2,15.423353708461255,0.09999999999999609,19.394108955604665,19.394108955604665,4.486660530679529,8.117554583400638,19.394108960925138
6.9117419,0.2,26.143310592723456,0.1,29.612986832102468,29.612986832102468,8.420336019148976,13.759637154065029,29.612986832102468
7.0187078,0.2,43.604205817325344,0.1,48.84744766752531,48.84744766752531,14.18015739360504,22.949582009118437,48.84744766752531
