Time,Probability,RiskPremium,T0,T1,T2,Z,Expected,CVaR
23.4250443,0.25,41.757556500559694,0.1,63.17809376188807,156.54192510569595,20.229350839154094,15.46576166687393,45.77798163953224
23.2284035,0.25,79.75973341856117,0.1,63.6545343968845,159.2186616820817,40.79818263563097,29.540642006874442,76.6451858871527
24.0278599,0.25,32.77554157575918,0.1,36.7901540834119,70.95489073513308,16.574330697120068,12.139089472503418,32.44969650318193
26.8386384,0.25,32.78170004384159,0.1,36.81050410629964,70.14192940826788,16.62071751530509,12.14137038660799,32.23943109625061
22.7216679,0.25,56.8051462854606,0.1,38.121498083200855,91.54684087940345,29.1361630164823,21.038943068689104,54.18914407013498
21.6264601,0.25,99.4150726279459,0.1,63.62646810097078,169.065317266968,51.08498232558054,36.820397269609536,94.36886243338787
