Time,Probability,RiskPremium,T0,T1,T2,Z,Expected,CVaR
19.3732959,0.2,30.120385863424193,0.1,63.17809376188807,156.54192510569598,11.92470713434018,13.095819940619208,47.094878530384605
18.1237141,0.2,55.63316186162689,0.1,63.6545343968845,159.2186616820817,23.6858993728933,24.188331244185548,75.91453954117243
20.8039846,0.2,23.91241610567753,0.1,36.7901540834119,70.95489073513308,10.034802325284875,10.396702654642404,33.602776826310794
16.8945279,0.2,23.917463009566774,0.1,36.81050410629964,70.1419294082679,10.103276727106204,10.3988969606812,33.16749243921033
20.6750133,0.2,39.984447110209516,0.1,38.121498083200855,91.54684087940345,17.291347240767482,17.384542221830234,52.774926539242415
19.1963333,0.2,68.83441381215601,0.1,63.62646810097078,169.065317266968,29.336723411209608,29.92800600528522,93.7259019763601
