Time,Probability,RiskPremium,T0,T1,T2,Z,Expected,CVaR
34.6196012,0.15,17.556754402787515,0.1,21.00615258807182,21.00615258807182,4.940672310889823,7.0227017611149645,21.00615258807182
12.8272781,0.15,38.786487112909796,0.1,47.40464691809775,47.40464691809775,10.515871437561062,15.51459484516392,47.40464692062593
52.03016,0.15,16.044139213315358,0.09999999999999609,18.102597019315816,18.102597019315816,4.9525069937881465,6.417655685326192,18.102597020828817
13.3771322,0.15,16.316715154967813,0.1,18.51416986542957,18.51416986542957,4.9950355692267125,6.526686061987217,18.51416987137193
25.113105,0.15,27.74713830376409,0.09999999999999076,29.278716554803662,29.278716554803662,9.376338487714301,11.098855321505571,29.278716557866243
46.8009255,0.15,45.09396998936301,0.1,48.751694975576314,48.75169497711931,14.77073920168528,18.037587995745323,48.751694975576314
