Time,Probability,RiskPremium,T0,T1,T2,Z,Expected,CVaR
105.262903,0.2,13.65894871569564,0.1,15.904738605612375,15.904738605612375,2.9837010461520306,7.18892037668201,15.90473860883605
79.094061,0.2,37.18693104468848,0.1,46.57075332160386,46.57075332160386,6.815388333513729,19.572068970889088,46.57075332160386
118.3144792,0.2,12.7989210158696,0.1,14.128019230953814,14.128019230953814,3.1059487921608806,6.736274218878654,14.128019230953814
48.0983438,0.2,12.932542602875264,0.1,14.112304403756632,14.112304403756621,3.2036600194119567,6.806601369934333,14.112304403756637
13.9953994,0.2,25.249447086892623,0.10000000000000009,27.862751430432116,27.862751433494694,6.130836905882508,13.289182677311965,27.862751436557275
64.6363889,0.2,43.07446670598042,0.1,47.82955229764412,47.82955229764412,10.34018261908173,22.670771950515924,47.829552291472176
