Time,Probability,RiskPremium,T0,T1,T2,Z,Expected,CVaR
20.0509612,0.2,24.846424994640437,0.1,28.8074885944803,28.8074885944803,9.880045034389276,10.352677081100179,28.807488597703976
19.726873,0.2,49.3681487529964,0.0999999999999801,51.79430545379621,51.79430545379621,20.99241615534245,20.57006198041529,51.79274444937001
17.3198357,0.2,21.981365906340862,0.1,25.35084925377899,25.35084925377899,8.7744767471646,9.158902460975384,25.35084925377899
29.8272492,0.2,22.127690460394536,0.09999999999999609,25.307319529947037,25.307319529947037,8.885957307580064,9.219871025164382,25.30731953576485
17.5222252,0.2,35.312857880453876,0.1,34.96930836424177,34.96930836424177,15.5352627017516,14.71369078352251,34.96930836424177
13.961135,0.2,59.1920896131791,0.1,58.63007005879075,58.63007005879075,26.03704409436291,24.663370672157775,58.63007005879075
