Time,Probability,RiskPremium,T0,T1,T2,Z,Expected,CVaR
74.5056204,0.25,28.856385870232344,0.1,26.17308100468975,26.173081001466166,11.461620860790081,11.542554348092892,26.173081001466187
26.6014634,0.25,59.98147501407314,0.09999999999999076,48.92420288196416,48.92420288196416,26.016239857783518,23.99259000562923,48.924202882280184
20.7146797,0.25,25.805082024326886,0.1,23.382670354042386,23.382670354042386,10.258794197332003,10.322032809730825,23.382670352891036
24.7791768,0.25,26.160201552817124,0.1,23.862581932316562,23.862581932316562,10.336720408161492,10.464080621126936,23.86258192994885
12.9419706,0.25,42.22240445082137,0.1,33.486668898583524,33.486668898583524,18.694359821965637,16.888961780328568,33.486668901646105
21.9014193,0.25,71.46929499703496,0.1,53.25419147973582,53.25419147973582,33.01498760585256,28.58771799881395,53.25419147973582
