Time,Probability,RiskPremium,T0,T1,T2,Z,Expected,CVaR
23.5074947,0.25,29.615963931760355,0.1,27.71635645621646,27.71635645621646,12.215088548698713,11.846385572704108,27.716356459440107
18.1979457,0.25,61.10381978457501,0.09999999999999076,51.19194469999099,51.19194469999099,27.299645995478002,24.441527913830043,51.19194470030701
16.535059,0.25,26.329397667668285,0.1,24.423032071779254,24.423032071779254,10.935693049354787,10.531759067067307,24.423032070627904
19.7214462,0.25,26.483907765513685,0.1,24.508302448139098,24.508302448139098,11.020185889631351,10.593563106205563,24.508302448139098
20.5231956,0.25,43.02469728068625,0.1,35.04525124486683,35.04525124486683,19.572438050932508,17.209878912274505,35.045251247929414
19.4191312,0.25,74.08846234609636,0.1,58.52001994334772,58.52001994334772,34.34345515593966,29.63538493843868,58.52001994334772
