Time,Probability,RiskPremium,T0,T1,T2,Z,Expected,CVaR
97.3147914,0.25,19.891121030519894,0.09999999999999432,24.135988830160752,24.135988830160752,4.914888425158412,11.05062279473326,24.135988830160752
45.1815322,0.25,42.632325190162454,0.10000000189597102,47.68118999099946,47.68118999099946,11.748730618815825,23.684625105645893,47.68118999131548
7.4861844,0.25,16.196034484411218,0.1,17.87810830955099,17.87810830955099,4.534144136497041,8.997796935784146,17.87810830955099
27.5115086,0.25,16.59514105139588,0.1,18.705126278514264,18.705126278514246,4.529937205540877,9.219522806330989,18.70512627141113
10.8094807,0.25,28.666193172897998,0.1,29.381561521232122,29.381561521232122,8.703760704615991,15.925662873832271,29.381561521997767
59.1364466,0.25,49.57422794749431,0.1,48.63866583640724,48.63866583640724,15.70376177810142,27.541237748607703,48.63866581789141
