Time,Probability,RiskPremium,T0,T1,T2,Z,Expected,CVaR
20.6626355,0.2,35.358713839671864,0.1,63.17809376188807,156.54192510569598,13.549620192987117,13.095819940619208,42.140065627504306
20.7638812,0.2,65.30849435930112,0.1,63.6545343968845,159.2186616820817,27.613453261503423,24.188331244185548,69.21069742289262
17.8481612,0.2,28.071097167534447,0.1,36.7901540834119,70.95489073513308,11.485624960818303,10.396702654642404,31.02593449488825
24.4696895,0.2,28.077021793839272,0.1,36.81050410629964,70.1419294082679,11.574989966798542,10.3988969606812,30.742679848546288
19.9964057,0.2,46.93826399894163,0.1,38.121498083200855,91.54684087940345,20.457879957993498,17.384542221830234,47.70401495222346
18.4611306,0.2,80.80561621427013,0.1,63.62646810097078,169.065317266968,34.741358786748975,29.92800600528522,83.71551074607174
