Time,Probability,RiskPremium,T0,T1,T2,Z,Expected,CVaR
21.6448533,0.2,39.287459821857674,0.1,63.17809376188807,156.54192510569598,19.39182816328535,13.095819940619208,47.094878530384605
18.3043086,0.2,72.56499373255677,0.1,63.6545343968845,159.2186616820817,38.03142082897375,24.188331244185548,75.91453954117243
24.9400069,0.2,31.19010796392723,0.1,36.7901540834119,70.95489073513308,16.15219047495116,10.396702654642404,33.602776826310794
19.2314063,0.2,31.196690882043598,0.1,36.81050410629964,70.1419294082679,16.244074825656572,10.3988969606812,33.16749243921033
20.7849865,0.2,52.1536266654907,0.1,38.121498083200855,91.54684087940345,27.69100758017803,17.384542221830234,52.774926539242415
18.4845979,0.2,89.78401801585576,0.1,63.62646810097078,169.065317266968,47.096432816355474,29.92800600528522,93.7259019763601
