Time,Probability,RiskPremium,T0,T1,T2,Z,Expected,CVaR
21.6230107,0.05,11.815696351782517,0.1,63.178093761888086,109.79111751075692,5.453398316207318,4.544498596839426,22.722492984197146
13.2492359,0.05,18.044189243838925,0.1,63.6545343968845,119.67234110440711,8.328087343310278,6.940072786091891,34.700363930459446
12.9738891,0.05,10.278249651496049,0.1,36.7901540834119,61.68383187206887,4.743807531459713,3.953172942883093,19.765864714415475
12.3656846,0.05,10.283657407687999,0.1,36.81050410629964,58.05967081709798,4.746303418932923,3.9552528491107646,19.77626424555384
12.6640198,0.05,13.384126456297315,0.1,38.12149808320086,75.85949867597273,6.177289133675681,5.147740944729735,25.738704723648695
12.4852318,0.05,22.009772323479226,0.1,63.6264681009708,121.67854271248154,10.158356456990418,8.465297047492005,42.32648523746003
