Time,Probability,RiskPremium,T0,T1,T2,Z,Expected,CVaR
18.8373187,0.2,24.882057887176487,0.1,63.17809376188807,156.54192510569598,7.62578133625587,13.095819940619208,54.70038604363337
20.1660832,0.2,45.957829363952634,0.1,63.6545343968845,159.21866168208157,15.555019765430396,24.188331244185544,86.3331147875522
19.3037682,0.2,19.753735043844962,0.1,36.7901540834119,70.954890735133,6.682052412600438,10.396702654655252,37.14650242054821
19.1566568,0.2,19.75790422531392,0.09999999999999432,36.81050410629964,70.14192940826784,6.753371003623984,10.398896960691527,36.45525957067569
18.3755676,0.2,33.03063022147739,0.1,38.121498083200855,91.54684087940345,11.390455150646964,17.38454222183023,59.940870711832396
17.3792397,0.2,56.863211410041956,0.1,63.62646810097078,169.0653172669679,19.492707764845967,29.92800600528522,104.35298240439262
