Time,Probability,RiskPremium,T0,T1,T2,Z,Expected,CVaR
6.8963925,0.1,0.0,2.0,0.0,0.0,-0.0,0.0,0.0
6.6834637,0.1,0.0,2.0,0.0,0.0,-0.0,0.0,0.0
9.1132422,0.1,0.0,2.0,0.0,0.0,-0.0,0.0,0.0
8.0459649,0.1,0.0,2.0,0.0,0.0,-0.0,0.0,0.0
7.5339889,0.1,0.0,2.0,0.0,0.0,-0.0,0.0,0.0
6.5322004,0.1,0.0,2.0,0.0,0.0,-0.0,0.0,0.0
