Time,Probability,RiskPremium,T0,T1,T2,Z,Expected,CVaR
17.5037176,0.05,9.087591535986476,0.1,23.134065712382913,23.134065712382913,0.8698988036086495,3.245568405709465,23.134065712382913
11.0671572,0.05,12.89667477215004,0.1,32.66810964385088,32.66810964385088,1.2751809043614277,4.605955275767846,32.66810964385088
32.2216386,0.05,8.874233329087728,0.1,22.322160374012114,22.32216037401212,0.9166664510076044,3.1693690461027555,22.32216037401212
35.0197648,0.05,9.062535162498595,0.1,22.743731642248182,22.743731642248182,0.9491374772008497,3.2366197008923585,22.743731638513925
10.6127085,0.05,12.722928691958614,0.1,31.979487318912245,31.979487318912245,1.3201295349436273,4.543903104270944,31.97948731524708
6.7614323,0.05,20.300369068226356,0.09999999999998721,51.19207909468922,51.19207909468922,2.064750438445843,7.250131810080849,51.19207908887954
