Time,Probability,RiskPremium,T0,T1,T2,Z,Expected,CVaR
13.5464388,0.1,22.358832573448773,0.1,63.178093761888086,109.79111751075695,6.00835660550868,7.7099422667064745,36.51172127081854
11.8705213,0.1,37.07668413324868,0.1,63.6545343968845,159.2186616820817,10.173532200243969,12.785063494223687,59.84535829016043
18.876667,0.1,18.84127672912269,0.1,36.7901540834119,61.683831872068886,5.537772887699588,6.496991975559554,29.185364861771397
12.1983164,0.1,18.84765848528547,0.1,36.81050410629964,58.73116960119909,5.5146195163148235,6.499192581132909,29.278680540592017
13.1185835,0.1,27.62218785609629,0.1,38.121498083200855,75.85949867597274,8.905201200357832,9.524892364171135,40.16520666939552
13.1362778,0.1,45.722632641910415,0.1,63.62646810097078,121.6785427124816,14.443047575500493,15.766425048934627,67.47695844051894
