Time,Probability,RiskPremium,T0,T1,T2,Z,Expected,CVaR
19.8618669,0.15,18.815546683576642,0.09999999999999076,30.16860497735907,30.16860497735907,7.020612899158675,8.552521219807545,30.168604983876964
15.1848013,0.15,35.632277088882134,0.09999999999999076,52.33140063169799,52.33140063169799,14.015550845960608,16.196489585855524,52.33140063296207
15.1098045,0.15,16.704804790076945,0.1,25.549878727071114,25.549878727071114,6.418193857577492,7.593093086398583,25.549878727071114
15.94828,0.15,16.976513839343788,0.09999999999999609,26.06910177035514,26.06910177035514,6.507040953152702,7.7165971997017095,26.0691017762975
13.4141855,0.15,26.23406974898964,0.1,34.97069271377454,34.97069271377454,10.852575257086597,11.924577158631674,34.97069271377454
12.2629144,0.15,42.92879248414904,0.1,59.17013396520587,59.17013396520587,17.467148021418087,19.51308749279504,59.1701339590339
