Time,Probability,RiskPremium,T0,T1,T2,Z,Expected,CVaR
193.105815,0.25,26.534745990174564,0.09999999999999432,26.146018891884374,26.146018892809543,9.884689424844279,11.53684608268447,26.14601889024374
13.7551634,0.25,55.16187332521918,0.09999999999999076,48.88079870249993,48.88079870249993,22.464368709062867,23.983423184877996,48.88079870281595
7.2599691,0.25,23.646238033786673,0.1,23.188114582812045,23.188114582812045,8.847765442396192,10.280973058168078,23.188114581660695
25.7621355,0.25,24.06738542744848,0.1,23.862581929948842,23.862581929948842,8.913829349382947,10.46408062062967,23.862581927589023
10.8406522,0.25,38.7363417081285,0.1,33.26401565548157,33.26401565548157,16.146709223166834,16.841887699186376,33.26401565854415
7.197859,0.25,65.384301827227,0.1,52.49978823001381,52.49978823001381,28.53120369336143,28.427957316185612,52.49978822384187
