Time,Probability,RiskPremium,T0,T1,T2,Z,Expected,CVaR
5.4805755,0.2,13.146638735388265,0.09999999999999609,17.69819324579958,17.69819324579958,2.423858929429675,7.733316903169598,17.69819324579958
13.2726948,0.2,33.30115773325149,0.09999999999999076,46.62630893501594,46.62630893501594,5.601023633169848,19.58891631367758,46.62630893502437
5.0715511,0.2,11.501519408368212,0.1,14.224631679428736,14.224631679428736,2.498210148152682,6.765599651981323,14.224631679428736
24.8838324,0.2,11.62515117859232,0.1,14.216804117834613,14.216804117834613,2.5732829873508978,6.83832422270137,14.216804117834613
13.4178383,0.2,22.67747298308253,0.09999999999999076,28.029804282793197,28.029804282793197,4.930748704291643,13.339689990048587,28.029804285855764
45.5504881,0.2,38.6005333000333,0.1,47.94684138589646,47.94684138589646,8.322143644925927,22.706196058843066,47.94684137972452
