Time,Probability,RiskPremium,T0,T1,T2,Z,Expected,CVaR
75.3131708,0.15,15.09807518059349,0.1,18.956852047775,18.95685204777501,3.5767060535025297,6.564380513301506,18.956852047775044
44.9682006,0.15,35.58374235559397,0.1,47.21159820582322,47.211598205823236,7.416387676153363,15.471192328519031,47.211598205823236
63.7294875,0.15,13.529640875234767,0.1,15.693383843479745,15.69338384347974,3.722815805172944,5.882452554449878,15.69338384347976
40.1196418,0.15,13.46866090939717,0.1,15.494314666153027,15.494314666153027,3.7573713274401714,5.855939525824789,15.494314666155372
37.7104839,0.15,25.360963967021842,0.1,28.95201665278953,28.95201665278953,7.164253662335175,11.026506072618197,28.95201665278953
104.9685236,0.15,41.39740280052048,0.1,48.57463286468191,48.57463286468191,11.168227187415372,17.998870782834935,48.574632858509936
