Time,Probability,RiskPremium,T0,T1,T2,Z,Expected,CVaR
88.4876329,0.15,10.736087306486393,0.1,14.329502058143293,14.329502058143293,1.78346029128318,5.3680436532431965,14.329502058143293
60.7982885,0.15,22.566035491802225,0.09999999999999076,30.4035583764497,30.4035583764497,3.634801485726201,11.283017745901113,30.403558396338497
75.6615313,0.15,11.004246795429056,0.1,14.166699790036485,14.166699790036482,2.036292840785731,5.502123397714528,14.166699790036514
30.4669088,0.15,11.049051964243363,0.09999999999999609,14.176055002132602,14.176055002132602,2.06391437411735,5.5245259821216814,14.176055002132602
102.2692201,0.15,21.504998328968124,0.1,27.926495699986535,27.926495699986535,3.882900549058131,10.752499164484062,27.926495703049124
36.2629059,0.15,35.71341173593017,0.09999999999998721,48.04504204949843,48.04504204949843,5.781371397820399,17.856705867965065,48.045042043326454
