Time,Probability,RiskPremium,T0,T1,T2,Z,Expected,CVaR
7.3625158,0.2,24.88205788717649,0.1,63.17809376188807,156.54192510569598,6.686379158092476,13.095819940619208,47.094878530384605
6.8742714,0.2,45.957829363952634,0.1,63.6545343968845,159.2186616820817,14.010566875219045,24.188331244185548,75.91453954117243
6.9130664,0.2,19.753735043820555,0.1,36.7901540834119,70.95489073513308,5.876121263427902,10.396702654642404,33.602776826310794
6.6312427,0.2,19.757904225294297,0.1,36.81050410629964,70.1419294082679,5.943717942833727,10.3988969606812,33.16749243921033
6.7978601,0.2,33.03063022147739,0.1,38.121498083200855,91.54684087940345,10.337530352035348,17.384542221830234,52.774926539242415
5.8532249,0.2,56.863211410041956,0.1,63.62646810097078,169.065317266968,17.365521009095474,29.92800600528522,93.7259019763601
