Time,Probability,RiskPremium,T0,T1,T2,Z,Expected,CVaR
45.8963396,0.15,8.44130763514427,0.1,13.093489190165059,13.093489190165059,0.2246269113716115,4.965475079496691,13.093489190186785
122.60361,0.15,17.26998564363219,0.1,26.89097502418787,26.89097502418787,0.4183065832634092,10.158815084489516,26.89097502418787
28.7951649,0.15,8.876765962534503,0.1,13.292269081216727,13.292269081216688,0.42688210797676174,5.221627036785042,13.292269081216727
68.6199256,0.15,8.911139956978662,0.1,13.298782061028291,13.298782061028291,0.44651891186299647,5.24184703351683,13.298782062513885
19.2560467,0.15,17.69566761206222,0.1,26.853502283973263,26.853502283973256,0.7087369530392414,10.409216242389684,26.853502283973263
6.233111,0.15,29.9249082729057,0.09999999999999432,47.23569519147498,47.23569519147498,0.46889786717079196,17.602887219356198,47.23569518530301
