Time,Probability,RiskPremium,T0,T1,T2,Z,Expected,CVaR
75.0007296,0.25,26.602567919004326,0.09999999999999609,26.287582710427294,26.287582710427294,9.883796948638356,11.56633387782791,26.28758271365094
25.585527,0.25,55.161873325313024,0.09999999999999076,48.88079870281595,48.88079870281595,22.464368709048106,23.98342318491874,48.88079870305051
21.5826207,0.25,23.646238033786673,0.1,23.188114582812045,23.188114582812045,8.847765442396192,10.280973058168078,23.188114581660695
36.6455017,0.25,24.04531964588339,0.09999999999999609,23.81721421379035,23.817214213790347,8.91387824875551,10.454486802557916,23.817214215614662
13.1562566,0.25,38.7363417081285,0.1,33.26401565548157,33.26401565548157,16.146709223166834,16.841887699186376,33.26401565854415
11.4750627,0.25,65.384301827227,0.1,52.49978823001381,52.49978823001381,28.53120369336143,28.427957316185612,52.49978822384187
