Time,Probability,RiskPremium,T0,T1,T2,Z,Expected,CVaR
18.5392989,0.2,32.739549851548034,0.1,63.17809376188807,156.54192510569598,16.73930534224029,13.095819940619208,42.140065627504306
29.3156512,0.2,60.47082811046395,0.1,63.6545343968845,159.2186616820817,31.780260248407668,24.188331244185548,69.21069742289262
30.6654896,0.2,25.991756636605967,0.1,36.7901540834119,70.95489073513308,13.532130797938999,10.396702654642404,31.02593449488825
23.8699415,0.2,25.997242401703005,0.1,36.81050410629964,70.1419294082679,13.563967152235307,10.3988969606812,30.742679848546288
21.3436248,0.2,43.46135555457555,0.1,38.121498083200855,91.54684087940345,23.04486605970604,17.384542221830234,47.70401495222346
17.0894812,0.2,74.82001501321308,0.1,63.62646810097078,169.065317266968,39.51325853384922,29.92800600528522,83.71551074607174
