Time,Probability,RiskPremium,T0,T1,T2,Z,Expected,CVaR
31.9940306,0.25,24.217105310659,0.1,26.123133143747115,26.123133143747115,8.307796930648603,11.531954909837639,26.12313314374713
6.7253824,0.25,50.3586010449831,0.09999999999998366,48.86605422741327,48.86605422741327,18.912584428052185,23.98028621189675,48.866054228677356
9.6511065,0.25,21.590043421677418,0.09999999999999609,23.18811458166069,23.18811458166069,7.4369279069401575,10.280973057941589,23.188114580593776
6.8291291,0.25,21.85469486324028,0.09999999999999787,23.594751441366586,23.594751441366586,7.491371143083615,10.40699755392401,23.594751441366586
15.8912151,0.25,35.11000945847949,0.09999999999999076,32.68675932081587,32.68675932081587,13.600645175156275,16.719052123085348,32.68675932387845
7.8377543,0.25,59.570005636698674,0.1,52.212736585343634,52.212736585343634,24.049516115529396,28.366669350809207,52.212736585343634
