Time,Probability,RiskPremium,T0,T1,T2,Z,Expected,CVaR
11.7599715,0.05,-6.952389715782678e-12,2.0,0.0,-3.1845320252129264e-9,-3.693472826348121e-12,-4.3452435723641734e-12,6.315935428978667e-17
9.9333863,0.05,4.175982818802974e-12,2.0,3.91497678720043e-9,3.91497678720043e-9,2.2184750826505083e-12,2.6099892617518586e-12,6.315935428978667e-17
11.0969764,0.05,-1.6138718213672595e-12,0.1,0.0,0.0,-8.573891423995722e-13,-1.0086698883545369e-12,7.894919286223334e-17
12.3833873,0.05,3.983215416762202e-12,2.0,3.7342573477872065e-9,3.7342573477872065e-9,2.116075295235634e-12,2.4895096354763763e-12,3.1579677144893335e-17
47.6267481,0.05,3.909478133815962e-12,2.0,3.6651641721618944e-9,3.6651641721618944e-9,2.076902363670443e-12,2.4434238336349755e-12,3.1579677144893335e-17
22.215801,0.05,2.2737367544323207e-17,2.0,5.809681624668883e-9,5.809681624668883e-9,-2.7395369923194965e-17,1.4210854715202004e-17,1.578983857244667e-16
