Time,Probability,RiskPremium,T0,T1,T2,Z,Expected,CVaR
14.5865837,0.1,23.129826800119435,0.1,63.178093761888086,109.79111751075695,5.4217857191756025,7.7099422667064745,32.70518930229992
11.5691289,0.1,38.35519048267105,0.1,63.6545343968845,159.2186616820817,9.003948793550352,12.785063494223687,54.200508981466314
12.6006996,0.1,19.49097592667866,0.1,36.7901540834119,61.683831872068886,4.901883933781406,6.496991975559554,26.727242018903787
12.8138113,0.1,19.497577743398736,0.1,36.81050410629964,58.73116960119909,4.869075104544029,6.499192581132909,26.82246772543737
15.3249083,0.1,28.574677092513376,0.1,38.121498083200855,75.85949867597274,7.845860670638855,9.524892364171135,37.5347025084296
10.9009532,0.1,47.29927514680387,0.1,63.62646810097078,121.6785427124816,12.710453621644888,15.766425048934627,62.82241623949559
