Time,Probability,RiskPremium,T0,T1,T2,Z,Expected,CVaR
19.3027919,0.2,39.287459821857674,0.1,63.17809376188807,156.54192510569598,21.09178109277364,13.095819940619208,47.094878530384605
18.3424518,0.2,72.56499373255677,0.1,63.6545343968845,159.2186616820817,40.61773124382312,24.188331244185548,75.91453954117243
21.4566965,0.2,31.19010796392723,0.1,36.7901540834119,70.95489073513308,17.312494183534575,10.396702654642404,33.602776826310794
20.4667373,0.2,31.196690882043598,0.1,36.81050410629964,70.1419294082679,17.382504599583026,10.3988969606812,33.16749243921033
17.8244032,0.2,52.1536266654907,0.1,38.121498083200855,91.54684087940345,29.460526796048665,17.384542221830234,52.774926539242415
19.4824884,0.2,89.78401801585576,0.1,63.62646810097078,169.065317266968,50.286327614909354,29.92800600528522,93.7259019763601
