Time,Probability,RiskPremium,T0,T1,T2,Z,Expected,CVaR
13.084078,0.05,-1.0428584573674014e-11,2.0,0.0,-3.1845320252129264e-9,-7.821457378061798e-12,-4.3452435723641734e-12,4.736951571734002e-17
10.7847435,0.05,6.263974228204461e-12,2.0,3.91497678720043e-9,3.91497678720043e-9,4.697961723347058e-12,2.6099892617518586e-12,4.736951571734002e-17
22.0639533,0.05,2.1787440118714585e-11,0.1,0.0,0.0,-1.815624746844458e-12,9.07810004946441e-12,4.539051208970098e-11
16.5146728,0.05,5.974823125143302e-12,2.0,3.7342573477872065e-9,3.7342573477872065e-9,4.481107869954333e-12,2.4895096354763763e-12,2.368475785867001e-17
14.7377684,0.05,5.8642172007239416e-12,2.0,3.6651641721618944e-9,3.6651641721618944e-9,4.398153426639813e-12,2.4434238336349755e-12,2.368475785867001e-17
13.9719076,0.05,3.4106051316484806e-17,2.0,5.809681624668883e-9,5.809681624668883e-9,-2.1789977229976422e-17,1.4210854715202004e-17,1.1842378929335005e-16
