Time,Probability,RiskPremium,T0,T1,T2,Z,Expected,CVaR
18.0100957,0.2,27.9784895190843,0.1,28.87210242813419,28.87210242813419,12.063176321766154,10.362403525586837,28.87210243135787
20.0700846,0.2,55.539167347121236,0.09999999999998366,51.79430545379621,51.79430545379621,25.601832324312536,20.57006198041529,51.7943054550603
19.1427367,0.2,24.735130049176334,0.09999999999999609,25.36582097695083,25.36582097695083,10.712572261324965,9.161159277472686,25.36582097873489
29.6747738,0.2,24.901429230984377,0.1,25.326523148210764,25.326523148210764,10.847546189599313,9.222751567031244,25.326523148210764
18.1522677,0.2,39.73056193763874,0.1,34.978131326149054,34.978131326149054,18.93660648188763,14.715022939866284,34.978131326149054
14.7654742,0.2,66.70644147285194,0.1,58.91312483705621,58.91312483705621,31.73824141766213,24.706089434389703,58.91312483705621
