Time,Probability,RiskPremium,T0,T1,T2,Z,Expected,CVaR
11.8402647,0.05,-1.2601206359856101e-11,2.0,0.0,-3.1845320252129264e-9,-9.994085480179315e-12,-4.3452435723641734e-12,6.315935428978667e-17
12.5916851,0.05,7.568968859080388e-12,2.0,3.91497678720043e-9,3.91497678720043e-9,6.002950038287558e-12,2.6099892617518586e-12,6.315935428978667e-17
11.2142942,0.05,2.0476163579511798e-11,0.1,0.0,0.0,-2.5889528545677526e-12,7.06074606190062e-12,4.707167199234795e-11
11.4674159,0.05,7.21957794288149e-12,2.0,3.7342573477872065e-9,3.7342573477872065e-9,5.725859529724807e-12,2.4895096354763763e-12,3.1579677144893335e-17
12.0454406,0.05,7.08592911754143e-12,2.0,3.6651641721618944e-9,3.6651641721618944e-9,5.619862185489587e-12,2.4434238336349755e-12,3.1579677144893335e-17
12.2647067,0.05,4.121147867408581e-17,2.0,5.809681624668883e-9,5.809681624668883e-9,-3.047438844482207e-17,1.4210854715202004e-17,1.578983857244667e-16
