Time,Probability,RiskPremium,T0,T1,T2,Z,Expected,CVaR
20.6777842,0.1,17.382222423702956,0.09999999999999432,25.119287383646032,25.119287383646032,5.6507273472265185,5.993869801276915,25.1192873852755
16.5562474,0.1,32.172089786112885,0.09999999999999076,48.574350386633064,48.574350386633064,9.834107825181453,11.09382406417685,48.57435038669205
10.7156125,0.1,15.546959380063186,0.1,21.660406740709828,21.660406740709828,5.296123024277631,5.361020475883867,21.660406742222836
11.5520589,0.1,15.742146665085219,0.09999999999999432,22.202113798797274,22.202113798797274,5.2816840197142625,5.428326436236302,22.202113800018445
12.8897629,0.1,23.72428938935505,0.1,31.25186128265319,31.25186128265319,8.622178394435032,8.180789444605127,31.251861278988027
27.5300018,0.1,38.370242323935926,0.09999999999998721,50.64385293477649,50.64385293477649,13.915303815330372,13.231118042736547,50.64385292896681
