Time,Probability,RiskPremium,T0,T1,T2,Z,Expected,CVaR
15.1322167,0.1,0.0,2.0,0.0,0.0,-0.0,0.0,0.0
11.220541,0.1,0.0,2.0,0.0,0.0,-0.0,0.0,0.0
11.7894234,0.1,0.0,2.0,0.0,0.0,-0.0,0.0,0.0
12.7517172,0.1,0.0,2.0,0.0,0.0,-0.0,0.0,0.0
11.4438929,0.1,0.0,2.0,0.0,0.0,-0.0,0.0,0.0
12.5884198,0.1,0.0,2.0,0.0,0.0,-0.0,0.0,0.0
