Time,Probability,RiskPremium,T0,T1,T2,Z,Expected,CVaR
14.1194812,0.05,13.633495790518289,0.1,63.178093761888086,109.79111751075692,5.22617338636535,4.544498596839426,30.29665731226287
36.1015125,0.05,20.82021835827569,0.1,63.6545343968845,119.67234110440711,7.981083704005694,6.940072786091891,46.267151907279256
25.2565635,0.05,11.85951882864929,0.1,36.7901540834119,61.68383187206887,4.546148884315562,3.953172942883093,26.35448628588731
25.1310963,0.05,11.865758547332305,0.1,36.81050410629964,58.05967081709798,4.54854077647739,3.9552528491107646,26.3683523274051
30.0212134,0.05,15.443222834189218,0.1,38.12149808320086,75.85949867597273,5.919902086439213,5.147740944729735,34.31827296486488
18.9332669,0.05,25.39589114247604,0.1,63.6264681009708,121.67854271248154,9.735091604615821,8.465297047492005,56.4353136499467
