Time,Probability,RiskPremium,T0,T1,T2,Z,Expected,CVaR
25.6522256,0.25,35.57125183381,0.1,63.17809376188807,156.54192510569595,16.498319235628053,15.46576166687393,51.53747097995397
24.3930892,0.25,67.94347661581133,0.1,63.6545343968845,159.2186616820817,32.89181529297437,29.540642006874442,84.65083516649952
23.2678136,0.25,27.919905786757884,0.1,36.7901540834119,70.95489073513308,13.502327447539166,12.139089472503418,34.92397813965663
22.561281,0.25,27.925151889198364,0.1,36.81050410629964,70.14192940826788,13.536040903470152,12.14137038660799,34.61877637781018
23.4586428,0.25,48.389569057984936,0.1,38.121498083200855,91.54684087940345,23.55580568382084,21.038943068689104,58.9871461234396
19.995415,0.25,84.68691372010194,0.1,63.62646810097078,169.065317266968,41.16025589533095,36.820397269609536,103.88300282122408
