Time,Probability,RiskPremium,T0,T1,T2,Z,Expected,CVaR
12.9881616,0.1,20.81684412010748,0.1,63.178093761888086,109.79111751075695,9.357614798061995,7.7099422667064745,32.70518930229992
14.3003211,0.1,34.51967143440395,0.1,63.6545343968845,159.2186616820817,15.522291117093873,12.785063494223687,54.200508981466314
13.3255799,0.1,17.541878334010793,0.1,36.7901540834119,61.683831872068886,8.010348851949608,6.496991975559554,26.727242018903787
15.589498,0.1,17.547819969058878,0.1,36.81050410629964,58.73116960119909,8.000136116280304,6.499192581132909,26.82246772543737
13.7623416,0.1,25.717209383262055,0.1,38.121498083200855,75.85949867597274,11.990845497452158,9.524892364171135,37.5347025084296
13.2430705,0.1,42.56934763212347,0.1,63.62646810097078,121.6785427124816,19.744523904604687,15.766425048934627,62.82241623949559
