Time,Probability,RiskPremium,T0,T1,T2,Z,Expected,CVaR
10.8710431,0.1,0.0,2.0,0.0,0.0,-0.0,0.0,0.0
10.8221018,0.1,0.0,2.0,0.0,0.0,-0.0,0.0,0.0
10.1153105,0.1,0.0,2.0,0.0,0.0,-0.0,0.0,0.0
11.6425844,0.1,0.0,2.0,0.0,0.0,-0.0,0.0,0.0
10.7365331,0.1,0.0,2.0,0.0,0.0,-0.0,0.0,0.0
11.6424785,0.1,0.0,2.0,0.0,0.0,-0.0,0.0,0.0
