Time,Probability,RiskPremium,T0,T1,T2,Z,Expected,CVaR
64.4873191,0.1,7.976713454013071,0.1,19.08270751255388,19.08270751255388,0.8766783046847011,4.9854459087581455,19.0827075125597
42.6169756,0.1,13.43634852645685,0.1,32.263780655210766,32.263780655210766,1.4587212734476065,8.39771782903556,32.26378065552679
14.7747245,0.1,7.544365794576444,0.09999999999999609,17.818425248949506,17.818425248949506,0.8636576787517878,4.715228621610305,17.81842524970601
8.6534067,0.1,7.519574622244205,0.1,17.825175512665904,17.825175512665904,0.8510242770939009,4.699734138902627,17.825175513887068
14.298077,0.1,12.579178904648375,0.1,29.22027257912667,29.22027257912667,1.5134492252322451,7.861986815405278,29.220272575477797
8.5116541,0.1,20.698887615860023,0.1,48.674314794733895,48.674314794733895,2.401456350759342,12.936804759912476,48.67431479449973
