Time,Probability,RiskPremium,T0,T1,T2,Z,Expected,CVaR
12.8774853,0.1,20.81684412010748,0.1,63.178093761888086,109.79111751075695,8.009353234399185,7.7099422667064745,41.693599726718645
11.9157779,0.1,34.51967143440395,0.1,63.6545343968845,159.2186616820817,13.840173430065608,12.785063494223687,65.414626894988
11.3071982,0.1,17.541878334010793,0.1,36.7901540834119,61.683831872068886,7.1494408567895285,6.496991975559554,32.46662865330432
12.8201491,0.1,17.547819969058878,0.1,36.81050410629964,58.73116960119909,7.174090961875214,6.499192581132909,32.32943542147129
16.0662113,0.1,25.717209383262055,0.1,38.121498083200855,75.85949867597274,10.983017359853093,9.524892364171135,44.25355675909002
13.5200037,0.1,42.56934763212347,0.1,63.62646810097078,121.6785427124816,17.863221420242095,15.766425048934627,75.36443280191288
