Time,Probability,RiskPremium,T0,T1,T2,Z,Expected,CVaR
17.4206689,0.15,25.93941398982213,0.1,63.178093761888086,109.79111751075698,11.766863442221325,10.375765595928852,48.34361511264845
14.1186098,0.15,46.36306397391959,0.1,63.6545343968845,159.2186616820817,22.10388446248819,18.54522558956784,75.68476480820352
15.521696,0.15,21.320284256955453,0.1,36.7901540834119,61.68383187206888,10.159413293970934,8.528113702782191,34.85568630480569
18.5923417,0.15,21.325995315303892,0.1,36.81050410629964,59.60930820403673,10.23126359308895,8.530398126121549,34.17373408705541
16.9840012,0.15,33.98417622750768,0.1,38.121498083200855,91.54684087940345,16.583989655613614,13.59367049100308,51.658831299913444
12.3629369,0.15,57.26405918595251,0.1,63.62646810097078,169.06531726696798,27.346420822458096,22.905623674380998,93.02577056551507
