Time,Probability,RiskPremium,T0,T1,T2,Z,Expected,CVaR
18.150311,0.05,8.175516651569582,0.1,23.341768474694547,23.341768474694547,0.890997626824833,3.2702066606278284,23.341768481212412
40.4806831,0.05,11.58537651276691,0.1,32.906095018766834,32.906095018766834,1.2968370249281453,4.634150605106766,32.906095018766834
18.4895045,0.05,8.062085207585548,0.1,22.788389619326036,22.788389619326036,0.924540016990361,3.224834083034199,22.78838962083905
12.8304421,0.05,8.167472927095023,0.1,22.99581919305264,22.99581919305264,0.9547177525609267,3.2669891708380203,22.995819189318386
14.2621097,0.05,11.492786104639043,0.1,32.42327078123308,32.42327078123308,1.3304403956409696,4.597114441855634,32.423270777567915
10.4235057,0.05,18.232814433179378,0.09999999999998721,51.55362011020677,51.55362011020677,2.087589792520585,7.293125773271769,51.55362011020676
