Time,Probability,RiskPremium,T0,T1,T2,Z,Expected,CVaR
32.4344945,0.1,12.713542477077224,0.1,20.725580371033452,20.725580371033452,2.787751807997145,5.297309365448886,20.725580377552955
16.28397,0.1,21.398901708114174,0.09999999999999076,35.02232176571674,35.02232176571674,4.650858846771023,8.916209045047648,35.02232176603276
17.1095827,0.1,11.90863762215165,0.1,19.112903809914034,19.112903809914034,2.701413839383175,4.961932342563184,19.112903809914034
12.8952562,0.1,11.980750480286826,0.09999999999999609,19.371589304789588,19.371589304789588,2.674888130634221,4.991979366786176,19.37158930967425
23.8349425,0.1,18.983935665645372,0.09999999999999076,29.47850780127138,29.47850780127138,4.603402090550238,7.9099731940188605,29.478507797606213
40.5180227,0.1,31.10413948852279,0.1,48.79686902772712,48.79686902772712,7.39303809605223,12.960058120217717,48.79686902772712
