Time,Probability,RiskPremium,T0,T1,T2,Z,Expected,CVaR
120.3351615,0.25,14.752771306679522,0.1,18.101552627872092,18.101552627872092,2.8679680714037197,9.220482066674743,18.101552628678007
46.2080929,0.25,37.36502731356571,0.1,46.58085760178962,46.58085760178962,7.043570583343719,23.353142070978574,46.580857601789624
8.8509328,0.25,12.649024450746447,0.1,14.12801923095381,14.12801923095381,2.8766704842587956,7.905640281716354,14.12801923095381
45.2016352,0.25,12.674016935162088,0.1,14.21680411842654,14.21680411842654,2.864093290678305,7.921260584476155,14.21680411783461
49.1744893,0.25,24.76764522716895,0.1,27.943185735764317,27.943185735764317,5.548844717715673,15.47977826698096,27.94318574188948
28.3327449,0.25,43.658049630121184,0.1,47.817626245776935,47.817626245776935,10.212365043672893,27.286281018825854,47.81762624423395
