Time,Probability,RiskPremium,T0,T1,T2,Z,Expected,CVaR
56.347923,0.15,13.263440455742487,0.1,19.245962851059975,19.245962851059975,2.8474474409146335,6.631720227871243,19.245962851059975
32.8774025,0.15,30.965396694707,0.1,47.260906005248266,47.260906005248266,5.94923605000061,15.482698347353491,47.26090600519659
11.5939442,0.15,11.899732804275274,0.1,15.981460287432865,15.981460287432865,2.940388236549088,5.949866402137634,15.981460287432865
53.9427074,0.15,11.934484017449716,0.1,15.973115541912886,15.973115541912847,2.965479948768455,5.967242008724856,15.973115541912891
10.2510541,0.15,22.080345695969754,0.1,29.010743728905187,29.010743728905187,5.649001583708762,11.040172847984877,29.010743728905187
72.026675,0.15,35.997974016200125,0.09999999999999432,48.57513242269004,48.57513242269004,8.826143385574639,17.99898700810004,48.57513241651807
