Time,Probability,RiskPremium,T0,T1,T2,Z,Expected,CVaR
25.1510656,0.2,13.285259965497126,0.1,16.531321083065084,16.531321083065084,2.7018425977554603,7.380699980831679,16.53132108628876
141.4437286,0.2,35.24085551998671,0.09999999999999076,46.591005613415334,46.591005613415334,6.208139061962815,19.5782530666591,46.591005613415334
78.517898,0.2,12.140399510212472,0.1,14.155374371752146,14.155374371752146,2.801985323633578,6.744666394562506,14.155374371752146
42.3691855,0.2,12.272961492266257,0.1,14.150499965091605,14.150499965091583,2.8883837433880926,6.818311940147853,14.150499965091605
19.4809829,0.2,23.95411412227571,0.1,27.923800408137467,27.923800408137467,5.530687213050227,13.307841179042079,27.923800408137467
44.4280421,0.2,40.80738951431368,0.1,47.82955229764413,47.82955229764413,9.331044441080595,22.670771952396382,47.82955229764413
