Time,Probability,RiskPremium,T0,T1,T2,Z,Expected,CVaR
13.6775528,0.1,13.766862671792447,0.09999999999999609,27.245644033409096,27.245644033409096,4.361000942610891,6.257664850814745,27.24564403992696
21.1685724,0.1,24.47980903680457,0.09999999999999076,48.846436210768516,48.846436210768516,7.694735568052455,11.127185925820287,48.8464362120326
14.2251458,0.1,12.442543983072264,0.1,24.08027900602037,24.08027900602037,4.02315559302799,5.655701810487397,24.080279007533377
17.8357789,0.1,12.551628644983891,0.1,24.431297844626425,24.431297844626425,4.03744108199527,5.705285747719959,24.431297849511086
20.2900207,0.1,18.402710606077335,0.09999999999999076,32.67536990575623,32.67536990575623,6.391266931928292,8.364868457307859,32.67536990291573
7.6978329,0.1,29.753500394857568,0.1,53.03288098592301,53.03288099173269,10.302897639864996,13.524318361298972,53.03288098592301
