Time,Probability,RiskPremium,T0,T1,T2,Z,Expected,CVaR
74.3129766,0.25,28.856385870153105,0.09999999999999076,26.173081000660275,26.173081000660275,11.461620860729871,11.542554348061193,26.173081001466187
23.7732473,0.25,59.98147501410952,0.09999999999999076,48.92420288196416,48.92420288196416,26.016239857811208,23.99259000564375,48.924202882280184
19.2340512,0.25,25.805082024326886,0.1,23.382670354042386,23.382670354042386,10.258794197332003,10.322032809730825,23.382670352891036
26.1502333,0.25,26.160201552817124,0.1,23.862581932316562,23.862581932316562,10.336720408161492,10.464080621126936,23.86258192994885
16.9205867,0.25,42.22240445082137,0.1,33.486668898583524,33.486668898583524,18.694359821965637,16.888961780328568,33.486668901646105
14.2056069,0.25,71.46929499703496,0.1,53.25419147973582,53.25419147973582,33.01498760585256,28.58771799881395,53.25419147973582
