Time,Probability,RiskPremium,T0,T1,T2,Z,Expected,CVaR
18.78616,0.2,33.79767747311515,0.1,45.44959594479161,45.44959594479161,16.720228848002954,12.070599097541091,45.44959594801529
20.1802251,0.2,61.06835230954159,0.1,62.95705666636409,62.95705666636409,33.08618685828653,21.810125824836216,62.95705666762815
17.922503,0.2,27.08257243883007,0.1,30.17000094848552,30.17000094848552,14.335577091912404,9.672347299582208,30.17000094848552
38.3911659,0.2,27.04848805706828,0.1,29.262809593596845,29.262809593596845,14.447918457847315,9.660174306095785,29.262809593596845
17.9470501,0.2,47.11010629486169,0.1,38.12149808320086,54.680320934980514,24.606775886531587,16.825037962450633,54.680320934980514
14.2709846,0.2,81.4952011285958,0.1,63.62646810097078,96.26748125529045,42.315464311978545,29.10542897449847,96.26748125529045
