Time,Probability,RiskPremium,T0,T1,T2,Z,Expected,CVaR
16.0981356,0.15,24.47273069186663,0.1,63.178093761888086,63.178093768405965,4.949766751735909,10.196971121611101,36.84266488881002
13.3108919,0.15,44.50854141496286,0.1,63.6545343968845,159.21866168208157,10.563741709262125,18.545225589567835,62.54400877851886
14.5642135,0.15,20.467472886677236,0.1,36.79015408341189,61.68383187206888,4.903146726569907,8.528113702782187,28.631577866568374
14.0990048,0.15,19.8672165671067,0.1,36.19922252752806,36.19922252752806,4.94603607783181,8.278006902961113,27.25850286385755
13.8956199,0.15,32.624809178433544,0.1,38.121498083200855,91.54684087940338,9.175844225174657,13.593670491013976,41.75165466885655
13.2900895,0.15,54.97349681851438,0.1,63.62646810097078,169.06531726696798,14.502906248529603,22.905623674380994,73.09124337610604
