Time,Probability,RiskPremium,T0,T1,T2,Z,Expected,CVaR
146.4320798,0.25,12.648591048647196,0.1000000000000124,14.294433497083507,14.294433497083507,2.507049210026808,7.905369405404508,14.294433500307136
77.5279731,0.25,37.05867512705205,0.09999999999999076,46.032956520107135,46.032956520107135,5.892053574536092,23.161671954407176,46.03295652043158
36.9455691,0.25,12.314023398632791,0.1,13.529911476731804,13.529911477019631,2.575982376082161,7.696264624145497,13.529911476731797
41.7491551,0.25,12.410903186801505,0.1,13.744146602493242,13.744146602493242,2.5585224571194836,7.756814491750941,13.744146600125532
36.5710652,0.25,24.33778326151323,0.1,27.178935961840395,27.178935961840395,4.937931223807301,15.211114538445873,27.178935964902976
56.4385438,0.25,43.40715963591779,0.1,47.366638848911585,47.366638848911585,9.194677438867334,27.129474772448678,47.36663884273964
