Time,Probability,RiskPremium,T0,T1,T2,Z,Expected,CVaR
25.4939286,0.25,34.02467566712265,0.1,63.17809376188807,156.54192510569595,14.9517430689407,15.46576166687393,51.53747097995397
23.4180779,0.25,64.98941241512381,0.1,63.6545343968845,159.2186616820817,29.937751092286845,29.540642006874442,84.65083516649952
22.7549251,0.25,26.70599683950753,0.1,36.7901540834119,70.95489073513308,12.288418500288813,12.139089472503418,34.92397813965663
21.3798451,0.25,26.711014850537577,0.1,36.81050410629964,70.14192940826788,12.321903864809364,12.14137038660799,34.61877637781018
22.8259236,0.25,46.285674751116105,0.1,38.121498083200855,91.54684087940345,21.45191137695201,21.038943068689104,58.9871461234396
19.8427486,0.25,81.0048739931411,0.1,63.62646810097078,169.065317266968,37.47821616837011,36.820397269609536,103.88300282122408
