Time,Probability,RiskPremium,T0,T1,T2,Z,Expected,CVaR
11.5154225,0.05,10.906796632414629,0.1,63.178093761888086,109.79111751075692,1.8177994387357732,4.544498596839426,22.722492984197146
13.1750444,0.05,16.65617468662054,0.1,63.6545343968845,119.67234110440711,2.7760291144367533,6.940072786091891,34.700363930459446
11.9921936,0.05,9.487615062919431,0.1,36.7901540834119,61.68383187206887,1.5812691771532368,3.953172942883093,19.765864714415475
13.9865322,0.05,9.49260683786584,0.1,36.81050410629964,58.05967081709798,1.5821011396443039,3.9552528491107646,19.77626424555384
11.6067081,0.05,12.354578267351366,0.1,38.12149808320086,75.85949867597273,2.0590963778918896,5.147740944729735,25.738704723648695
13.3378491,0.05,20.31671291398082,0.1,63.6264681009708,121.67854271248154,3.3861188189968026,8.465297047492005,42.32648523746003
