Time,Probability,RiskPremium,T0,T1,T2,Z,Expected,CVaR
17.0439875,0.15,16.696875503988046,0.1,28.47007780318426,28.47007780318426,5.330191743337841,8.348437751994023,28.470077809702154
16.3777988,0.15,31.624878121792282,0.09999999999999076,49.11168358078379,49.11168358078379,10.817552382723417,15.812439060896134,49.111683582047874
13.9714552,0.15,14.873341521515021,0.1,24.240839946040065,24.240839946040065,4.91604538296514,7.436670760757507,24.240839946040065
41.0605375,0.15,15.073646655950416,0.09999999999999609,24.590900920944783,24.590900920944783,4.97871168813844,7.5368233279751955,24.590900926887144
9.7235789,0.15,23.297731718616053,0.1,32.67900725781767,32.67900725781767,8.494344649531515,11.648865859308012,32.67900725781767
8.1458533,0.15,38.10563289723962,0.1,55.3852238593654,55.385223859365404,13.602955337933818,19.052816448619797,55.38522385319343
