Time,Probability,RiskPremium,T0,T1,T2,Z,Expected,CVaR
7.9174755,0.2,18.453833642987846,0.09999999999999432,25.254152941303623,25.254152941303623,4.855887389887126,9.712544022625217,25.2541529445273
40.6769293,0.2,37.924550633089076,0.09999999999999432,48.0897793880881,48.0897793880881,10.93188843087319,19.960289806889087,48.08977938819625
20.4423604,0.2,15.255550156615902,0.09999999999999432,19.26463219697045,19.26463219697045,4.417464412188202,8.029236924534697,19.264632204106704
14.5464585,0.2,15.414111643766772,0.09999999999999609,19.371589304789588,19.371589304789588,4.48669656212079,8.112690338824597,19.37158931011006
6.9541119,0.2,26.143310592723456,0.1,29.612986832102468,29.612986832102468,8.420336019148976,13.759637154065029,29.612986832102468
5.9353158,0.2,43.604205817325344,0.1,48.84744766752531,48.84744766752531,14.18015739360504,22.949582009118437,48.84744766752531
