Time,Probability,RiskPremium,T0,T1,T2,Z,Expected,CVaR
15.1775116,0.15,23.567578971169652,0.09999999999999609,26.91839708830539,26.91839708830539,8.863751599602736,8.126751369368819,26.918397089934864
15.9745509,0.15,45.656398143495615,0.1,48.615337421559516,48.615337421559516,18.407699427137786,15.74358556672262,48.61533742282357
41.0924236,0.15,20.50162056645693,0.1,21.668507939804577,21.668507939804577,8.322451970905709,7.069524333260961,21.668507939804577
13.9902063,0.15,20.907909210819582,0.1,22.32856106037656,22.32856106037656,8.40665732691788,7.209623865799788,22.32856106037656
12.1606141,0.15,33.03394777232513,0.1,30.94802838815624,30.94802838815624,14.79797712780852,11.3910164732156,30.94802839121882
19.8892255,0.15,53.91788555494429,0.09999999999998721,52.055759769396175,52.055759769396175,23.613326323767037,18.592374329291143,52.055759763251636
