Time,Probability,RiskPremium,T0,T1,T2,Z,Expected,CVaR
19.1247396,0.2,39.287459821857674,0.1,63.17809376188807,156.54192510569598,16.026153890828688,13.095819940619208,42.140065627504306
20.0052772,0.2,72.56499373255677,0.1,63.6545343968845,159.2186616820817,32.61883432582374,24.188331244185548,69.21069742289262
16.1577866,0.2,31.19010796392723,0.1,36.7901540834119,70.95489073513308,13.57317416519881,10.396702654642404,31.02593449488825
15.1628075,0.2,31.196690882043598,0.1,36.81050410629964,70.1419294082679,13.677469910609613,10.3988969606812,30.742679848546288
21.7731719,0.2,52.1536266654907,0.1,38.121498083200855,91.54684087940345,24.157268988022857,17.384542221830234,47.70401495222346
15.4223825,0.2,89.78401801585576,0.1,63.62646810097078,169.065317266968,41.03038535129529,29.92800600528522,83.71551074607174
