Time,Probability,RiskPremium,T0,T1,T2,Z,Expected,CVaR
11.8912809,0.05,12.724596071150396,0.1,63.178093761888086,109.79111751075692,1.742057795455114,4.544498596839426,30.29665731226287
11.4600428,0.05,19.432203801057298,0.1,63.6545343968845,119.67234110440711,2.6603612346685597,6.940072786091891,46.267151907279256
10.303394,0.05,11.068884240072672,0.1,36.7901540834119,61.68383187206887,1.515382961438523,3.953172942883093,26.35448628588731
13.8267694,0.05,11.074707977510156,0.1,36.81050410629964,58.05967081709798,1.5161802588258035,3.9552528491107646,26.3683523274051
44.7171492,0.05,14.413674645243262,0.1,38.12149808320086,75.85949867597273,1.973300695479731,5.147740944729735,34.31827296486488
22.6219342,0.05,23.70283173297762,0.1,63.6264681009708,121.67854271248154,3.2450305348719404,8.465297047492005,56.4353136499467
