Time,Probability,RiskPremium,T0,T1,T2,Z,Expected,CVaR
23.1504064,0.25,37.11782800049746,0.1,63.17809376188807,156.54192510569595,15.031255233196445,15.46576166687393,59.60450233638771
22.0055036,0.25,70.8975408164987,0.1,63.6545343968845,159.2186616820817,31.21140307394095,29.540642006874442,97.1772802447629
29.148092,0.25,29.133814734008176,0.1,36.7901540834119,70.95489073513308,12.993685465145205,12.139089472503418,38.81268811490056
22.7912116,0.25,29.139288927859187,0.1,36.81050410629964,70.14192940826788,13.084764048326143,12.14137038660799,38.22906700610842
22.0497906,0.25,50.49346336485377,0.1,38.121498083200855,91.54684087940345,23.250545272229644,21.038943068689104,62.39877656158932
18.5822456,0.25,88.36895344706299,0.1,63.62646810097078,169.065317266968,40.76620930720266,36.820397269609536,108.70270973794835
