Time,Probability,RiskPremium,T0,T1,T2,Z,Expected,CVaR
12.4404344,0.05,-1.2166682002619683e-11,2.0,-3.1845320252129264e-9,-3.1845320252129264e-9,-9.34227368058297e-12,-4.3452435723641734e-12,0.0
11.5719695,0.05,0.0,2.0,0.0,0.0,-0.0,0.0,0.0
15.8090328,0.05,-2.824295582589305e-12,0.1,0.0,0.0,-2.168655536631073e-12,-1.0086769937818947e-12,0.0
12.7784029,0.05,0.0,2.0,0.0,0.0,-0.0,0.0,0.0
10.3994214,0.05,0.0,2.0,0.0,0.0,-0.0,0.0,0.0
11.1342744,0.05,0.0,2.0,5.809681624668883e-9,5.809681624668883e-9,-0.0,0.0,0.0
