Time,Probability,RiskPremium,T0,T1,T2,Z,Expected,CVaR
17.781127,0.2,34.049131845609935,0.1,63.17809376188807,156.54192510569598,9.335613630236681,13.095819940619208,42.1400656275043
20.9703001,0.2,62.88966123488253,0.09999999999999076,63.6545343968845,159.2186616820816,20.69238351921415,24.188331244185544,69.2106974228926
16.7322701,0.2,27.031426902070223,0.1,36.7901540834119,70.954890735133,8.383031511329476,10.396702654642404,31.025934494888244
17.5543717,0.2,27.037132097771124,0.1,36.81050410629964,70.1419294082679,8.500721981943887,10.3988969606812,30.74267984854628
16.2664937,0.2,45.19980977675854,0.1,38.121498083200855,91.54684087940345,15.687478462771011,17.38454222183023,47.70401495222345
15.4850442,0.2,77.81281561374156,0.1,63.62646810097078,169.065317266968,26.369807712141764,29.928006005285216,83.71551074607171
