Time,Probability,RiskPremium,T0,T1,T2,Z,Expected,CVaR
15.8120322,0.05,7.043935569187517,0.1,21.698254399014385,21.698254399014385,0.254220143580267,3.0625806822554638,21.698254399014385
30.2141398,0.05,10.432285663491605,0.1,32.13222955115708,32.13222955115708,0.3772186529152538,4.535776375431131,32.13222955115708
35.0697582,0.05,7.05755451105071,0.09999999999999432,21.531929254549578,21.531929254549578,0.29636709077705314,3.0685019613264166,21.531929256062593
14.244832,0.05,7.115192032234163,0.1,21.613107092645656,21.613107092645656,0.31772121193565483,3.0935617531452895,21.6131070889114
11.7188451,0.05,10.149328021002383,0.1,30.948028394884,30.948028394884,0.42952129197515876,4.412751313479286,30.94802839121882
9.1270439,0.05,16.33182046960273,0.09999999999998721,50.024914751032334,50.024914751032334,0.6462043137398992,7.1007915085229065,50.02491474522265
