Time,Probability,RiskPremium,T0,T1,T2,Z,Expected,CVaR
15.2956086,0.15,25.93941398982213,0.1,63.178093761888086,109.79111751075698,12.410413173122535,10.375765595928852,41.90811780363635
16.9322842,0.15,46.36306397391959,0.1,63.6545343968845,159.2186616820817,22.943194140964145,18.54522558956784,67.29166802344398
15.1916382,0.15,21.320284256955453,0.1,36.7901540834119,61.68383187206888,10.506702339845049,8.528113702782191,31.38279584606454
17.4077726,0.15,21.325995315303892,0.1,36.81050410629964,59.60930820403673,10.53692263956222,8.530398126121549,31.11714362232266
14.4510193,0.15,33.98417622750768,0.1,38.121498083200855,91.54684087940345,17.187911345145015,13.59367049100308,45.61961440459937
12.7316579,0.15,57.26405918595251,0.1,63.62646810097078,169.06531726696798,28.56796249143128,22.905623674380998,80.81035387578319
