Time,Probability,RiskPremium,T0,T1,T2,Z,Expected,CVaR
62.5594386,0.25,14.752771306665048,0.1,18.101552628650236,18.101552628650236,2.8679680714041265,9.22048206666551,18.101552628650236
72.2910406,0.25,37.36502731356571,0.1,46.58085760178962,46.58085760178962,7.043570583343719,23.353142070978574,46.580857601789624
7.6527164,0.25,12.649024450746447,0.1,14.12801923095381,14.12801923095381,2.8766704842587956,7.905640281716354,14.12801923095381
46.8723578,0.25,12.673372875445619,0.1,14.215596505866168,14.215596506458091,2.864093290678344,7.920858047153457,14.215596505866163
53.9075773,0.25,24.758746264673324,0.1,27.926495699986546,27.926495699986546,5.548846062963891,15.47421641542095,27.926495703049127
19.2500524,0.25,43.65804963093101,0.1,47.817626251948894,47.817626251948894,10.212365043665697,27.28628101933225,47.81762624577694
