Time,Probability,RiskPremium,T0,T1,T2,Z,Expected,CVaR
7.0525988,0.2,27.50122187530035,0.1,63.17809376188807,156.54192510569598,9.305543146216335,13.095819940619208,47.094878530384605
7.2774461,0.2,50.79549561278972,0.1,63.6545343968845,159.2186616820817,18.848233124056133,24.188331244185548,75.91453954117243
6.4769235,0.2,21.833075574749035,0.1,36.7901540834119,70.95489073513308,7.955461794356382,10.396702654642404,33.602776826310794
6.7480121,0.2,21.83768361743051,0.1,36.81050410629964,70.1419294082679,8.02349733496994,10.3988969606812,33.16749243921033
6.5325484,0.2,36.507538665843455,0.1,38.121498083200855,91.54684087940345,13.814438796401422,17.384542221830234,52.774926539242415
7.0354528,0.2,62.84881261109902,0.1,63.62646810097078,169.065317266968,23.351122210152543,29.92800600528522,93.7259019763601
