Time,Probability,RiskPremium,T0,T1,T2,Z,Expected,CVaR
16.3631801,0.15,25.76581304435195,0.1,37.38227378213973,37.38227378213973,12.336707302852727,9.202076087268567,37.38227378213973
15.7791271,0.15,47.155261296869895,0.1,59.18742610531541,59.18742610531541,23.962157344333214,16.841164748882065,59.187426106579494
23.111178,0.15,21.946979490167333,0.1,28.19901598398982,28.19901598398982,11.05465117568398,7.83820696077405,28.19901598550282
14.100028,0.15,22.14883391733279,0.09999999999999609,28.117773922214383,28.117773922214383,11.207414674633279,7.9102978276188285,28.117773928156744
13.3418867,0.15,33.95312899027615,0.1,37.33228275006706,37.33228275006706,18.046086704799258,12.126117496527213,37.33228275619222
11.8059848,0.15,55.807185499009925,0.1,63.499565689354185,63.499565689354185,29.34078361912163,19.93113767821775,63.499565689354185
