Time,Probability,RiskPremium,T0,T1,T2,Z,Expected,CVaR
14.0890074,0.05,10.452346772730685,0.1,63.178093761888086,109.79111751075692,2.045024368577746,4.544498596839426,30.29665731226287
36.1660437,0.05,15.96216740801135,0.1,63.6545343968845,119.67234110440711,3.1230327537413514,6.940072786091891,46.267151907279256
25.2863736,0.05,9.092297768631118,0.1,36.7901540834119,61.68383187206887,1.7789278242973916,3.953172942883093,26.35448628588731
24.9835523,0.05,9.09708155295477,0.1,36.81050410629964,58.05967081709798,1.779863782099853,3.9552528491107646,26.3683523274051
28.8674308,0.05,11.839804172878397,0.1,38.12149808320086,75.85949867597273,2.31648342512839,5.147740944729735,34.31827296486488
20.0039089,0.05,19.47018320923161,0.1,63.6264681009708,121.67854271248154,3.8093836713713944,8.465297047492005,56.4353136499467
