Time,Probability,RiskPremium,T0,T1,T2,Z,Expected,CVaR
20.034292,0.1,7.979076589647294,0.1,17.716216777578595,17.716216777578595,0.6809736625328635,4.693574464498396,17.716216777578595
10.0766938,0.1,13.25406632283873,0.1,29.388744986027255,29.388744986027255,1.1391096442973772,7.796509601669709,29.388744986027522
11.8792843,0.1,7.285752525811713,0.1,15.777620289804764,15.777620289804762,0.7016390439393303,4.285736779889262,15.777620289804764
14.9085581,0.1,7.152871142136285,0.1,15.488082330256178,15.488082330256178,0.6891976680209143,4.207571260080156,15.488082330256178
9.7900895,0.1,13.2690457682743,0.1,28.952016656454695,28.952016656454695,1.2343856055873434,7.805321040161321,28.95201665278953
21.5939314,0.1,21.958592002258975,0.09999999999998721,48.577071811912205,48.577071811912205,1.909722581146793,12.916818824858263,48.577071806128345
