Time,Probability,RiskPremium,T0,T1,T2,Z,Expected,CVaR
143.8893925,0.25,23.34340914410699,0.1,24.37866168621461,24.37866168621461,6.922398999553342,11.115909116241474,24.378661687021836
74.5282946,0.25,49.820988656567465,0.1,47.82743006655687,47.82743006655687,16.455448442227652,23.724280312650862,47.82743006687289
23.1236523,0.25,19.364544246393752,0.1,18.705604305135235,18.705604305135235,6.349575596338074,9.221211545901811,18.70560430628659
24.4833258,0.25,19.428422476230605,0.1,18.824284485213273,18.824284485213273,6.3477308317936565,9.251629750586009,18.824284485213273
17.2141538,0.25,33.44037669220192,0.1,29.375268388309095,29.375268388309095,12.13587599502419,15.923988901048336,29.375268391371677
62.4508796,0.25,57.866683637864845,0.1,48.691927129073385,48.691927129073385,21.85657460645726,27.555563637078194,48.69192712290145
