Time,Probability,RiskPremium,T0,T1,T2,Z,Expected,CVaR
49.4085731,0.15,11.868271322481101,0.1,22.94615715703358,22.94615715703358,2.121328607880317,7.417669576550757,22.946157163551458
53.881542,0.15,24.957892036501153,0.09999999999999076,47.811293444344486,47.811293444344486,4.5273178752686345,15.598682522813247,47.81129344560857
23.0069962,0.15,10.503854004649957,0.1,18.81555311568058,18.81555311568058,2.101348597100609,6.564908752906196,18.81555311719358
15.0134135,0.15,10.556348524622974,0.1,18.857057488498548,18.857057488498548,2.119729747642278,6.597717827889316,18.857057488498544
11.6426592,0.15,17.783269439372642,0.1,29.356019211826318,29.356019211826318,3.9325046679320037,11.114543399607976,29.356019211826318
34.5039443,0.15,28.88571251925955,0.09999999999999432,48.8315406589039,48.8315406589039,6.215446645493201,18.05357032453714,48.83154065273193
