Time,Probability,RiskPremium,T0,T1,T2,Z,Expected,CVaR
13.639381,0.15,13.689609459522776,0.1,18.765079598037698,18.765079598037698,2.884571528264283,6.518861647391729,18.765079601296645
15.9944723,0.15,27.832768863645196,0.1,37.921235077075075,37.921235077075075,5.945431938397768,13.253699458878643,37.921235077075075
9.3803118,0.15,12.047084265631907,0.1,15.081504137446545,15.081504137446545,3.039698401443345,5.736706793157983,15.081504138959547
17.0213216,0.15,12.094829147248616,0.1,15.089536704046306,15.089536704046306,3.069853707633992,5.75944245107075,15.089536704053232
31.6020918,0.15,23.12308729922707,0.10000000000000002,28.886960328992565,28.886960328992565,5.855505115217175,11.010993952012855,28.886960329147342
30.2980059,0.15,37.797630443328124,0.09999999999999432,48.574681710813266,48.574681710813266,9.097240707021765,17.99887163967996,48.57463763004073
