Time,Probability,RiskPremium,T0,T1,T2,Z,Expected,CVaR
19.9728798,0.2,23.18910270299711,0.1,39.78577025776979,39.78577025776979,8.775429460549098,11.594551351498554,39.785770260993466
27.2315164,0.2,43.29862669698903,0.09999999999999076,61.046254126151425,61.046254126151425,17.709619270602428,21.649313348494495,61.04625412741551
25.972775,0.2,19.079337899864214,0.09999999999999609,28.60841390921711,28.60841390921711,7.6327944538252,9.539668949932105,28.608413911001172
19.6758352,0.2,19.157297506852988,0.09999999999999609,28.269572907973185,28.269572907973185,7.70955633743977,9.578648753426485,28.269572913293658
20.5054354,0.2,33.34362358274575,0.1,38.121498083200855,52.87590586604644,13.05140238390554,16.671811791372875,52.87590586604644
16.0683394,0.2,58.08973429942321,0.1,63.62646810097078,95.54454519329612,22.394899345353043,29.0448671497116,95.54454519329612
