Time,Probability,RiskPremium,T0,T1,T2,Z,Expected,CVaR
29.2344096,0.1,8.973802635798931,0.09999999999999432,19.082707512553878,19.082707512553878,1.1689044059296783,4.985445908777197,19.082707514237566
24.2298308,0.1,15.139232839037575,0.09999999999999076,32.328616063208,32.328616063208,1.9449616978716195,8.410684910576466,32.328616063524024
53.5377194,0.1,8.487411519096057,0.1,17.81842524970601,17.81842524970601,1.1515435717788591,4.715228621720015,17.818425249706014
13.3147129,0.1,8.459521449441558,0.1,17.825175507781243,17.825175507781243,1.1346990360455096,4.699734138578629,17.825175512665904
19.4037824,0.1,14.144196399393381,0.1,29.19967513109095,29.19967513109095,2.0179518623336916,7.857886888551922,29.199675131090952
10.5882921,0.1,23.288948145395118,0.09999999999998721,48.681838706416286,48.681838706416286,3.2019367850981,12.938304525219635,48.681838700606605
