Time,Probability,RiskPremium,T0,T1,T2,Z,Expected,CVaR
19.7919016,0.2,31.55842674058675,0.1,32.85361670341471,32.85361670341471,15.183360475844367,10.882216117443722,32.853616706638384
18.5027492,0.2,61.25883563215324,0.1,55.93859430347014,55.93859430347014,31.43138473762548,21.1237364248803,55.93859430347014
21.1918411,0.2,27.14247480455355,0.09999999999999609,26.84336081274981,26.84336081274981,13.412029048452425,9.35947407053574,26.84336081279739
17.0912295,0.2,27.41679879480086,0.09999999999999609,27.055609080364995,27.055609080364995,13.562345110930982,9.454068549931346,27.055609085685468
16.4445914,0.2,43.724532444062646,0.1,37.82770196130224,37.82770196130224,22.95953821743807,15.07742498071123,37.827701964364834
15.2627499,0.2,83.48931394081107,0.1,63.62646810097078,93.15063864033213,38.60959033051825,28.78941860027959,93.15063864033213
