Time,Probability,RiskPremium,T0,T1,T2,Z,Expected,CVaR
11.70382,0.05,-9.559535859201181e-12,2.0,-3.1845320252129264e-9,-3.1845320252129264e-9,-6.5178653585462606e-12,-4.3452435723641734e-12,0.0
12.9452234,0.05,5.741965954560631e-12,2.0,3.91497678720043e-9,3.91497678720043e-9,3.914976787200431e-12,2.6099845248002867e-12,0.0
11.6436566,0.05,-2.2190893863201687e-12,0.1,0.0,0.0,-1.5130154906728425e-12,-1.0086769937818947e-12,0.0
16.3222197,0.05,0.0,2.0,0.0,0.0,-0.0,0.0,0.0
24.7297863,0.05,5.3755741191707785e-12,2.0,3.6651641721618944e-9,3.6651641721618944e-9,3.6651641721618945e-12,2.443442781441263e-12,0.0
22.9458281,0.05,0.0,2.0,5.809681624668883e-9,5.809681624668883e-9,-0.0,0.0,0.0
