Time,Probability,RiskPremium,T0,T1,T2,Z,Expected,CVaR
11.1339793,0.05,-9.559535859201181e-12,2.0,0.0,-3.1845320252129264e-9,-6.735144116494968e-12,-4.3452435723641734e-12,4.736951571734002e-17
13.993368,0.05,5.7419763758540895e-12,2.0,3.91497678720043e-9,3.91497678720043e-9,4.045466776384881e-12,2.6099892617518586e-12,4.736951571734002e-17
11.4868303,0.05,1.7752730722501535e-11,0.1,0.0,0.0,-1.6138887559691265e-12,8.069423055682515e-12,4.034712712079151e-11
11.3290632,0.05,5.476921198048028e-12,2.0,3.7342573477872065e-9,3.7342573477872065e-9,3.858731645323133e-12,2.4895096354763763e-12,2.368475785867001e-17
13.3127226,0.05,5.3755324339969475e-12,2.0,3.6651641721618944e-9,3.6651641721618944e-9,3.787298652468963e-12,2.4434238336349755e-12,2.368475785867001e-17
11.745613,0.05,3.126388037344441e-17,2.0,5.809681624668883e-9,5.809681624668883e-9,-1.9421501444109405e-17,1.4210854715202004e-17,1.1842378929335005e-16
