Time,Probability,RiskPremium,T0,T1,T2,Z,Expected,CVaR
12.7801688,0.1,17.174802069888894,0.1,28.208977957153316,28.208977957153316,6.444176234224628,6.361037803662536,28.20897796367118
12.7547957,0.1,30.060493449615322,0.1,48.90594640731629,48.90594640731629,11.372491294192015,11.133516092450119,48.90594640731629
27.4759946,0.1,15.362305104340212,0.1,24.396853827000577,24.396853827000577,5.931140233647819,5.689742631237111,24.396853828513585
12.237987,0.1,15.519089188911515,0.09999999999999432,24.82748932777825,24.82748932777825,5.95534267476021,5.747810810707935,24.827489327924788
11.4756169,0.1,22.61912852139733,0.1,32.79478265316881,32.79478265316881,9.358207985151756,8.377455007924942,32.79478264952808
9.7736236,0.1,36.80714094455922,0.1,54.036770016983034,54.036770016983034,15.093967403195851,13.632274423910872,54.03677001117335
