Time,Probability,RiskPremium,T0,T1,T2,Z,Expected,CVaR
59.9945744,0.25,33.994082418952104,0.09999999999999609,29.410962014002372,29.410962014002372,15.808762294237605,12.140743721054259,29.41096201722602
20.3401846,0.25,69.7939256201052,0.1,53.94698687419434,53.94698687419434,34.71031890902738,24.926402007180236,53.94698687545842
20.7193426,0.25,30.041975187073557,0.1,25.549878728222456,25.549878728222456,14.12548767845665,10.729276852526148,25.549878727071114
35.6234969,0.25,30.140421898239605,0.09999999999999609,25.47486020889296,25.47486020889296,14.227337170178576,10.764436392228362,25.47486020889296
17.9896427,0.25,54.498930045119295,0.1,38.121498083200855,48.55113037960528,24.854497080354786,19.463903587542607,48.55113037960528
15.2596241,0.25,85.30007627094167,0.1,63.18438788689194,63.18438788689194,43.383737094809916,30.464312953907747,63.184387874548044
