Time,Probability,RiskPremium,T0,T1,T2,Z,Expected,CVaR
12.3111945,0.05,13.633495790518289,0.1,63.178093761888086,109.79111751075692,1.3633495790518342,4.544498596839426,30.29665731226287
10.8014092,0.05,20.82021835827569,0.1,63.6545343968845,119.67234110440711,2.08202183582759,6.940072786091891,46.267151907279256
26.0212285,0.05,11.85951882864929,0.1,36.7901540834119,61.68383187206887,1.1859518828649345,3.953172942883093,26.35448628588731
16.6294179,0.05,11.865758547332305,0.1,36.81050410629964,58.05967081709798,1.1865758547332317,3.9552528491107646,26.3683523274051
12.3115554,0.05,15.443222834189218,0.1,38.12149808320086,75.85949867597273,1.5443222834189305,5.147740944729735,34.31827296486488
10.1816878,0.05,25.39589114247604,0.1,63.6264681009708,121.67854271248154,2.539589114247627,8.465297047492005,56.4353136499467
