Time,Probability,RiskPremium,T0,T1,T2,Z,Expected,CVaR
18.1264024,0.2,20.18864809720723,0.1,23.002398954383978,23.002398954383978,5.481693579851594,9.17665822600339,23.002398954383978
21.8595843,0.2,43.52419917279368,0.1,47.32203959971069,47.322039599710685,12.72514719487466,19.783726896724552,47.32203959971069
40.6400437,0.2,16.279673317057775,0.09999999999999609,16.614745561879513,16.614745561879513,5.1938641869402105,7.399851507753502,16.614745563663575
78.6819749,0.2,16.209346141429194,0.1,16.22630402602479,16.22630402602479,5.298093760918629,7.367884609740493,16.226304036665734
61.3003835,0.2,30.005966121753488,0.1,29.08896694203281,29.08896694203281,10.186934038701395,13.639075509887935,29.088966942798454
39.0968131,0.2,50.34893909334203,0.1,48.57525563608472,48.5752556376277,17.187307994652194,22.885881406064577,48.5752556376277
