Time,Probability,RiskPremium,T0,T1,T2,Z,Expected,CVaR
12.1347854,0.1,9.005425921447316,0.1,20.725580371033452,20.725580371033452,1.393875904090927,5.297309365557274,20.725580377551317
4.5897828,0.1,15.157555376658742,0.09999999999999076,35.02232176603276,35.02232176603276,2.325429423377119,8.916209045093314,35.02232176634878
5.3592692,0.1,8.4352849823574,0.09999999999999609,19.112903808401025,19.112903808401025,1.3507069196915906,4.961932342563184,19.112903809914034
4.7680683,0.1,8.486364923536485,0.09999999999999609,19.371589304789588,19.371589304789588,1.3374440653171455,4.991979366786176,19.37158930967425
6.8807232,0.1,13.446954429827798,0.1,29.478507797606223,29.478507797606223,2.3017010452732993,7.909973194016419,29.4785077976038
15.9537569,0.1,22.041371753231097,0.09999999999998721,48.82814286985817,48.82814286985817,3.696464447008334,12.965512796018375,48.82814286404849
