Time,Probability,RiskPremium,T0,T1,T2,Z,Expected,CVaR
29.909947,0.1,11.983085921285372,0.1,20.24532551415056,20.24532551415056,2.262462116106127,5.2100373570805525,20.24532551740937
11.6494401,0.1,19.754069829387095,0.1,33.25463717667314,33.25463717667314,3.7655704674412,8.588726012776936,33.25463717667314
56.6544798,0.1,11.25104983352897,0.1,18.725940363408977,18.725940363408977,2.209035166475688,4.891760797186547,18.725940363408977
22.6298221,0.1,11.24876772709397,0.09999999999999609,18.806277593453338,18.806277593453338,2.1833464436943806,4.890768576997346,18.806277598338
29.0276943,0.1,18.136419006024404,0.1,29.342171313693786,29.342171313693786,3.813987914430544,7.88539956783669,29.342171313693786
27.7729203,0.1,29.788869480031995,0.1,48.75061376731599,48.75061376731599,6.097507682001277,12.951682382622648,48.75061376731599
