Time,Probability,RiskPremium,T0,T1,T2,Z,Expected,CVaR
24.1563057,0.25,39.62275533706687,0.1,46.79634260798632,46.79634260798632,20.57496750329221,14.150984048952417,46.79634261443363
21.7394012,0.25,80.45715951657861,0.1,63.6545343968845,92.74373955839316,42.121103729572454,28.734699827349477,92.74373955839316
23.635441,0.25,32.07905429177537,0.1,32.435050965947205,32.435050965947205,17.47551230848137,11.456805104205507,32.43505096479587
23.2018363,0.25,32.06973096337891,0.1,31.710409564235942,31.710409564235942,17.577715486289186,11.453475344063946,31.710409564235942
24.0009949,0.25,57.098116531633934,0.1,38.121498083200855,56.20254395480812,31.334378134166755,20.392184475583473,56.20254395480812
19.801352,0.25,99.73679750458759,0.1,63.6264681009708,96.84400785537306,54.93295422667477,35.62028482306686,96.84400785537306
