Time,Probability,RiskPremium,T0,T1,T2,Z,Expected,CVaR
21.2224572,0.25,46.397285000621814,0.1,63.17809376188807,156.54192510569595,18.306425074169884,15.46576166687393,51.53747097995397
15.7076081,0.25,88.62192602062345,0.1,63.6545343968845,159.2186616820817,39.79271640788024,29.540642006874442,84.65083516649952
18.5871305,0.25,36.41726841751025,0.1,36.7901540834119,70.95489073513308,16.303467911503233,12.139089472503418,34.92397813965663
21.1628401,0.25,36.424111159823994,0.1,36.81050410629964,70.14192940826788,16.41564867629528,12.14137038660799,34.61877637781018
18.4022391,0.25,63.11682920606738,0.1,38.121498083200855,91.54684087940345,28.796015068215613,21.038943068689104,58.9871461234396
20.9031092,0.25,110.46119180882881,0.1,63.62646810097078,169.065317266968,50.168882596154155,36.820397269609536,103.88300282122408
