Time,Probability,RiskPremium,T0,T1,T2,Z,Expected,CVaR
15.5265462,0.1,0.0,2.0,0.0,0.0,-0.0,0.0,0.0
11.4355587,0.1,0.0,2.0,0.0,0.0,-0.0,0.0,0.0
12.4783289,0.1,0.0,2.0,0.0,0.0,-0.0,0.0,0.0
13.1411925,0.1,0.0,2.0,0.0,0.0,-0.0,0.0,0.0
15.5781714,0.1,0.0,2.0,0.0,0.0,-0.0,0.0,0.0
11.536185,0.1,0.0,2.0,0.0,0.0,-0.0,0.0,0.0
