Time,Probability,RiskPremium,T0,T1,T2,Z,Expected,CVaR
21.6276403,0.25,38.342876189309166,0.1,37.460804388828855,37.460804388828855,19.061414007048036,13.22168144458938,37.46080439527615
18.2971935,0.25,75.18885654372339,0.1,61.24041486027106,61.24041486027106,40.43335889461792,25.92719191162864,61.24041486153514
27.5493316,0.25,31.87683255973009,0.09999999999999609,27.460175427660317,27.460175427660317,16.76778028248296,10.99201122749317,27.460175426508968
22.9514287,0.25,32.178331330392304,0.09999999999999787,27.843054112250584,27.843054114618297,16.895585561710938,11.095976320824901,27.843054112250584
22.21624,0.25,58.20139966196738,0.1,38.12149808320086,52.79509375384545,29.950540104031788,20.069448159298965,52.79509375384545
20.6198424,0.25,102.72442353971819,0.1,63.62646810097078,94.79429547229147,52.45918841137338,35.42221501369601,94.79429547229147
