Time,Probability,RiskPremium,T0,T1,T2,Z,Expected,CVaR
12.1854379,0.05,-9.125011501964763e-12,2.0,-3.1845320252129264e-9,-3.1845320252129264e-9,-6.300603179928051e-12,-4.3452435723641734e-12,0.0
12.518096,0.05,5.480967502080603e-12,2.0,3.91497678720043e-9,3.91497678720043e-9,3.784477560960416e-12,2.6099845248002867e-12,0.0
11.2227296,0.05,-2.118221686941979e-12,0.1,0.0,0.0,-1.4625816409837474e-12,-1.0086769937818947e-12,0.0
12.2925563,0.05,0.0,2.0,0.0,0.0,-0.0,0.0,0.0
12.9546602,0.05,5.131229841026652e-12,2.0,3.6651641721618944e-9,3.6651641721618944e-9,3.5429920330898312e-12,2.443442781441263e-12,0.0
11.9439881,0.05,0.0,2.0,5.809681624668883e-9,5.809681624668883e-9,-0.0,0.0,0.0
