Time,Probability,RiskPremium,T0,T1,T2,Z,Expected,CVaR
11.9573678,0.05,1.7641690277514499e-10,2.0,6.51786535854626e-9,0.0,-5.069451229170823e-12,6.083341475004998e-11,4.0555609833366646e-10
11.3389795,0.05,-9.839640284781124e-11,2.0,0.0,0.0,-7.634203669226737e-11,-3.3929794085452155e-11,0.0
13.2266632,0.05,-2.9251426762281573e-12,0.1,0.0,0.0,-2.26953488101521e-12,-1.0086698883545369e-12,7.894919286223334e-17
18.1095178,0.05,-7.219562832005977e-11,2.0,0.0,0.0,-5.601384955866707e-11,-2.4895044248296476e-11,0.0
16.1200137,0.05,-7.794587967661451e-11,2.0,0.0,0.0,-6.047525147323539e-11,-2.687788954366018e-11,0.0
12.3132854,0.05,4.121147867408581e-17,2.0,5.809681624668883e-9,5.809681624668883e-9,-2.3290011894358828e-17,1.4210854715202004e-17,1.578983857244667e-16
