Time,Probability,RiskPremium,T0,T1,T2,Z,Expected,CVaR
22.0143297,0.15,17.650358175579417,0.1,24.281960695377744,24.281960695377744,4.993921824617067,7.6740687719910445,24.28196070189564
108.2708867,0.15,35.951839642446494,0.1,47.981357755591674,47.981357755591674,10.61556807676325,15.631234627150524,47.9813577555923
34.6021391,0.15,15.404754605122788,0.1,19.50783846362451,19.50783846362451,4.863999490563278,6.697719393531707,19.50783846362451
11.1074987,0.15,15.534675337870826,0.1,19.666283526395357,19.666283526395357,4.90684561012187,6.75420666863951,19.666283532337722
18.8708181,0.15,25.65904558134315,0.1,29.57297311593763,29.57297311593763,8.977878903177361,11.15610677449709,29.572973120059274
62.8317992,0.15,41.5514947028286,0.1,48.89614315860906,48.89614315860906,14.236544671776334,18.065867262099474,48.89614315860905
