Time,Probability,RiskPremium,T0,T1,T2,Z,Expected,CVaR
7.4931916,0.05,-9.125011501964763e-12,2.0,0.0,-3.1845320252129264e-9,-6.300625285702052e-12,-4.3452435723641734e-12,6.315935428978667e-17
5.7711086,0.05,5.480977449678903e-12,2.0,3.91497678720043e-9,3.91497678720043e-9,3.784462323766194e-12,2.6099892617518586e-12,6.315935428978667e-17
5.0917724,0.05,-2.118206765544528e-12,0.1,0.0,0.0,-1.4625989703315811e-12,-1.0086698883545369e-12,7.894919286223334e-17
4.7806166,0.05,5.22797023450039e-12,2.0,3.7342573477872065e-9,3.7342573477872065e-9,3.609777918553745e-12,2.4895096354763763e-12,3.1579677144893335e-17
5.0442442,0.05,5.13119005063345e-12,2.0,3.6651641721618944e-9,3.6651641721618944e-9,3.5429535058837147e-12,2.4434238336349755e-12,3.1579677144893335e-17
4.9701574,0.05,2.984279490192421e-17,2.0,5.809681624668883e-9,5.809681624668883e-9,-3.4658695666520424e-17,1.4210854715202004e-17,1.578983857244667e-16
