Time,Probability,RiskPremium,T0,T1,T2,Z,Expected,CVaR
11.4123931,0.05,-8.690487144728347e-12,2.0,-3.1845320252129264e-9,-3.1845320252129264e-9,-5.214292286837008e-12,-4.3452435723641734e-12,0.0
13.1291331,0.05,0.0,2.0,0.0,0.0,-0.0,0.0,0.0
10.3132113,0.05,-2.0173539875637894e-12,0.1,0.0,0.0,-1.2104123925382736e-12,-1.0086769937818947e-12,0.0
12.4396365,0.05,0.0,2.0,0.0,0.0,-0.0,0.0,0.0
12.2873456,0.05,0.0,2.0,0.0,0.0,-0.0,0.0,0.0
12.9942823,0.05,0.0,2.0,5.809681624668883e-9,5.809681624668883e-9,-0.0,0.0,0.0
