Time,Probability,RiskPremium,T0,T1,T2,Z,Expected,CVaR
21.417253,0.05,7.742177925622747,0.09999999999999432,22.97379865237395,22.97379865237395,0.5666922199403611,3.225907469009489,22.97379865237395
38.2676478,0.05,11.049019149459795,0.1,32.650317431033585,32.650317431033585,0.8359492800998175,4.603757978941608,32.650317431033585
21.9392938,0.05,7.55387024619406,0.09999999999999432,22.144400422164672,22.144400422164672,0.6070334127271628,3.1474459359142073,22.144400423677688
12.281838,0.05,7.641689886137768,0.09999999999999432,22.314622491282773,22.314622491282773,0.6315354265821453,3.1840374525573942,22.314622487548515
12.7960755,0.05,10.82489796165452,0.1,31.707654917044838,31.707654917044838,0.8750676584270691,4.510374150689358,31.707654913379674
9.8076805,0.05,17.296066657029268,0.1,50.84151186668958,50.84151186668958,1.3624087325101573,7.206694440428903,50.8415118608799
