Time,Probability,RiskPremium,T0,T1,T2,Z,Expected,CVaR
76.7439243,0.25,27.558138984172206,0.1,25.896386376289033,25.896386376289033,10.310049686324195,11.482557910071732,25.89638637951268
21.1894563,0.25,57.53873730796222,0.0999999999999801,48.83901367670589,48.83901367670589,23.6184475097835,23.974473878317614,48.83901367796997
44.8660364,0.25,24.219759377018146,0.1,22.32216037516345,22.32216037516345,9.235955383158748,10.091566407090903,22.32216037401212
38.6020613,0.25,24.756121778000885,0.09999999999999787,23.172877963157575,23.172877963157575,9.297940148237728,10.315050740833597,23.172877963157575
13.7238862,0.25,40.11736279519345,0.09999999999999076,32.6706004027979,32.6706004027979,17.019781934050688,16.71556783133071,32.67060040586048
16.4080303,0.25,67.6444146845622,0.1,51.386220805281184,51.386220805281184,30.178822693777725,28.1851727852345,51.38622079910924
