Time,Probability,RiskPremium,T0,T1,T2,Z,Expected,CVaR
15.5776087,0.15,24.611982685406026,0.1,29.590477660584526,29.590477660584526,10.849195332749566,8.486890581174531,29.59047766710242
14.244436,0.15,46.60006447962742,0.09999999999999076,51.21001636481884,51.21001636481884,21.74581957472596,16.068987751595703,51.21001636481884
13.2945312,0.15,21.863133373997158,0.1,25.076778079988433,25.076778079988433,9.939680222793857,7.539011508274858,25.076778079988433
47.3454758,0.15,22.33181339209459,0.09999999999999432,25.926271757281835,25.926271757281835,10.07477647057439,7.70062530761882,25.9262717632242
11.8963183,0.15,34.355631225931816,0.1,34.28752785365061,34.28752785365061,16.89867222056418,11.846769388252305,34.28752785671319
11.7467657,0.15,56.37288146525347,0.09999999999998721,58.52001994334772,58.52001994334772,27.16368299702336,19.438924643190923,58.52001994334772
