Time,Probability,RiskPremium,T0,T1,T2,Z,Expected,CVaR
24.5710617,0.25,30.93152333374786,0.1,63.17809376188807,156.54192510569595,12.434539669608116,15.46576166687393,45.77798163953224
25.4211608,0.25,59.08128401374896,0.1,63.6545343968845,159.2186616820817,24.83018761884668,29.540642006874442,76.6451858871527
23.6466036,0.25,24.278178945006836,0.1,36.7901540834119,70.95489073513308,10.108028769435585,12.139089472503418,32.44969650318193
22.8559744,0.25,24.28274077321598,0.1,36.81050410629964,70.14192940826788,10.131564315643725,12.14137038660799,32.23943109625061
22.7781229,0.25,42.077886137378215,0.1,38.121498083200855,91.54684087940345,17.723922968544578,21.038943068689104,54.18914407013498
21.3794297,0.25,73.64079453921914,0.1,63.62646810097078,169.065317266968,31.06555075323176,36.820397269609536,94.36886243338787
