Time,Probability,RiskPremium,T0,T1,T2,Z,Expected,CVaR
38.2144419,0.15,15.65573511942057,0.1,27.678829332647755,27.678829332647755,4.500029218729975,8.239860589168755,27.678829332647755
25.2672853,0.15,29.96155465303024,0.1,48.78695644420591,48.78695644420591,9.239657788991172,15.769239291068548,48.78695644420591
15.7165759,0.15,13.801555894171567,0.1,22.97442640489606,22.97442640489606,4.181011664992022,7.2639767864060465,22.97442640489606
14.4541282,0.15,14.007317900562363,0.1,23.405686126503145,23.405686126503145,4.230033287447313,7.37227257924337,23.405686138387868
9.8898398,0.15,22.106863023177933,0.1,32.581470638167026,32.581470638167026,7.329730022346979,11.635191064830455,32.581470638167026
10.7143269,0.15,35.596667946679865,0.1,53.03288098592299,53.03288098592299,11.716910665676169,18.73508839298945,53.03288097975102
