Time,Probability,RiskPremium,T0,T1,T2,Z,Expected,CVaR
6.0424549,0.15,17.084923248414352,0.1,26.976411123705347,26.976411123705347,5.1810988324975344,8.135677737340188,26.97641113022324
28.1227817,0.15,33.06489854914931,0.09999999999999076,48.62572109833028,48.62572109833028,10.743602500980543,15.74518978530924,48.625721099606956
13.9862409,0.15,14.903836647369227,0.1,21.84645887491124,21.846458874911036,4.856892815943747,7.097065070175782,21.846458876424037
6.6033749,0.15,15.274902697490425,0.1,22.7437316266292,22.7437316266292,4.907145818362762,7.273763189281123,22.743731638513925
6.0017296,0.15,23.991638939352033,0.1,31.165738817747076,31.165738817747076,8.618819198906612,11.424589971120065,31.165738817747076
6.5530064,0.15,38.96345679080344,0.1,51.80466309904646,51.80466309904646,13.759302536402297,18.554027043239845,51.80466309904646
