Time,Probability,RiskPremium,T0,T1,T2,Z,Expected,CVaR
11.8913139,0.05,-1.1732157645383267e-11,2.0,0.0,-3.1845320252129264e-9,-9.12503676570648e-12,-4.3452435723641734e-12,6.315935428978667e-17
12.6076132,0.05,7.0469710067300186e-12,2.0,3.91497678720043e-9,3.91497678720043e-9,5.480952185937188e-12,2.6099892617518586e-12,6.315935428978667e-17
11.0688213,0.05,-2.72340869855725e-12,0.1,0.0,0.0,-2.1182383452216728e-12,-1.0086698883545369e-12,7.894919286223334e-17
13.2020693,0.05,6.7216760157862155e-12,2.0,3.7342573477872065e-9,3.7342573477872065e-9,5.2279576026295325e-12,2.4895096354763763e-12,3.1579677144893335e-17
10.9671366,0.05,6.597244350814435e-12,2.0,3.6651641721618944e-9,3.6651641721618944e-9,5.131177418762592e-12,2.4434238336349755e-12,3.1579677144893335e-17
12.0830768,0.05,3.836930773104541e-17,2.0,5.809681624668883e-9,5.809681624668883e-9,-3.3316559387862465e-17,1.4210854715202004e-17,1.578983857244667e-16
