Time,Probability,RiskPremium,T0,T1,T2,Z,Expected,CVaR
32.763778,0.15,10.024614389261504,0.1,14.02236389691014,14.02236389691014,1.25000112862539,5.276112836453375,14.022363896910186
23.5376781,0.15,20.725868584291884,0.09999999999999076,29.122193870624557,29.122193870624557,2.5319799040341007,10.908351886469395,29.122193870940578
90.5304124,0.15,10.294331362521971,0.1,13.88290837756813,13.88290837756813,1.4903265279878768,5.418069138169445,13.882908379081133
27.7901695,0.15,10.344208352912815,0.1,13.905252613199641,13.905252613199641,1.5155151938098321,5.444320185743612,13.905252619142003
56.5125002,0.15,20.25027787502432,0.1,27.606933695079196,27.606933695079196,2.8126798048796746,10.658040986854909,27.606933695079196
33.5943277,0.15,33.810087997895195,0.09999999999999432,47.82955229764413,47.82955229764413,4.001397187233974,17.794783156786917,47.829552291472154
