Time,Probability,RiskPremium,T0,T1,T2,Z,Expected,CVaR
23.041271,0.05,10.452346772730685,0.1,63.178093761888086,109.79111751075695,2.771476980820629,4.544498596839427,35.90821054754571
14.0084776,0.05,15.96216740801135,0.1,63.6545343968845,119.67234110440717,4.148957543393856,6.940072786091891,55.67144357134789
12.4039735,0.05,9.092297768631118,0.1,36.7901540834119,61.68383187206889,2.5399022166546357,3.953172942883093,29.94539903381694
12.3300608,0.05,9.097081552954771,0.1,36.81050410629964,58.059670817097995,2.5622678635071874,3.9552528491107646,29.750861252478924
11.6155202,0.05,11.839804172878397,0.1,38.121498083200855,75.85949867597274,3.417621687450511,5.147740944729735,37.89215635171121
10.3050253,0.05,19.470183209231614,0.1,63.6264681009708,121.6785427124816,5.535976432658537,8.465297047492005,63.154394338302694
