Time,Probability,RiskPremium,T0,T1,T2,Z,Expected,CVaR
13.4401323,0.1,19.274855666766193,0.1,63.178093761888086,109.79111751075695,6.467364781057903,7.7099422667064745,41.693599726718645
13.6740203,0.1,31.962658735559213,0.1,63.6545343968845,159.2186616820817,11.283160731220892,12.785063494223687,65.414626894988
11.8871079,0.1,16.242479938898878,0.1,36.7901540834119,61.683831872068886,5.85004246167761,6.496991975559554,32.46662865330432
11.1965893,0.1,16.247981452832295,0.1,36.81050410629964,58.73116960119909,5.874252445648635,6.499192581132909,32.32943542147129
15.2780683,0.1,23.812230910427836,0.1,38.121498083200855,75.85949867597274,9.078038887018874,9.524892364171135,44.25355675909002
13.5566035,0.1,39.41606262233655,0.1,63.62646810097078,121.6785427124816,14.709936410455175,15.766425048934627,75.36443280191288
