Time,Probability,RiskPremium,T0,T1,T2,Z,Expected,CVaR
25.0305889,0.25,29.384947167067622,0.1,63.17809376188807,156.54192510569584,9.505311433235168,15.4657616668777,59.604502336425384
23.4409067,0.25,56.127219813061494,0.1,63.6545343968845,159.21866168208157,19.8229139823982,29.540642006874442,97.17728024476287
22.4364385,0.25,23.06426999775648,0.1,36.7901540834119,71.68030814711354,8.257820661013378,12.139089472503414,38.812688114900546
21.1186775,0.25,23.068603734555204,0.1,36.81050410629964,71.72100819410541,8.31846368599718,12.141370386607987,38.2290670061084
27.4712822,0.25,39.97399183050929,0.1,38.121498083200855,91.54684087940345,14.799065412530215,21.038943068689104,62.398776561589315
23.3794804,0.25,69.94612459472748,0.1,63.6264681009708,159.0940929068077,25.95012629581476,36.81374978669864,108.6362349088394
