Time,Probability,RiskPremium,T0,T1,T2,Z,Expected,CVaR
17.7810501,0.15,20.244567391990778,0.1,37.38227378213973,37.38227378213973,8.224471535235145,9.202076087268567,37.38227378213973
15.8391203,0.15,37.05056244754061,0.1,59.18742610531541,59.18742610531541,15.974771562888792,16.841164748882065,59.187426106579494
22.4570056,0.15,17.244055313738404,0.1,28.19901598550282,28.199015985502818,7.369767450476956,7.838206960790192,28.19901598550282
22.2940559,0.15,17.4026552207615,0.09999999999999609,28.117773922214383,28.117773922214383,7.471609783088868,7.9102978276188285,28.117773928156744
15.7957229,0.15,26.677458492359847,0.1,37.33228275006706,37.33228275006706,12.03072446986616,12.126117496527213,37.33228275619222
13.6343062,0.15,43.84850289207906,0.1,63.499565689354185,63.499565689354185,19.560522412747662,19.93113767821775,63.499565689354185
