Time,Probability,RiskPremium,T0,T1,T2,Z,Expected,CVaR
65.4251611,0.15,19.972912540954095,0.1,26.058675464241517,26.058675464241517,6.562894389725693,7.989165016381669,26.058675465870994
26.834699,0.15,39.3331289143565,0.1,48.550564605025585,48.550564605025585,13.75468343682903,15.73325156574264,48.550564605025585
13.9580431,0.15,17.34869175059844,0.1,20.863191676792134,20.863191676792134,6.232100557393295,6.9394767002393385,20.863191676792134
11.4310674,0.15,17.586055905941457,0.1,21.243098384324817,21.243098384324817,6.289030736980451,7.034422362376554,21.243098384324824
16.4917051,0.15,28.285534468713738,0.1,30.468375362946876,30.468375362946876,11.225072208589765,11.314213787485501,30.468375362946876
13.2516597,0.15,45.96267390876333,0.09999999999999432,50.74237742134282,50.74237742134282,17.870411989758317,18.38506956350523,50.74237741517085
