Time,Probability,RiskPremium,T0,T1,T2,Z,Expected,CVaR
20.5151476,0.2,34.049131845609935,0.1,63.17809376188807,156.54192510569598,12.240038198925188,13.095819940619208,42.140065627504306
16.7655093,0.2,62.88966123488254,0.1,63.6545343968845,159.2186616820817,25.194620137084854,24.188331244185548,69.21069742289262
19.1324081,0.2,27.031426902070226,0.1,36.7901540834119,70.95489073513308,10.445954695354082,10.396702654642404,31.02593449488825
24.2138726,0.2,27.037132097771124,0.1,36.81050410629964,70.1419294082679,10.535100270730398,10.3988969606812,30.742679848546288
15.0931237,0.2,45.19980977675854,0.1,38.121498083200855,91.54684087940345,18.719425735810404,17.384542221830234,47.70401495222346
15.5180601,0.2,77.81281561374156,0.1,63.62646810097078,169.065317266968,31.748558186220407,29.92800600528522,83.71551074607174
