Time,Probability,RiskPremium,T0,T1,T2,Z,Expected,CVaR
22.3628096,0.2,15.79676023781169,0.09999999999999609,19.708861266331276,19.708861266331276,3.4945039752686773,8.314084335690438,19.70886126955495
19.1712848,0.2,37.437754413913986,0.1,47.024914812961555,47.024914812961555,8.171381403564798,19.704081270481034,47.02491481296156
8.2022295,0.2,12.963615710124772,0.1,14.423406265739033,14.423406265739033,3.4805023531260657,6.822955636907784,14.423406265739033
25.9784108,0.2,13.079739232711084,0.09999999999999609,14.373900084075588,14.373900084075588,3.5742265705758487,6.884073280374262,14.373900085405706
22.5660219,0.2,25.770064386264874,0.1,28.79904769967434,28.79904769967434,6.874323032905492,13.5631917822449,28.799047699715175
34.9069404,0.2,43.446685869391274,0.09999999999999432,48.502480792714586,48.502480792714586,11.607477693555815,22.86667677336405,48.50248078042555
