Time,Probability,RiskPremium,T0,T1,T2,Z,Expected,CVaR
12.3156668,0.05,2.111788376168988e-10,2.0,0.0,0.0,3.877409121342317e-26,7.821438430255513e-11,5.214292286837007e-10
10.790448,0.05,1.2789769243681803e-17,2.0,0.0,0.0,-9.473903143467999e-18,4.736951571734001e-18,6.315935428978667e-17
26.7999413,0.05,1.9184653865522706e-17,0.1,0.0,0.0,-9.473903143467994e-18,7.105427357601002e-18,7.894919286223334e-17
16.5176878,0.05,1.2789769243681803e-17,2.0,0.0,0.0,1.7333369499485123e-33,4.736951571734001e-18,3.1579677144893335e-17
12.272971,0.05,-5.1159076974727206e-17,2.0,0.0,0.0,-4.7369515717340003e-17,-1.8947806286936004e-17,3.1579677144893335e-17
9.9789763,0.05,18.206924103895116,2.000000000000014,47.48806496084168,47.488064960841655,-4.440892098500626e-14,6.743305223664887,44.95536815776565
