Time,Probability,RiskPremium,T0,T1,T2,Z,Expected,CVaR
50.9778595,0.25,25.57654411053958,0.1,33.903157740416525,33.903157740416525,9.621039202497768,12.78827205526979,33.903157740416525
22.1567315,0.25,51.262074575827036,0.1,58.83013110129148,58.83013110129148,20.651173215906677,25.63103728791348,58.83013110129148
26.5172459,0.25,21.802268210196985,0.1,26.71705826997676,26.71705826997676,8.52874548053953,10.901134105098492,26.71705826882541
22.4788859,0.25,22.014286668610534,0.09999999999999787,27.114706829925105,27.114706829925105,8.591008810317435,11.007143334305267,27.114706827557406
19.0021254,0.25,39.927325285412714,0.1,38.12149808320086,51.92687161654561,15.169181296630496,19.963662642706357,51.92687161654561
8.3514548,0.25,70.63412301620053,0.1,63.62646810097078,93.9491671398328,26.522245663340282,35.31706150810027,93.9491671398328
