Time,Probability,RiskPremium,T0,T1,T2,Z,Expected,CVaR
20.2472269,0.05,10.148620896710835,0.1,26.930382945951592,26.930382945951592,3.028232111173729,3.624507463111001,26.930382945951656
11.9237938,0.05,17.179524336399712,0.09999999999998721,50.00345197758945,50.00345197758945,4.463793795370045,6.135544405857045,50.00345197367446
10.5922635,0.05,9.805987726749624,0.1,25.598018153728106,25.598018153728106,2.9894673009271213,3.50213847383915,25.598018153728106
14.6068424,0.05,9.95129160260369,0.09999999999999432,25.926271757281835,25.926271757281835,3.0414230316382977,3.554032715215606,25.926271753547578
29.3065134,0.05,13.371603789565453,0.1,34.400939768333274,34.400939764668095,4.152225960175733,4.775572781987667,34.4009397646681
8.4480732,0.05,21.72233852463981,0.1,56.50877618324143,56.50877618324143,6.651740760187939,7.757978044514217,56.50877617743175
