Time,Probability,RiskPremium,T0,T1,T2,Z,Expected,CVaR
45.326693,0.15,17.514939833876124,0.1,25.893510223148162,25.893510223148162,5.070560061994949,7.961336288125529,25.893510223148162
39.5542236,0.15,34.574173333938326,0.09999999999999076,48.44560979479116,48.44560979479116,10.676120885001566,15.715533333608303,48.44560979492178
11.1935124,0.15,15.152071660752142,0.09999999999999609,20.55383749929364,20.55383749929364,4.848133310672338,6.887305300341842,20.55383749929364
20.024399,0.15,15.260459220549924,0.1,20.666415538270495,20.666415538270495,4.891426054763766,6.936572372977236,20.666415544212857
48.3977012,0.15,24.81532507315126,0.1,30.26420596182439,30.26420596182439,8.789503671393492,11.279693215068818,30.26420596182439
18.3339742,0.15,40.125679658757825,0.09999999999998721,49.87059185323644,49.87059185323644,13.978822723937666,18.238945299435304,49.8705918409748
