Time,Probability,RiskPremium,T0,T1,T2,Z,Expected,CVaR
15.3264136,0.15,29.052143668600763,0.1,63.178093761888086,109.79111751075698,15.523142851901168,10.375765595928852,41.90811780363635
16.9434887,0.15,51.92663165079002,0.1,63.6545343968845,159.2186616820817,28.506761817834583,18.54522558956784,67.29166802344398
14.9575253,0.15,23.878718367790107,0.1,36.7901540834119,61.68383187206888,13.065136450679702,8.528113702782191,31.38279584606454
17.0980794,0.15,23.885114753140368,0.1,36.81050410629964,59.60930820403673,13.096042077398698,8.530398126121549,31.11714362232266
13.169506,0.15,38.06227737480859,0.1,38.121498083200855,91.54684087940345,21.26601249244592,13.59367049100308,45.61961440459937
13.9394686,0.15,64.13574628826684,0.1,63.62646810097078,169.06531726696798,35.439649593745614,22.905623674380998,80.81035387578319
