Time,Probability,RiskPremium,T0,T1,T2,Z,Expected,CVaR
23.5980964,0.25,18.098637079878607,0.1,20.710521459245516,20.710521459245516,4.314335623631012,10.054798377710226,20.710521459245516
110.0318518,0.25,42.379724551538715,0.1,47.18181136259017,47.18181136259017,10.562301153243238,23.54429141752132,47.18181136259024
42.8921202,0.25,14.665151979340202,0.09999999999999609,14.903723783162429,14.903723783162429,4.1530993297635455,8.147306655188952,14.90372378201108
28.8368809,0.25,14.648005220120274,0.09999999999999609,14.908749047206943,14.908749047206943,4.140385612998838,8.137780677844688,14.908749047206943
40.3716211,0.25,28.40795228365861,0.1,28.878532297310883,28.878532297310876,8.04203876605639,15.782195713143668,28.878532297310883
39.9458464,0.25,49.46912730025463,0.1,48.436071117301765,48.43607111112978,14.65265088626717,27.482848500141284,48.43607111112981
