Time,Probability,RiskPremium,T0,T1,T2,Z,Expected,CVaR
11.8185235,0.05,-9.559535859201181e-12,2.0,0.0,-3.1845320252129264e-9,-6.7351496429384704e-12,-4.3452435723641734e-12,6.315935428978667e-17
11.7662382,0.05,5.7419763758540895e-12,2.0,3.91497678720043e-9,3.91497678720043e-9,4.04546124994138e-12,2.6099892617518586e-12,6.315935428978667e-17
12.9409276,0.05,-2.2190737543799814e-12,0.1,0.0,0.0,-1.5634659591670343e-12,-1.0086698883545369e-12,7.894919286223334e-17
18.1458081,0.05,5.476921198048028e-12,2.0,3.7342573477872065e-9,3.7342573477872065e-9,3.8587288821013825e-12,2.4895096354763763e-12,3.1579677144893335e-17
16.2787738,0.05,5.3755324339969475e-12,2.0,3.6651641721618944e-9,3.6651641721618944e-9,3.787295889247213e-12,2.4434238336349755e-12,3.1579677144893335e-17
16.131787,0.05,3.126388037344441e-17,2.0,5.809681624668883e-9,5.809681624668883e-9,-3.323761019500023e-17,1.4210854715202004e-17,1.578983857244667e-16
