Time,Probability,RiskPremium,T0,T1,T2,Z,Expected,CVaR
30.8959205,0.1,14.565717169724383,0.1,21.286842392358597,21.286842392358597,3.608760791539303,5.394710062860927,21.286842392358597
11.6892333,0.1,24.41868366885066,0.1,35.765952156111965,35.765952156111965,6.022028419858498,9.043956914389083,35.765952156111965
13.2783916,0.1,13.633407258927306,0.09999999999999432,19.618791627674153,19.618791627674153,3.484713626377477,5.04941009589899,19.61879162918716
23.382148,0.1,13.589824436295668,0.1,19.61061053787189,19.61061053787189,3.4544863450004395,5.033268309739132,19.610610542756557
17.3114498,0.1,21.423919654384,0.09999999999999076,29.621099352257634,29.621099352257634,5.89892459521004,7.934785057179327,29.62109934859247
29.5626663,0.1,35.00943480546577,0.1,48.83363164724355,48.83363164724355,9.489466460948012,12.9664573353577,48.83363164724355
