Time,Probability,RiskPremium,T0,T1,T2,Z,Expected,CVaR
43.6089405,0.2,24.43135355390945,0.1,25.53593041433236,25.53593041433236,8.353456533948687,9.772541421563815,25.535930417556035
33.5429198,0.2,50.09496197343351,0.09999999999999076,48.45922206935492,48.45922206935492,18.6884822715567,20.037984789373496,48.45922207063165
18.7071809,0.2,20.52152995476511,0.1,20.10349611124976,20.10349611124976,7.554964321121531,8.208611981906024,20.10349611124976
19.7793077,0.2,20.572292639506383,0.1,19.91726137016964,19.91726137016964,7.668037856892993,8.228917055802532,19.917261372829735
36.3677025,0.2,34.542172167817405,0.1,29.88134302809931,29.88134302809931,14.299513636297622,13.816868867126999,29.881343028109537
39.4880498,0.2,57.46678443172969,0.1,49.02222326778869,49.02222326778869,24.06586686099914,22.98671377269176,49.022223267788696
