Time,Probability,RiskPremium,T0,T1,T2,Z,Expected,CVaR
24.1512368,0.25,38.157215489268005,0.1,46.55850726757391,46.55850726757391,19.160982671029032,14.13230203306216,46.55850726757391
21.6731129,0.25,77.35015058589741,0.1,63.6545343968845,91.65352336646932,39.25114874832982,28.64820392070259,91.65352336646932
23.9093072,0.25,30.7989291046703,0.1,31.803101020075452,31.803101020075452,16.332504789077568,11.407010779507564,31.803101020075452
24.44933,0.25,30.830536609295134,0.1,31.268692438312705,31.268692438312705,16.43432307060683,11.418717262701831,31.268692435944985
23.0588642,0.25,54.980656538124165,0.1,38.121498083200855,55.83391570197442,29.296843976381464,20.363206125231198,55.83391570197442
19.7118807,0.25,96.11080734272906,0.1,63.62646810097078,96.54443815124242,51.372035604739246,35.59659531212192,96.54443815124242
