Time,Probability,RiskPremium,T0,T1,T2,Z,Expected,CVaR
18.9612779,0.2,34.049131845609935,0.1,63.17809376188807,156.54192510569598,10.787825914580951,13.095819940619208,42.140065627504306
17.957816,0.2,62.88966123488254,0.1,63.6545343968845,159.2186616820817,22.943501828149458,24.188331244185548,69.21069742289262
16.1652724,0.2,27.031426902070226,0.1,36.7901540834119,70.95489073513308,9.414493103341806,10.396702654642404,31.02593449488825
16.7817073,0.2,27.037132097771124,0.1,36.81050410629964,70.1419294082679,9.51791112633714,10.3988969606812,30.742679848546288
21.3689179,0.2,45.19980977675854,0.1,38.121498083200855,91.54684087940345,17.203452099290693,17.384542221830234,47.70401495222346
15.5091562,0.2,77.81281561374156,0.1,63.62646810097078,169.065317266968,29.059182949181103,29.92800600528522,83.71551074607174
