Time,Probability,RiskPremium,T0,T1,T2,Z,Expected,CVaR
15.3934334,0.15,11.90664326153026,0.1,15.429365455624968,15.429365455624966,2.3329990045573252,5.669830124538257,15.429365455624957
7.3133134,0.15,25.08586248004969,0.1,32.78506414697371,32.78506414697371,4.804447540740441,11.945648800023674,32.785064148237794
23.5011375,0.15,11.64993209517163,0.1,14.329665148839473,14.329665148839473,2.589514007838682,5.547586711986567,14.329665150352467
28.7171543,0.15,11.69309603747466,0.1,14.332356293831847,14.332356293831847,2.6192689372120106,5.5681409702260405,14.332356295317437
24.9142175,0.15,22.96305399040161,0.10000000153128497,28.592305408924616,28.592305408924616,4.965259257839218,10.93478761447693,28.592305409690262
107.1702924,0.15,37.70720037456614,0.1,48.40400990794466,48.40400990794466,7.5721105876351,17.955809702174086,48.40400991406589
