Time,Probability,RiskPremium,T0,T1,T2,Z,Expected,CVaR
10.6019404,0.1,0.0,2.0,0.0,0.0,-0.0,0.0,0.0
9.5712511,0.1,0.0,2.0,0.0,0.0,-0.0,0.0,0.0
11.175462,0.1,0.0,2.0,0.0,0.0,-0.0,0.0,0.0
11.4003817,0.1,0.0,2.0,0.0,0.0,-0.0,0.0,0.0
10.7875334,0.1,0.0,2.0,0.0,0.0,-0.0,0.0,0.0
10.4355811,0.1,0.0,2.0,0.0,0.0,-0.0,0.0,0.0
