Time,Probability,RiskPremium,T0,T1,T2,Z,Expected,CVaR
8.1243312,0.2,16.44687005660564,0.09999999999999609,25.079896307260594,25.079896307260594,3.6911872391037885,9.674629445062147,25.079896307260594
16.050856,0.2,33.84726700113887,0.1,47.85974158388322,47.859741583883164,8.347193036767282,19.910157059493514,47.85974158388324
6.8279821,0.2,13.55861853731364,0.1,19.020860459803533,19.020860459803533,3.3739200748524283,7.975657963125682,19.020860459803533
14.3400168,0.2,13.700943035551282,0.09999999999999609,19.127577090137066,19.127577090137066,3.4279250114944695,8.059378256206601,19.12757709545754
12.5770906,0.2,23.33528886269055,0.09999999999999076,29.46260476633013,29.46260476633013,6.461455502840038,13.726640507465007,29.462604769392712
19.378005,0.2,39.00394226871347,0.1,48.819779016053886,48.819779016053886,10.885190104989569,22.943495452184337,48.81977900988197
