Time,Probability,RiskPremium,T0,T1,T2,Z,Expected,CVaR
39.1288829,0.25,29.212615305041457,0.1,33.24226579195469,33.24226579195469,12.403252475331668,12.701137089148583,33.24226579195469
20.2441228,0.25,58.78219912191197,0.1,58.27326486736187,58.27326486736187,26.68156384516585,25.55747787909199,58.27326486736187
22.2627858,0.25,25.036112887598843,0.1,26.596427303576014,26.596427303576014,11.00861424858844,10.885266472869018,26.596427303576014
25.3610617,0.25,25.353965025130652,0.09999999999999609,27.24118995106666,27.24118995106666,11.086956591613834,11.023463054404608,27.241189949965673
22.0539862,0.25,45.85354676205996,0.1,38.121498083200855,51.71944299240526,19.560598420253587,19.93632467915661,51.71944299240526
13.8916939,0.25,81.1300509136786,0.1,63.62646810097078,93.62344352831396,34.18621406412743,35.2739351798603,93.62344352831396
