Time,Probability,RiskPremium,T0,T1,T2,Z,Expected,CVaR
40.9218633,0.1,11.965070181017497,0.1,19.082707510924408,19.082707510924408,2.045582710931398,4.985445908757272,19.082707512553874
27.9964903,0.1,20.18564378537282,0.1,32.32861606194391,32.32861606194391,3.403682971378154,8.410684910572044,32.328616063207996
15.4802213,0.1,11.316548692127979,0.1,17.81842524970601,17.818425248193,2.0152012506128587,4.715228621720014,17.81842524970601
29.7487424,0.1,11.279361932580828,0.1,17.82517550778124,17.82517550778124,1.985723313073791,4.699734138575373,17.8251755126659
16.1517505,0.1,18.85892853418714,0.1,29.19967513383999,29.199675134756276,3.531415759334073,7.85788688924468,29.199675133839985
27.1652785,0.1,31.048331423634632,0.1,48.6743147947339,48.6743147947339,5.603398152085122,12.936804759847618,48.67431479328149
