Time,Probability,RiskPremium,T0,T1,T2,Z,Expected,CVaR
14.314825,0.1,16.961872986754248,0.1,63.178093761888086,109.79111751075695,5.853564974046563,7.7099422667064745,41.693599726718645
12.9530339,0.1,28.127139687292136,0.1,63.6545343968845,159.2186616820817,10.079119852992022,12.785063494223687,65.414626894988
13.0593857,0.1,14.293382346231022,0.1,36.7901540834119,61.683831872068886,5.199426702896995,6.496991975559554,32.46662865330432
27.9812136,0.1,14.29822367849242,0.1,36.81050410629964,58.73116960119909,5.2160068133256665,6.499192581132909,32.32943542147129
23.6326932,0.1,20.954763201176497,0.1,38.121498083200855,75.85949867597274,7.957004397513473,9.524892364171135,44.25355675909002
21.6888063,0.1,34.68613510765616,0.1,63.62646810097078,121.6785427124816,12.959909283423716,15.766425048934627,75.36443280191288
