Time,Probability,RiskPremium,T0,T1,T2,Z,Expected,CVaR
26.4412942,0.25,17.974131299754006,0.1,24.83479388241232,24.83479388241232,4.02010687339457,11.233832062346272,24.83479388241232
36.3867396,0.25,38.21096656668324,0.09999999999999432,48.440355912203614,48.440355912203614,9.41741210083518,23.88185410417691,48.440355912532276
22.5951902,0.25,15.130929215831102,0.1,19.627947493006275,19.627947494157624,3.6398751093143984,9.45683075989427,19.627947493006275
24.0512578,0.25,15.425184979839285,0.1,20.342004359151026,20.342004359151026,3.644191618089397,9.640740612399581,20.342004359151026
21.8926998,0.25,25.75305422122791,0.1,30.042075856368673,30.042075856368673,6.868111938727599,16.095658888267423,30.042075859431254
15.7955153,0.25,44.15339855116496,0.1,48.847447667525294,48.847447667525294,12.30720974207749,27.595874094477733,48.847447667525294
