Time,Probability,RiskPremium,T0,T1,T2,Z,Expected,CVaR
86.3852478,0.25,25.148049347101914,0.1,25.665703476034764,25.665703476034764,8.734947641573315,11.43093152140997,25.665703476034764
24.9643668,0.25,52.74384253229908,0.09999999999999432,48.839013676705875,48.839013676705875,20.066779724103146,23.974473878317614,48.83901367796996
26.0201517,0.25,22.114005381724606,0.1,22.14440042216466,22.14440042216466,7.82978182583096,10.051820628056566,22.144400421876824
17.4748603,0.25,22.67317488999557,0.1,23.13238301192828,23.13238301192828,7.877948254685609,10.3059885863617,23.13238301192828
13.4330248,0.25,36.78191467078788,0.09999999999999432,32.68675932081586,32.68675932081586,14.474165027424823,16.719052123085348,32.68675932387844
29.5619926,0.25,61.85646416867515,0.1,51.079720651221386,51.079720651221386,25.702788438526493,28.116574622124862,51.07972064504944
