Time,Probability,RiskPremium,T0,T1,T2,Z,Expected,CVaR
34.5470992,0.25,18.921589547804214,0.09999999999999432,24.43317590251683,24.43317590251683,4.465535476749524,11.130346792825975,24.433175905740477
8.8691213,0.25,40.418586799081666,0.1,48.023415943057266,48.023415943057266,10.581003343048467,23.775639293577395,48.023415943399975
13.1696599,0.25,15.719568694579312,0.1,18.802648522966546,18.802648522966546,4.083802727993765,9.24680511445857,18.802648522966546
6.9123388,0.25,15.792041212020031,0.1,18.967545376166676,18.967545376166676,4.083077862675403,9.289436007070575,18.967545376166676
10.327907,0.25,27.15947083209319,0.09999999999999076,29.573450655422278,29.573450655422278,7.783988682725118,15.97615931299591,29.57345065848486
29.7667765,0.25,46.869154121632135,0.1,48.74680222574635,48.74680222574635,14.004885570357564,27.570090659783702,48.74680222574635
