Time,Probability,RiskPremium,T0,T1,T2,Z,Expected,CVaR
25.8576672,0.25,27.838371000373087,0.1,63.17809376188807,156.54192510569595,8.765438402191165,15.46576166687393,51.53747097995397
23.7775521,0.25,53.17315561237408,0.1,63.6545343968845,159.2186616820817,18.121494289537125,29.540642006874442,84.65083516649952
22.7666329,0.25,21.85036105050614,0.1,36.7901540834119,70.95489073513308,7.432782711287422,12.139089472503418,34.92397813965663
22.8557374,0.25,21.85446669589438,0.1,36.81050410629964,70.14192940826788,7.465355710166171,12.14137038660799,34.61877637781018
21.240704,0.25,37.87009752364045,0.1,38.121498083200855,91.54684087940345,13.036334149476355,21.038943068689104,58.9871461234396
22.0329435,0.25,66.27671508529724,0.1,63.62646810097078,169.065317266968,22.750057260526237,36.820397269609536,103.88300282122408
