Time,Probability,RiskPremium,T0,T1,T2,Z,Expected,CVaR
24.3557041,0.2,21.73205205052208,0.09999999999999432,28.780779813405367,28.780779813405367,7.697019116172715,10.348596214534295,28.780779813609534
18.366982,0.2,42.77934389862774,0.09999999999998366,50.480119226449204,50.480119226449204,16.38642713957486,20.37111614220375,50.480119226449204
17.4677362,0.2,19.236343921623764,0.1,25.359184269538726,25.359184269538726,6.836376048527392,9.160163772201752,25.359184276674977
21.9423378,0.2,19.30277663563724,0.09999999999999609,25.121644046995137,25.121644046995137,6.925009106836113,9.191798397922472,25.12164405231561
17.4527546,0.2,30.70375432972746,0.1,34.362479551107356,34.362479551107356,12.134590103419448,14.620835395108221,34.362479551107356
13.6324808,0.2,51.63944877522495,0.1,58.15188650203069,58.15188650203069,20.33690051282834,24.590213702488136,58.15188650203069
