Time,Probability,RiskPremium,T0,T1,T2,Z,Expected,CVaR
57.9869865,0.2,26.770254622887798,0.09999999999999609,26.241148743995474,26.241148743995474,10.324849653536774,9.914909119588026,26.241148743995474
26.9805857,0.2,54.164927767651356,0.09999999999999076,48.57514955129976,48.57514955129976,22.698217331971325,20.061084358389362,48.57514955161578
11.2566931,0.2,22.999989265809425,0.1,21.660406742222836,21.660406742222836,9.224717843184902,8.518514542892374,21.660406742222836
32.1846724,0.2,23.445447575255663,0.1,22.202113794697972,22.202113794697972,9.354502594080381,8.683499101946461,22.202113800018445
11.4505929,0.2,37.8901998395097,0.1,30.961716070619623,30.961716070619623,17.085469001256953,14.033407347966698,30.961716073682204
14.3846424,0.2,63.226227497392735,0.1,51.19207908887954,51.19207908887954,28.6991230846426,23.417121295330684,51.19207908887954
