Time,Probability,RiskPremium,T0,T1,T2,Z,Expected,CVaR
18.2564684,0.2,25.6616159078708,0.1,35.3539377360784,35.3539377360784,10.87488458585457,11.157224307769948,35.3539377360784
23.6013904,0.2,49.270949555264885,0.1,58.6791428531228,58.6791428531228,22.260248943829033,21.42215198054994,58.6791428531228
23.663562,0.2,21.714655072499728,0.1,27.594014859557713,27.594014859557713,9.550571620050052,9.441154379347692,27.594014866693964
19.7008787,0.2,21.87427364258136,0.1,27.57409466685812,27.57409466685812,9.65418874695908,9.51055375764406,27.574094677499062
19.2229181,0.2,37.897495077197625,0.1,38.121498083200855,50.88552163724593,16.259070824820327,16.477171772694625,50.88552163724593
17.1930082,0.2,66.63437703366576,0.1,63.62646810097078,94.79429547229147,27.789484678641305,28.97146827550699,94.79429547229147
