Time,Probability,RiskPremium,T0,T1,T2,Z,Expected,CVaR
21.8425612,0.25,41.757556500559694,0.1,63.17809376188807,156.54192510569595,15.470282039761734,15.46576166687393,51.53747097995397
15.837874,0.25,79.75973341856117,0.1,63.6545343968845,159.21866168208157,33.68603346379912,29.540642006874442,84.65083516649952
18.5599745,0.25,32.77554157575918,0.1,36.7901540834119,70.95489073513308,13.800985503109802,12.139089472503418,34.92397813965663
22.8787707,0.25,32.78170004384159,0.1,36.81050410629964,70.14192940826788,13.897107859872955,12.14137038660799,34.61877637781018
21.4095759,0.25,56.8051462854606,0.1,38.121498083200855,91.54684087940345,24.381742300346385,21.038943068689104,58.9871461234396
19.0958455,0.25,99.4150726279459,0.1,63.62646810097078,169.065317266968,42.47589369285199,36.820397269609536,103.88300282122408
