Time,Probability,RiskPremium,T0,T1,T2,Z,Expected,CVaR
21.6944411,0.2,30.60818848825421,0.1,41.787211476019046,41.787211476019046,14.333583606746197,11.772380187790073,41.78721147924272
18.9366228,0.2,56.49156492205566,0.09999999999999432,61.948473029118546,61.948473029118546,28.730897742980158,21.72752497002128,61.94847303038263
16.7525224,0.2,24.89844491978368,0.1,29.02014433519129,29.02014433519129,12.405547044659103,9.576324969147574,29.02014434232754
35.9507928,0.2,24.92923651135222,0.1,28.376389464861028,28.376389464861028,12.522835385988705,9.588167888981623,28.376389464861028
16.5011299,0.2,43.569898398903376,0.1,38.121498083200855,53.84852960466462,21.248613712408325,16.75765323034742,53.84852960466462
13.9783042,0.2,75.57967959146538,0.1,63.62646810097078,95.8185070135839,36.49816213452577,29.069107535179015,95.8185070135839
