Time,Probability,RiskPremium,T0,T1,T2,Z,Expected,CVaR
22.0700962,0.25,34.02467566712265,0.1,63.17809376188807,156.54192510569595,14.012081004349962,15.46576166687393,45.77798163953224
23.4596712,0.25,64.98941241512381,0.1,63.6545343968845,159.2186616820817,28.383088826207608,29.540642006874442,76.6451858871527
20.9374165,0.25,26.70599683950753,0.1,36.7901540834119,70.95489073513308,11.520316312402354,12.139089472503418,32.44969650318193
20.4868586,0.25,26.711014850537577,0.1,36.81050410629964,70.14192940826788,11.554935357483203,12.14137038660799,32.23943109625061
19.4038136,0.25,46.285674751116105,0.1,38.121498083200855,91.54684087940345,20.274201532210135,21.038943068689104,54.18914407013498
16.516929,0.25,81.0048739931411,0.1,63.62646810097078,169.065317266968,35.552206948964844,36.820397269609536,94.36886243338787
