Time,Probability,RiskPremium,T0,T1,T2,Z,Expected,CVaR
71.3802708,0.15,14.60241085566049,0.1,20.679352191923687,20.679352191923687,3.531134912714902,6.953528978885943,20.679352192417937
43.9587504,0.15,32.56857755006753,0.1,47.37750251951569,47.3775025195157,7.499134277523677,15.508846452412953,47.3775025195157
44.2844539,0.15,13.338848953416823,0.1,17.790797143132227,17.79079714313222,3.55532682600485,6.3518328349603825,17.79079714313223
26.0749382,0.15,13.420829068334122,0.1,17.874509340643677,17.874509340643677,3.5848665766963532,6.390870984920938,17.874509340643684
61.5452568,0.15,23.272745920085157,0.1,29.199675131091098,29.199675131091098,6.7552614064773095,11.08225996194534,29.19967513415368
46.9307315,0.15,37.8612623396637,0.1,48.711789762384164,48.711789762384164,10.627304631060639,18.02917254269705,48.711789762384164
