Time,Probability,RiskPremium,T0,T1,T2,Z,Expected,CVaR
44.5715776,0.2,17.69108005565017,0.09999999999999609,21.698254399014374,21.698254399014374,4.34708999565971,8.845540027825077,21.698254405440604
20.2654553,0.2,39.50707291443312,0.09999999999999076,47.20366701499103,47.20366701499103,10.145990761950308,19.75353645721656,47.203667015120246
17.4106115,0.2,14.45809480246229,0.1,15.940637859485149,15.940637859485149,4.179990738344509,7.229047401231141,15.9406378666214
51.7876072,0.2,14.279280760738267,0.1,15.32532005864926,15.32532005864926,4.274652492971099,7.139640380369132,15.32532005864926
33.1944019,0.2,27.234669106320908,0.09999999999999076,29.00344746828832,29.00344746828832,8.232195031793887,13.617334553160454,29.003447471350903
43.8551596,0.2,45.771757892800714,0.09999999999614582,48.57524580512359,48.57524580512359,13.89460054800762,22.885878946400357,48.57524579895165
