Time,Probability,RiskPremium,T0,T1,T2,Z,Expected,CVaR
15.2468285,0.1,11.007201852271894,0.1,21.93060784247721,21.93060784247721,2.218199541564099,5.503600926135947,21.930607848995077
13.4130723,0.1,18.608665390921562,0.1,37.3100065344459,37.3100065344459,3.7031979274109403,9.30433269546078,37.31000653570998
10.7368076,0.1,10.19295412357189,0.09999999999999609,19.89955744955127,19.89955744955127,2.1358609839302884,5.096477061785945,19.899557451064286
33.9953484,0.1,10.23901588742358,0.1,20.121453798186995,20.121453798186995,2.119118772815295,5.119507943711787,20.121453798194363
38.7631153,0.1,15.911453198856973,0.1,29.745202504109226,29.745202504109226,3.597831418675602,7.955726599428487,29.745202503192935
16.4260591,0.1,25.941729595767654,0.09999999999998721,48.85981999236673,48.85981999236673,5.793073760149149,12.970864797883825,48.85981998655705
