Time,Probability,RiskPremium,T0,T1,T2,Z,Expected,CVaR
49.5039731,0.25,31.038407516074077,0.09999999999998721,35.04091809028096,35.04091809028096,13.684088058681828,12.93266979836422,35.04091809350461
20.6601363,0.25,61.73813499460922,0.1,59.55980478963396,59.55980478963396,29.246795704893174,25.72422291442063,59.55980479089804
52.9440339,0.25,26.242893895719178,0.1,26.978837437901756,26.978837437901756,12.09949510979609,10.934539123216263,26.978837436750403
15.2645965,0.25,26.464547666231176,0.09999999999999609,27.268509496055277,27.268509496055277,12.189329878276402,11.026894860929673,27.268509496055277
11.6854756,0.25,47.9735484291021,0.1,38.121498083200855,52.12349002677962,21.5576676140454,19.988978512125893,52.12349002677962
7.9221945,0.25,84.90258767598802,0.1,63.62646810097078,94.40871611589405,37.719981894146564,35.37607819832822,94.40871611589405
