Time,Probability,RiskPremium,T0,T1,T2,Z,Expected,CVaR
18.9185475,0.15,20.751531191857705,0.1,63.178093761888086,109.79111751075698,6.2716348462583715,10.375765595928852,37.736637260398794
14.4588283,0.15,37.09045117913568,0.1,63.6545343968845,159.2186616820817,11.945408111225154,18.54522558956784,62.54400877851889
18.9613432,0.15,17.056227405564382,0.1,36.7901540834119,61.68383187206888,5.512594078214283,8.528113702782191,28.631577866568378
14.4669391,0.15,17.06079625224313,0.1,36.81050410629964,59.60930820403673,5.531888998090844,8.530398126121549,28.520458979659754
13.5470226,0.15,27.18734098200616,0.1,38.121498083200855,91.54684087940345,9.369972864333246,13.59367049100308,41.75165466880207
17.2284651,0.15,45.811247348762045,0.1,63.62646810097078,169.06531726696798,15.37778071912226,22.905623674380998,73.09124337610605
