Time,Probability,RiskPremium,T0,T1,T2,Z,Expected,CVaR
64.9841439,0.25,33.994082418952104,0.09999999999999076,29.410962014002376,29.410962014002376,15.808762294237605,12.140743721054259,29.410962017226023
23.1327688,0.25,69.7939256201052,0.1,53.94698687419434,53.94698687419434,34.71031890902738,24.926402007180236,53.94698687545842
23.2713788,0.25,30.041975187073557,0.1,25.549878728222456,25.549878728222456,14.12548767845665,10.729276852526148,25.549878727071114
22.6065147,0.25,30.140421898263913,0.09999999999999787,25.47486020889296,25.47486020889296,14.227337170197227,10.764436392237041,25.47486020889296
18.2694249,0.25,54.498930045119295,0.1,38.121498083200855,48.55113037960528,24.854497080354786,19.463903587542607,48.55113037960528
12.1899129,0.25,85.30007627094167,0.1,63.18438788689194,63.18438788689194,43.383737094809916,30.464312953907747,63.184387874548044
