Time,Probability,RiskPremium,T0,T1,T2,Z,Expected,CVaR
112.061869,0.25,28.715844832247768,0.09999999999999432,28.36963915560395,28.36963915560395,11.829498341860537,11.964935346769979,28.369639158827596
20.5836405,0.25,59.257064773892274,0.1,52.55912381941123,52.55912381941123,26.206017068637763,24.69044365578836,52.55912382067531
17.9866623,0.25,25.521604658927323,0.09999999999999787,24.986446081982315,24.986446081982315,10.581869475478852,10.63400194121968,24.986446081982315
14.0609336,0.25,25.659561853548592,0.09999999999999787,25.044989163621366,25.044989163621366,10.662026231220766,10.691484105645245,25.044989161253653
16.7365582,0.25,42.18941117104706,0.1,37.06887821730653,37.06887821730653,18.763502780966366,17.57892132126967,37.06887821730653
11.7060281,0.25,72.42016356467862,0.1,61.494405681605606,61.494405681605606,32.849294153832226,30.17506815194951,61.494405681605606
