Time,Probability,RiskPremium,T0,T1,T2,Z,Expected,CVaR
15.202563,0.15,20.751531191857705,0.1,63.178093761888086,109.79111751075698,7.222530375158112,10.375765595928852,41.90811780363635
16.9552578,0.15,37.09045117913568,0.1,63.6545343968845,159.2186616820817,13.670581346180231,18.54522558956784,67.29166802344398
15.1162347,0.15,17.056227405564382,0.1,36.7901540834119,61.68383187206888,6.242645488453977,8.528113702782191,31.38279584606454
17.0242201,0.15,17.06079625224313,0.1,36.81050410629964,59.60930820403673,6.271723576501459,8.530398126121549,31.11714362232266
13.1806761,0.15,27.18734098200616,0.1,38.121498083200855,91.54684087940345,10.391076099643449,13.59367049100308,45.61961440459937
14.0632079,0.15,45.811247348762045,0.1,63.62646810097078,169.06531726696798,17.11515065424082,22.905623674380998,80.81035387578319
