Time,Probability,RiskPremium,T0,T1,T2,Z,Expected,CVaR
14.6353514,0.1,19.274855666766193,0.1,63.178093761888086,109.79111751075695,8.684735499648514,7.7099422667064745,36.51172127081854
23.9092868,0.1,31.962658735559213,0.1,63.6545343968845,159.2186616820817,14.471565761741852,12.785063494223687,59.84535829016043
17.6615896,0.1,16.242479938898878,0.1,36.7901540834119,61.683831872068886,7.476650674718144,6.496991975559554,29.185364861771397
20.0184377,0.1,16.247981452832295,0.1,36.81050410629964,58.73116960119909,7.470840075753468,6.499192581132909,29.278680540592017
20.9691358,0.1,23.812230910427836,0.1,38.121498083200855,75.85949867597274,11.223307115734261,9.524892364171135,40.16520666939552
17.1990369,0.1,39.41606262233655,0.1,63.62646810097078,121.6785427124816,18.478584234243485,15.766425048934627,67.47695844051894
