Time,Probability,RiskPremium,T0,T1,T2,Z,Expected,CVaR
20.6691179,0.15,10.266893103660438,0.1,14.455690838718791,14.455690838718791,1.6950431424967667,5.403627949295013,14.455690840348266
5.24233,0.15,22.0032040386473,0.1,31.458446312673807,31.458446312673807,3.4653359212532138,11.580633704551229,31.458446312673807
33.3488239,0.15,10.502848519623884,0.1,14.257372738358544,14.257372738358544,1.9196883039554091,5.527815010328356,14.257372739871546
22.2647252,0.15,10.540389857614914,0.1,14.257358810867856,14.257358810867856,1.944391427265014,5.547573609270994,14.257358812353447
9.9813246,0.15,20.46700927788579,0.1,27.995912626635896,27.995912626635896,3.666568263229035,10.772110146255665,27.99591262740154
18.7672896,0.15,33.966525354474605,0.1,48.11747276795947,48.11747276795947,5.50528279505747,17.877118607618165,48.117472755615516
