Time,Probability,RiskPremium,T0,T1,T2,Z,Expected,CVaR
27.5154893,0.2,19.043757336529513,0.09999999999999432,26.823933423649613,26.823933423649613,5.6605465100556485,10.023030177120768,26.823933423886015
7.1523335,0.2,38.20934800647901,0.09999999999999432,48.84643621076851,48.84643621076851,12.351914235028614,20.11018316130478,48.84643621203259
6.8562655,0.2,16.5833011722481,0.1,22.78838962083905,22.78838962083905,5.043180649238979,8.728053248551662,22.78838962083905
7.4925918,0.2,16.794200829074057,0.1,23.03803870475962,23.03803870475962,5.115350632711074,8.839053067933742,23.038038710080095
8.3473263,0.2,27.16131419728709,0.1,32.37170456960422,32.37170456960422,9.250630463455884,14.295428524887804,32.37170456960422
15.7274443,0.2,44.833928737930044,0.10000000000000853,52.15727858483713,52.15727858483713,15.525029343068756,23.596804598910552,52.15727857866516
