Time,Probability,RiskPremium,T0,T1,T2,Z,Expected,CVaR
9.7565095,0.1,0.0,2.0,0.0,0.0,-0.0,0.0,0.0
12.2612837,0.1,0.0,2.0,0.0,0.0,-0.0,0.0,0.0
9.8692969,0.1,0.0,2.0,0.0,0.0,-0.0,0.0,0.0
9.6836761,0.1,0.0,2.0,0.0,0.0,-0.0,0.0,0.0
11.0153997,0.1,0.0,2.0,0.0,0.0,-0.0,0.0,0.0
8.8121703,0.1,0.0,2.0,0.0,0.0,-0.0,0.0,0.0
