Time,Probability,RiskPremium,T0,T1,T2,Z,Expected,CVaR
23.3731936,0.15,15.999779837843016,0.1,26.123133143747122,26.123133143747122,4.3752412726528025,7.999889918921508,26.123133150265016
59.0174997,0.15,31.469740776442453,0.09999999999999076,48.56031654757594,48.56031654757594,9.16978115633132,15.734870388221227,48.56031654767067
20.5627695,0.15,13.87895340046667,0.1,20.86319167527914,20.86319167527914,4.1547337049214965,6.93947670023333,20.863191676792567
26.3592601,0.15,14.063676975823112,0.1,21.22759513605485,21.22759513605485,4.192687157985796,7.03183848791155,21.22759513754044
16.9583811,0.15,22.628427574705597,0.1,30.46837535988429,30.46837535988429,7.483381472229951,11.314213787352799,30.468375362967304
8.9972687,0.15,36.70696258232392,0.09999999999998721,50.5509595342769,50.5509595342769,11.913985643773408,18.353481291161938,50.550959528104926
