Time,Probability,RiskPremium,T0,T1,T2,Z,Expected,CVaR
20.124111,0.2,25.87954909726861,0.09999999999999432,32.03161328935613,32.03161328935613,10.846710072996473,10.78314545719525,32.031613292579806
22.9477431,0.2,50.40505490417781,0.09999999999999076,54.927657980838504,54.927657980838504,22.617838339698043,21.00210621007395,54.92765798210259
18.0159336,0.2,22.348763616367826,0.09999999999999609,26.447226760659905,26.447226760659905,9.6097303917564,9.311984840153267,26.447226762443968
16.9359412,0.2,22.589204668288797,0.09999999999999432,26.71037076396596,26.71037076396596,9.717395625001943,9.412168611786994,26.710370769286435
17.8664189,0.2,35.8570947413561,0.1,36.703348957459646,36.703348957459646,16.564060035466284,14.940456142231758,36.703348960522206
15.142939,0.2,60.63427949409983,0.1,62.957594238966536,62.957594238966536,27.831334150741977,25.264283122541663,62.957594226622646
