Time,Probability,RiskPremium,T0,T1,T2,Z,Expected,CVaR
20.4616812,0.05,9.191002626016703,0.1,24.51642721076272,24.51642721076272,1.5644571465258814,3.40407504667286,24.51642721076272
44.3033291,0.05,13.156043656313658,0.1,34.99783298937379,34.99783298937379,2.258390049160763,4.87260876159764,34.99783298937379
21.4011834,0.05,9.065595250540797,0.1,23.996451657608105,23.996451657608105,1.5802026225626509,3.357627870570668,23.996451657608105
12.8742373,0.05,9.16498121646227,0.1,24.14938637672675,24.14938637672675,1.6195539510540353,3.3944374875786165,24.14938637672675
10.4913764,0.05,12.487767433000284,0.1,32.66600336027285,32.66600336027285,2.2544875222712664,4.625099049259361,32.66600335660769
8.2573975,0.05,19.960821556636954,0.1,52.44996802595466,52.44996802595466,3.556510454345165,7.392896872828503,52.44996802014498
