Time,Probability,RiskPremium,T0,T1,T2,Z,Expected,CVaR
44.2316243,0.25,27.984962220961595,0.09999999999999787,29.575862589380076,29.575862589380076,11.46546541380147,12.167374878678993,29.575862592603723
21.9030036,0.25,57.35766776706774,0.1,54.019372139267674,54.019372139267674,25.149237416586733,24.938116420464166,54.01937214053176
22.5273278,0.25,24.695278617058182,0.1,25.598018154879465,25.598018154879465,10.242965833933283,10.737077659590527,25.598018153728116
23.650844,0.25,24.808216430886535,0.1,25.608915226028348,25.608915226028348,10.31635183169904,10.78618105690719,25.608915226028348
23.9171542,0.25,44.872170311951805,0.1,38.121498083200855,48.833108456281224,18.03166374833197,19.509639266066024,48.833108456281224
12.2866147,0.25,70.12616993726378,0.1,63.34084889238278,63.34084889238278,31.423728386799546,30.4896391031581,63.34084889238278
