Time,Probability,RiskPremium,T0,T1,T2,Z,Expected,CVaR
12.5659221,0.05,13.17904593083434,0.1,63.178093761888086,109.79111751075692,6.059331462452569,4.544498596839426,30.29665731226287
10.8366334,0.05,20.126211079666493,0.1,63.6545343968845,119.67234110440711,9.253430381455864,6.940072786091891,46.267151907279256
13.5132156,0.05,11.464201534360976,0.1,36.7901540834119,61.68383187206887,5.270897257177458,3.953172942883093,26.35448628588731
11.1197119,0.05,11.470233262421226,0.1,36.81050410629964,58.05967081709798,5.273670465481022,3.9552528491107646,26.3683523274051
24.1294826,0.05,14.928448739716236,0.1,38.12149808320086,75.85949867597273,6.863654592972981,5.147740944729735,34.31827296486488
14.9813642,0.05,24.549361437726827,0.1,63.6264681009708,121.67854271248154,11.287062729989351,8.465297047492005,56.4353136499467
