Time,Probability,RiskPremium,T0,T1,T2,Z,Expected,CVaR
18.9997624,0.2,26.191639881238416,0.1,63.17809376188807,156.54192510569598,8.935363330317799,13.095819940619208,54.70038604363338
20.055708,0.2,48.37666248837122,0.1,63.6545343968845,159.2186616820817,17.97385288984898,24.188331244185548,86.3331147875522
18.9568848,0.2,20.793405309284807,0.1,36.7901540834119,70.95489073513308,7.7217226780646895,10.396702654642404,37.14650242041974
18.0758734,0.2,20.7977939213624,0.1,36.81050410629964,70.1419294082679,7.793260699692086,10.3988969606812,36.45525957057242
19.7410985,0.2,34.76908444366047,0.1,38.121498083200855,91.54684087940345,13.128909372830066,17.384542221830234,59.9408707118324
15.5697374,0.2,59.856012010570446,0.1,63.62646810097078,169.065317266968,22.485508365374454,29.92800600528522,104.35298240439263
