Time,Probability,RiskPremium,T0,T1,T2,Z,Expected,CVaR
29.6816657,0.1,11.830099565881268,0.1,21.185505506054024,21.185505506054024,2.5007346993696773,5.3773179844914525,21.18550551257189
13.0289632,0.1,19.675465681740132,0.1,35.179409588768735,35.179409588768735,4.173068165456805,8.943393491700046,35.17940959003282
21.1074864,0.1,11.015989494355818,0.09999999999999609,19.372134906475207,19.372134906475207,2.4175048033737934,5.0072679519799195,19.372134907988215
27.5327785,0.1,11.042706318252566,0.1,19.530033171341245,19.530033171341245,2.3956390532856613,5.019411962842099,19.530033171341245
20.1294035,0.1,17.441112578617133,0.09999999999999998,29.580331790061916,29.580331790061916,4.100195798398449,7.927778444825917,29.58033178639675
32.1122137,0.1,28.526206135697205,0.09999999999998721,48.83363164724355,48.83363164724355,6.592955224532795,12.966457334407925,48.83363164143387
