Time,Probability,RiskPremium,T0,T1,T2,Z,Expected,CVaR
12.9526696,0.05,12.270146211466464,0.1,63.178093761888086,109.79111751075692,2.272249298419723,4.544498596839426,22.722492984197146
10.1376978,0.05,18.738196522448103,0.1,63.6545343968845,119.67234110440711,3.4700363930459464,6.940072786091891,34.700363930459446
12.1695198,0.05,10.67356694578436,0.1,36.7901540834119,61.68383187206887,1.9765864714415515,3.953172942883093,19.765864714415475
18.5004094,0.05,10.679182692599078,0.1,36.81050410629964,58.05967081709798,1.9776264245553885,3.9552528491107646,19.77626424555384
13.7439406,0.05,13.898900550770293,0.1,38.12149808320086,75.85949867597273,2.5738704723648733,5.147740944729735,25.738704723648695
9.8940879,0.05,22.856302028228427,0.1,63.6264681009708,121.67854271248154,4.232648523746014,8.465297047492005,42.32648523746003
