Time,Probability,RiskPremium,T0,T1,T2,Z,Expected,CVaR
5.4802801,0.15,21.789107751450608,0.1,63.178093761888086,109.79111751075698,6.683489324365643,10.375765595928852,41.90811780363635
6.0536934,0.15,38.944973738092486,0.1,63.6545343968845,159.2186616820817,13.087781783443205,18.54522558956784,67.29166802344398
5.7482395,0.15,17.909038775842596,0.1,36.7901540834119,61.68383187206888,5.952722751568072,8.528113702782191,31.38279584606454
5.3699988,0.15,17.91383606485529,0.1,36.81050410629964,59.60930820403673,5.995426114303566,8.530398126121549,31.11714362232266
6.4744577,0.15,28.546708031106427,0.1,38.121498083200855,91.54684087940345,10.149145953063917,13.59367049100308,45.61961440459937
5.9866096,0.15,48.101809716200115,0.1,63.62646810097078,169.06531726696798,16.510476511608758,22.905623674380998,80.81035387578319
