Time,Probability,RiskPremium,T0,T1,T2,Z,Expected,CVaR
19.3653737,0.25,20.694693635218563,0.1,23.564145148980952,23.564145148980952,5.367479219898492,10.891944018536016,23.5641451522046
35.2234426,0.25,44.885251613326396,0.0999999999999858,47.45987377986776,47.45987377986776,12.91881497484485,23.623816638593002,47.45987378113185
10.6910049,0.25,16.77656876804207,0.09999999999999787,17.272241438443892,17.272241438443892,4.991931791712155,8.82977303581157,17.272241437292543
31.5543076,0.25,17.015924685691967,0.1,17.747799524159575,17.747799524159575,4.982957459762511,8.9557498345748,17.747799524159575
6.7885671,0.25,30.195659532393556,0.09999999999999076,29.259028686918107,29.259028686918107,9.624905440344687,15.89245238547025,29.25902868998069
19.5443056,0.25,52.29506101176662,0.1,48.57489445204359,48.57489445204359,17.40343234480279,27.52371632198201,48.5748944505006
