Time,Probability,RiskPremium,T0,T1,T2,Z,Expected,CVaR
34.1995682,0.1,12.962159359689428,0.10000000325891989,19.08270750603603,19.08270750603603,2.3378088114278053,4.985445907572863,19.082707509294803
44.635913,0.1,21.867780767487833,0.1,32.328616063207996,32.328616063207996,3.8899233958607438,8.410684910572234,32.328616063209324
58.0985667,0.1,12.259594417257423,0.10000000073395263,17.81842524970601,17.81842524970601,2.303087143556549,4.715228622022084,17.818425251219022
12.6709268,0.1,12.219308760304504,0.1,17.825175507781243,17.825175507781243,2.269398072090954,4.699734138578629,17.825175512665904
26.0980058,0.1,20.43050591062903,0.1,29.19967513109111,29.19967513109111,4.035903724970539,7.857886888703482,29.19967513109111
21.9696145,0.1,33.63959176256979,0.10000000000000213,48.6818386947969,48.68183870060659,6.403873570201473,12.938304524065286,48.68183869482273
