Time,Probability,RiskPremium,T0,T1,T2,Z,Expected,CVaR
12.2733369,0.05,-1.0428584573674014e-11,2.0,0.0,-3.1845320252129264e-9,-7.386933020825382e-12,-4.3452435723641734e-12,6.315935428978667e-17
10.8856147,0.05,6.263974228204461e-12,2.0,3.91497678720043e-9,3.91497678720043e-9,4.436962797171873e-12,2.6099892617518586e-12,6.315935428978667e-17
26.0702903,0.05,1.4524965763484942e-11,0.1,0.0,0.0,-1.8156301943387578e-12,6.052069068118726e-12,4.034715870046865e-11
16.8660426,0.05,5.974823125143302e-12,2.0,3.7342573477872065e-9,3.7342573477872065e-9,4.2321569064066954e-12,2.4895096354763763e-12,3.1579677144893335e-17
12.3752267,0.05,5.8642172007239416e-12,2.0,3.6651641721618944e-9,3.6651641721618944e-9,4.153811043276314e-12,2.4434238336349755e-12,3.1579677144893335e-17
10.1605988,0.05,3.4106051316484806e-17,2.0,5.809681624668883e-9,5.809681624668883e-9,-2.3211062701496598e-17,1.4210854715202004e-17,1.578983857244667e-16
