Time,Probability,RiskPremium,T0,T1,T2,Z,Expected,CVaR
68.3973849,0.25,27.6083076138558,0.09999999999999609,25.991512352290606,25.991512352290606,10.309625768186207,11.50346150577319,25.991512355514253
20.6897472,0.25,57.538737307962215,0.09999999999999432,48.839013676705875,48.839013676705875,23.618447509783508,23.974473878317614,48.83901367796996
56.3585038,0.25,24.227855818315245,0.1,22.3373563986334,22.3373563986334,9.235949304743501,10.09493992429803,22.33735639748205
22.1940436,0.25,24.81965050677992,0.09999999999999432,23.29221315287908,23.29221315287908,9.297852619874064,10.34152104449159,23.29221315052715
25.8211831,0.25,40.10753136553666,0.1,32.65200989307759,32.65200989307759,17.01984456569651,16.71147140230691,32.652009896140164
15.7075037,0.25,67.64441468454244,0.1,51.38622079908026,51.38622079908026,30.17882269376291,28.185172785226268,51.38622079910924
