Time,Probability,RiskPremium,T0,T1,T2,Z,Expected,CVaR
12.7532028,0.15,18.78300771472305,0.1,25.12003659775596,25.12003659775596,5.768619483313294,7.826253214467942,25.120036604273853
51.6973281,0.15,37.71295565264654,0.09999999999999432,48.43528074858692,48.43528074858692,12.182759362679857,15.713731521936088,48.4352807487049
11.4558079,0.15,16.445037218365794,0.09999999999999609,20.352621574472185,20.352621572959183,5.542781557334126,6.85209884098577,20.352621574472185
18.4952991,0.15,16.606321561071844,0.1,20.567211194337116,20.567211194337116,5.592647745675391,6.919300650446596,20.567211200279477
13.5058769,0.15,26.972844750773138,0.1,30.02879847911213,30.02879847911213,10.097125487145309,11.238685312822037,30.02879848217471
54.8249376,0.15,43.55779928359698,0.1,49.352713948747706,49.352713948747706,16.047626976441787,18.149083034832213,49.352713942575726
