Time,Probability,RiskPremium,T0,T1,T2,Z,Expected,CVaR
24.1073848,0.25,33.1826929316249,0.1,43.226283351254025,43.226283351254025,14.946546681836082,13.826122054843655,43.226283354477665
22.2855885,0.25,62.85086945059247,0.1,63.6545343968845,63.6545343968845,31.043006360641684,26.187862271079975,63.6545343968845
23.4915074,0.25,26.78324328647633,0.1,29.02014434232754,29.02014434232754,12.944489637833469,11.159684702698517,29.02014434232754
24.4623685,0.25,26.91897776222295,0.1,28.98193571066437,28.98193571066437,13.03788278150266,11.216240734259593,28.98193571066437
23.0980079,0.25,48.518794731841744,0.1,38.121498083200855,54.173810433924515,23.20898336589237,20.2161644716008,54.173810433924515
19.5862173,0.25,85.27633548054062,0.1,63.62646810097078,95.8185070135839,40.70152394581168,35.531806450225226,95.8185070135839
