Time,Probability,RiskPremium,T0,T1,T2,Z,Expected,CVaR
16.8545384,0.15,29.052143668600763,0.1,63.178093761888086,109.79111751075698,12.369907631130415,10.375765595928852,41.90811780363635
15.3383019,0.15,51.92663165079002,0.1,63.6545343968845,159.2186616820817,23.632117574446916,18.54522558956784,67.29166802344398
16.4808832,0.15,23.878718367790107,0.1,36.7901540834119,61.68383187206888,10.779668236351451,8.528113702782191,31.38279584606454
19.6858085,0.15,23.885114753140368,0.1,36.81050410629964,59.60930820403673,10.837367527778586,8.530398126121549,31.11714362232266
18.6778464,0.15,38.06227737480859,0.1,38.121498083200855,91.54684087940345,18.06341810108624,13.59367049100308,45.61961440459937
14.5208198,0.15,64.13574628826684,0.1,63.62646810097078,169.06531726696798,29.649176573605423,22.905623674380998,80.81035387578319
