Time,Probability,RiskPremium,T0,T1,T2,Z,Expected,CVaR
14.0621023,0.05,10.906796632414629,0.1,63.178093761888086,109.79111751075692,2.4994742282616897,4.544498596839426,30.29665731226287
36.3953738,0.05,16.65617468662054,0.1,63.6545343968845,119.67234110440711,3.817040032350538,6.940072786091891,46.267151907279256
25.567645,0.05,9.487615062919431,0.1,36.7901540834119,61.68383187206887,2.1742451185857044,3.953172942883093,26.35448628588731
26.8358716,0.05,9.49260683786584,0.1,36.81050410629964,58.05967081709798,2.175389067010923,3.9552528491107646,26.3683523274051
28.361069,0.05,12.354578267351366,0.1,38.12149808320086,75.85949867597273,2.831257519601359,5.147740944729735,34.31827296486488
18.427226,0.05,20.31671291398082,0.1,63.6264681009708,121.67854271248154,4.655913376120603,8.465297047492005,56.4353136499467
