Time,Probability,RiskPremium,T0,T1,T2,Z,Expected,CVaR
18.8483963,0.15,30.089720228193656,0.1,63.178093761888086,109.79111751075698,14.018777204756882,10.375765595928852,48.34361511264845
14.0748709,0.15,53.781154209746795,0.1,63.6545343968845,159.2186616820817,26.664997737383572,18.54522558956784,75.68476480820352
15.3888283,0.15,24.731529738068314,0.1,36.7901540834119,61.68383187206888,12.25428014498262,8.528113702782191,34.85568630480569
14.3560881,0.15,24.738154565752524,0.1,36.81050410629964,59.60930820403673,12.361256045490888,8.530398126121549,34.17373408705541
15.3265401,0.15,39.42164442390892,0.1,38.121498083200855,91.54684087940345,20.11819981156931,13.59367049100308,51.658831299913444
16.6256092,0.15,66.42630865570489,0.1,63.62646810097078,169.06531726696798,33.00266294765382,22.905623674380998,93.02577056551507
