Time,Probability,RiskPremium,T0,T1,T2,Z,Expected,CVaR
30.1911964,0.1,10.977664246149724,0.09999999999999609,19.104795724795927,19.104795724795927,1.7533323575261228,4.989847384613484,19.104795731313793
46.4040736,0.1,18.503506803370197,0.09999999999999076,32.328616063207996,32.328616063207996,2.9174425468770346,8.410684910622793,32.32861606352402
18.8296349,0.1,10.3704556182435,0.1,17.81149947075005,17.81149947075005,1.7273153577007698,4.713843462837977,17.81149945518714
20.4326372,0.1,10.339415104873012,0.1,17.825175507781243,17.825175507781243,1.7020485540681745,4.699734138578629,17.825175512665904
33.4384063,0.1,17.287351155142158,0.1,29.19967513109111,29.199675131091105,3.0269277937296755,7.857886888701039,29.199675131072556
11.1168256,0.1,28.46097047193539,0.1,48.6743147947339,48.6743147947339,4.802912701564884,12.936804759970574,48.67431479463692
