Time,Probability,RiskPremium,T0,T1,T2,Z,Expected,CVaR
21.7812417,0.2,19.80264929522894,0.1,33.903157740416525,33.903157740416525,6.511008873572811,11.001471830682757,33.903157740416525
18.1601105,0.2,38.180747270590246,0.1,56.714190937550114,56.714190937550114,13.418954541413724,21.211526261439,56.7141909388142
31.9101833,0.2,16.900670145105064,0.1,27.105718032289538,27.105718032289538,5.739763269323538,9.389261191725046,27.105718032289538
20.1196545,0.2,17.055484376540136,0.09999999999999609,27.241189951066662,27.241189951066662,5.8036231931634426,9.475269098077844,27.241189951066662
20.6633432,0.2,27.171322589557963,0.1,37.98344745853257,37.98344745853257,9.78731654892569,15.095179216421144,37.98344745853257
16.543217,0.2,51.98448941091376,0.1,63.62646810097078,93.9491671398328,16.59732799147359,28.88027189495201,93.9491671398328
