Time,Probability,RiskPremium,T0,T1,T2,Z,Expected,CVaR
16.7086311,0.15,30.089720228193656,0.1,63.178093761888086,109.79111751075698,13.407484190723306,10.375765595928852,41.90811780363635
15.2496232,0.15,53.781154209746795,0.1,63.6545343968845,159.2186616820817,25.48664013340369,18.54522558956784,67.29166802344398
16.8167404,0.15,24.731529738068314,0.1,36.7901540834119,61.68383187206888,11.632479606629655,8.528113702782191,31.38279584606454
19.3544177,0.15,24.738154565752524,0.1,36.81050410629964,59.60930820403673,11.690407340390742,8.530398126121549,31.11714362232266
18.8130226,0.15,39.42164442390892,0.1,38.121498083200855,91.54684087940345,19.422785150186574,13.59367049100308,45.61961440459937
12.5580513,0.15,66.42630865570489,0.1,63.62646810097078,169.06531726696798,31.939738941043423,22.905623674380998,80.81035387578319
