Time,Probability,RiskPremium,T0,T1,T2,Z,Expected,CVaR
23.2449777,0.25,35.57125183381,0.1,63.17809376188807,156.54192510569595,12.527435173771485,15.46576166687393,45.77798163953224
21.188032,0.25,67.94347661581133,0.1,63.6545343968845,159.2186616820817,26.626698638867282,29.540642006874442,76.6451858871527
22.4521772,0.25,27.919905786757884,0.1,36.7901540834119,70.95489073513308,10.703164556584857,12.139089472503418,32.44969650318193
23.2243164,0.25,27.925151889198364,0.1,36.81050410629964,70.14192940826788,10.759266325179725,12.14137038660799,32.23943109625061
20.3394165,0.25,48.389569057984936,0.1,38.121498083200855,91.54684087940345,19.06307573893434,21.038943068689104,54.18914407013498
25.4308228,0.25,84.68691372010194,0.1,63.62646810097078,169.065317266968,33.47940015954786,36.820397269609536,94.36886243338787
