Time,Probability,RiskPremium,T0,T1,T2,Z,Expected,CVaR
18.7343389,0.2,36.668295833733794,0.1,63.17809376188807,156.54192510569598,19.412019282813144,13.095819940619208,54.70038604363338
20.3238014,0.2,67.72732748371968,0.1,63.6545343968845,159.2186616820817,37.32451788519743,24.188331244185548,86.3331147875522
19.3705323,0.2,29.11076743299872,0.1,36.7901540834119,70.95489073513308,16.0390848017786,10.396702654642404,37.14650242041974
17.7861064,0.2,29.116911489907345,0.1,36.81050410629964,70.1419294082679,16.112378268237034,10.3988969606812,36.45525957057242
17.4108008,0.2,48.67671822112456,0.1,38.121498083200855,91.54684087940345,27.036543150294154,17.384542221830234,59.9408707118324
17.2208881,0.2,83.79841681479866,0.1,63.62646810097078,169.065317266968,46.42791316960271,29.92800600528522,104.35298240439263
