Time,Probability,RiskPremium,T0,T1,T2,Z,Expected,CVaR
21.7229265,0.05,13.17904593083434,0.1,63.178093761888086,109.79111751075692,6.816747895259139,4.544498596839426,22.722492984197146
12.8168871,0.05,20.126211079666493,0.1,63.6545343968845,119.67234110440711,10.410109179137846,6.940072786091891,34.700363930459446
12.3965002,0.05,11.464201534360976,0.1,36.7901540834119,61.68383187206887,5.929759414324641,3.953172942883093,19.765864714415475
12.1712983,0.05,11.470233262421226,0.1,36.81050410629964,58.05967081709798,5.932879273666152,3.9552528491107646,19.77626424555384
12.1022222,0.05,14.928448739716236,0.1,38.12149808320086,75.85949867597273,7.721611417094603,5.147740944729735,25.738704723648695
11.8619523,0.05,24.549361437726827,0.1,63.6264681009708,121.67854271248154,12.697945571238018,8.465297047492005,42.32648523746003
