Time,Probability,RiskPremium,T0,T1,T2,Z,Expected,CVaR
62.6236053,0.25,26.203346205275817,0.1,25.498681526543706,25.498681526543066,9.168218061880497,11.392759219685058,25.498681528960795
21.5175008,0.25,55.096741540961666,0.09999999999999076,48.751280890246974,48.751280890246974,21.22316617367159,23.95510501780904,48.75128089151106
20.8783826,0.25,22.443337643219092,0.1,20.863191679094843,20.863191679094843,8.243277239488586,9.757972888356086,20.86319167679214
19.7227696,0.25,23.252781870851738,0.1,22.284541708502317,22.284541708502317,8.273022091653946,10.109905161239892,22.284541706134604
14.2381436,0.25,37.910249678849205,0.09999999999999076,31.657427936070754,31.657427936070754,15.357648152191873,16.482717251673638,31.657427939133335
20.4155648,0.25,63.948899543847645,0.09999999999999432,49.72098737307409,49.72098737307409,27.378182976952694,27.80386936689017,49.72098736690214
