Time,Probability,RiskPremium,T0,T1,T2,Z,Expected,CVaR
17.3255143,0.15,25.657563659422568,0.09999999999999432,30.168604977359067,30.168604977359067,11.701021498597651,8.552521219807545,30.16860498387696
16.2293342,0.15,48.58946875756658,0.09999999999999076,52.33140063169799,52.33140063169799,23.359251409934384,16.196489585855524,52.33140063296207
13.4823704,0.15,22.779279259195924,0.1,25.549878727071114,25.549878727071114,10.696989762629203,7.593093086398583,25.549878727071114
11.847495,0.15,23.149791599105182,0.09999999999999609,26.06910177035514,26.06910177035514,10.845068255254454,7.7165971997017095,26.0691017762975
14.3591509,0.15,35.7737314758948,0.1,34.97069271377454,34.97069271377454,18.08762542847749,11.924577158631674,34.97069271377454
12.4815638,0.15,58.539262478384856,0.1,59.17013396520587,59.17013396520587,29.111913369030173,19.51308749279504,59.1701339590339
