Time,Probability,RiskPremium,T0,T1,T2,Z,Expected,CVaR
4.3892069,0.15,13.3046304645956,0.1,25.12003659775596,25.12003659775596,2.8843097416567787,7.826253214467942,25.120036604273853
13.2519059,0.15,26.71458339815635,0.09999999999999076,48.43943336513935,48.43943336513935,6.091376694259832,15.714460822445007,48.43943336545537
4.4877302,0.15,11.648568029675836,0.09999999999999609,20.352621574472185,20.352621572959183,2.771390778667145,6.85209884098577,20.352621574472185
5.4696509,0.15,11.762811105759138,0.1,20.567211194337116,20.567211194337116,2.7963238728376285,6.919300650446596,20.567211200279477
4.6422467,0.15,19.10576503179753,0.1,30.02879847911213,30.02879847911213,5.048562743572588,11.238685312822037,30.02879848217471
11.7380663,0.15,30.91020693122191,0.09999999999998721,49.54316272930077,49.54316272930077,8.023629057141571,18.18247466542472,49.54316272312878
