Time,Probability,RiskPremium,T0,T1,T2,Z,Expected,CVaR
16.3422648,0.15,23.285736805966987,0.1,34.32795622144867,34.32795622144867,10.523898646744351,8.956052617679608,34.32795622796657
16.9281672,0.15,43.34332049618563,0.1,57.1218951713789,57.1218951713789,20.605104519802705,16.670507883148318,57.1218951713789
15.0159018,0.15,20.179355685496066,0.1,27.251183729290982,27.251183729290982,9.49458107484791,7.761290648267708,27.251183730803984
13.7163316,0.15,20.4540803862645,0.09999999999999609,27.583830247154168,27.583830247154168,9.629594952790477,7.8669539947170986,27.58383025309653
12.9048591,0.15,31.266478153454322,0.1,36.096822888275554,36.096822888275554,15.630221477278152,12.025568520559363,36.096822891338135
14.5602989,0.15,51.71467192533571,0.1,62.99515024494701,62.99515024494701,25.358679721621296,19.890258432821394,62.99515023877504
