Time,Probability,RiskPremium,T0,T1,T2,Z,Expected,CVaR
7.1524195,0.05,-8.255962787491929e-12,2.0,0.0,-3.1845320252129264e-9,-4.997041950597728e-12,-4.3452435723641734e-12,4.736951571734002e-17
6.1219257,0.05,4.958979597328531e-12,2.0,3.91497678720043e-9,3.91497678720043e-9,3.0014758086357073e-12,2.6099892617518586e-12,4.736951571734002e-17
4.9658302,0.05,2.2997848958539185e-11,0.1,0.0,0.0,-1.2104131030810087e-12,1.2104131030810095e-11,6.052065515405047e-11
6.3070885,0.05,-4.7300584071763297e-11,2.0,0.0,0.0,-2.862930088554095e-11,-2.4895044248296476e-11,0.0
5.1221725,0.05,4.642505283906455e-12,2.0,3.6651641721618944e-9,3.6651641721618944e-9,2.8099314874907576e-12,2.4434238336349755e-12,2.368475785867001e-17
4.5742785,0.05,2.7000623958883807e-17,2.0,5.809681624668883e-9,5.809681624668883e-9,-1.326346440085521e-17,1.4210854715202004e-17,1.1842378929335005e-16
