Time,Probability,RiskPremium,T0,T1,T2,Z,Expected,CVaR
15.1634651,0.1,20.045849893436834,0.1,63.178093761888086,109.79111751075695,5.135462875702337,7.7099422667064745,36.51172127081854
11.9322682,0.1,33.24116508498158,0.1,63.6545343968845,159.2186616820817,8.691027891773693,12.785063494223687,59.84535829016043
12.3423986,0.1,16.892179136454835,0.1,36.7901540834119,61.683831872068886,4.723093939342328,6.496991975559554,29.185364861771397
20.3209249,0.1,16.897900710945585,0.1,36.81050410629964,58.73116960119909,4.703836139947882,6.499192581132909,29.278680540592017
12.123405,0.1,24.764720146844954,0.1,38.121498083200855,75.85949867597274,7.5797492063677225,9.524892364171135,40.16520666939552
13.4911767,0.1,40.99270512723004,0.1,63.62646810097078,121.6785427124816,12.298646730399343,15.766425048934627,67.47695844051894
