Time,Probability,RiskPremium,T0,T1,T2,Z,Expected,CVaR
35.3000641,0.15,23.071609649672563,0.1,27.678829332647748,27.678829332647748,9.000058437460165,8.239860589168755,27.678829332647755
23.582076,0.15,44.161055413180144,0.09999999999999432,48.80510585772315,48.80510585772315,18.479259802188952,15.7718055047071,48.80510585898723
11.9456341,0.15,20.339135001936917,0.1,22.97442640489606,22.97442640489606,8.362023329983838,7.2639767864060465,22.97442640489606
13.6733766,0.15,20.64236322188142,0.1,23.405686126503145,23.405686126503145,8.460066574894684,7.37227257924337,23.405686138387868
11.7256049,0.15,32.5785349815253,0.1,32.581470638167026,32.581470638167026,14.659460044693834,11.635191064830455,32.581470638167026
14.8737491,0.15,52.45824750037025,0.1,53.03288098592299,53.03288098592299,23.4338213313524,18.73508839298945,53.03288097975102
