Time,Probability,RiskPremium,T0,T1,T2,Z,Expected,CVaR
13.309494,0.1,16.46929102779607,0.1,25.913498749970863,25.913498749970863,5.4161132753971994,6.099737417702272,25.91349875648873
24.3021284,0.1,30.018858646741815,0.09999999999999076,48.766359488454455,48.766359488454455,9.488696927995022,11.118095795089527,48.76635948971854
11.901463,0.1,14.677387545386653,0.09999999999999432,22.229016724440648,22.229016724440648,5.043081267957493,5.436069461254315,22.229016725953652
12.6954943,0.1,14.936682228380572,0.1,22.986195516248582,22.986195516248582,5.041054951324846,5.532104529029875,22.986195521133244
21.6805527,0.1,22.392598922061595,0.1,32.106801448239416,32.106801448239416,8.14573219433072,8.29355515631907,32.10680144196596
18.8603625,0.1,35.94228640270787,0.1,51.25068912273807,51.25068912273807,13.145645678279111,13.311957926928878,51.250689116928406
