Time,Probability,RiskPremium,T0,T1,T2,Z,Expected,CVaR
12.1375068,0.05,-9.994060216437598e-12,2.0,0.0,-3.1845320252129264e-9,-6.9524086635889646e-12,-4.3452435723641734e-12,6.315935428978667e-17
10.8104003,0.05,6.002975302029274e-12,2.0,3.91497678720043e-9,3.91497678720043e-9,4.175963870996687e-12,2.6099892617518586e-12,6.315935428978667e-17
26.42655,0.05,-2.319940743215435e-12,0.1,0.0,0.0,-1.613895506125118e-12,-1.0086698883545369e-12,7.894919286223334e-17
16.5087215,0.05,5.725872161595664e-12,2.0,3.7342573477872065e-9,3.7342573477872065e-9,3.983205942859058e-12,2.4895096354763763e-12,3.1579677144893335e-17
12.3890191,0.05,5.6198748173604445e-12,2.0,3.6651641721618944e-9,3.6651641721618944e-9,3.909468659912817e-12,2.4434238336349755e-12,3.1579677144893335e-17
10.1248738,0.05,3.268496584496461e-17,2.0,5.809681624668883e-9,5.809681624668883e-9,-2.4632148173016793e-17,1.4210854715202004e-17,1.578983857244667e-16
