Time,Probability,RiskPremium,T0,T1,T2,Z,Expected,CVaR
22.7677529,0.25,18.098637079878607,0.1,20.710521459245516,20.710521459245516,4.314335623631012,10.054798377710226,20.710521459245516
81.0036149,0.25,42.379724551538715,0.1,47.18181136259013,47.18181136259013,10.56230115324326,23.54429141752132,47.18181136259018
60.3208553,0.25,14.665151979340202,0.09999999999999609,14.903723783162429,14.903723783162429,4.1530993297635455,8.147306655188952,14.90372378201108
7.7182472,0.25,14.648005220120274,0.09999999999999609,14.908749047206943,14.908749047206943,4.140385612998838,8.137780677844688,14.908749047206943
36.3789839,0.25,28.412564102588874,0.1,28.886960328981093,28.886960328981093,8.042035394844014,15.784757834771352,28.886960328981093
46.628326,0.25,49.469127299780446,0.09999999999999432,48.43607111112981,48.43607111112981,14.652650885964373,27.482848499877775,48.43607111112981
