Time,Probability,RiskPremium,T0,T1,T2,Z,Expected,CVaR
48.2383754,0.1,7.537835303451361,0.1,15.505980327451011,15.505980327450992,0.5205755118172437,4.187686279695148,15.505980327451011
32.0126865,0.1,13.902833593476588,0.1,29.072697693970387,29.072697693970387,0.8418118393571825,7.723796440820364,29.072697694016735
39.712155,0.1,7.381806952812621,0.1,14.967559449726354,14.967559449726354,0.5641641929974998,4.101003862673672,14.967559451239362
21.7882537,0.1,7.3084019103111,0.1,14.842673782339235,14.842673782339235,0.5525660008755167,4.060223283506135,14.842673787223896
39.1140186,0.1,14.003250985043838,0.1,28.839605444097465,28.839605444097465,0.9586617145008032,7.779583880579935,28.839605440432297
9.9223767,0.1,23.21240599946634,0.1,48.48645864653011,48.48645864653011,1.4189555050859712,12.89578111081458,48.4864586450777
