Time,Probability,RiskPremium,T0,T1,T2,Z,Expected,CVaR
24.879612,0.25,37.11782800049746,0.1,63.17809376188807,156.54192510569595,14.437724471007515,15.46576166687393,51.53747097995397
28.0950658,0.25,70.8975408164987,0.1,63.6545343968845,159.2186616820817,30.334860177699145,29.540642006874442,84.65083516649952
22.8005489,0.25,29.133814734008176,0.1,36.7901540834119,70.95489073513308,12.437747528074132,12.139089472503418,34.92397813965663
21.7145278,0.25,29.139288927859187,0.1,36.81050410629964,70.14192940826788,12.502437343010767,12.14137038660799,34.61877637781018
29.2230486,0.25,50.49346336485377,0.1,38.121498083200855,91.54684087940345,21.86487968521454,21.038943068689104,58.9871461234396
30.221918,0.25,88.36895344706299,0.1,63.62646810097078,169.065317266968,38.136035067130386,36.820397269609536,103.88300282122408
