Time,Probability,RiskPremium,T0,T1,T2,Z,Expected,CVaR
93.6067298,0.2,26.794036989069998,0.09999999999999432,26.287582710427294,26.287582710427294,10.32477346256111,9.923717403359202,26.287582711233213
23.570737,0.2,54.1649277676343,0.09999999999999076,48.57514955129976,48.57514955129976,22.69821733195808,20.061084358383013,48.57514955161578
14.4092203,0.2,22.999989265809425,0.1,21.660406742222836,21.660406742222836,9.224717843184902,8.518514542892374,21.660406742222836
34.4923969,0.2,23.445447575255663,0.1,22.202113794697972,22.202113794697972,9.354502594080381,8.683499101946461,22.202113800018445
17.826764,0.2,37.8901998395097,0.1,30.961716070619623,30.961716070619623,17.085469001256953,14.033407347966698,30.961716073682204
14.4766125,0.2,63.226227497392735,0.1,51.19207908887954,51.19207908887954,28.6991230846426,23.417121295330684,51.19207908887954
