Time,Probability,RiskPremium,T0,T1,T2,Z,Expected,CVaR
23.4690642,0.25,31.186349224285753,0.1,40.56462729168906,40.56462729168906,13.576265199818074,13.55928227142856,40.56462729168906
26.5026988,0.25,60.09111350281477,0.1,63.040133582529585,63.040133582529585,28.427508040482085,26.12657108818026,63.040133582529585
21.8600405,0.25,25.571547865499564,0.1,28.606406008475965,28.606406008475965,11.83023231828268,11.118064289347664,28.606406008475965
26.8061593,0.25,25.657283700934784,0.09999999999999609,28.374013838145213,28.374013838145213,11.919141996606648,11.155340739536847,28.374013838145213
23.6309592,0.25,46.41075833881388,0.1,38.121498083200855,53.7987113560914,21.189149640621086,20.178590582092976,53.7987113560914
17.3543588,0.25,81.63686522024463,0.1,63.62646810097078,95.44572119944671,37.14986119806345,35.494289226193295,95.44572119944671
