Time,Probability,RiskPremium,T0,T1,T2,Z,Expected,CVaR
15.0732925,0.1,0.0,2.0,0.0,0.0,-0.0,0.0,0.0
13.5216406,0.1,0.0,2.0,0.0,0.0,-0.0,0.0,0.0
11.839564,0.1,0.0,2.0,0.0,0.0,-0.0,0.0,0.0
14.8695076,0.1,0.0,2.0,0.0,0.0,-0.0,0.0,0.0
13.1656165,0.1,0.0,2.0,0.0,0.0,-0.0,0.0,0.0
20.1397349,0.1,0.0,2.0,0.0,0.0,-0.0,0.0,0.0
