Time,Probability,RiskPremium,T0,T1,T2,Z,Expected,CVaR
41.667438,0.2,26.740860120293462,0.1,28.36963915560392,28.36963915560392,11.030506032566176,10.284946200112943,28.369639158827596
18.0676517,0.2,52.784645137676435,0.09999999999998366,50.03362684452918,50.03362684452918,23.56330647032785,20.301786591413986,50.03362684452916
19.2190562,0.2,23.724285885323205,0.09999999999999609,25.127884909047623,25.127884909047623,9.798612672111872,9.124725340508851,25.127884916183874
16.2223117,0.2,23.78979200839926,0.09999999999999254,24.8523313209896,24.8523313209896,9.92914860824497,9.149920003230404,24.852331326310072
15.7525181,0.2,37.84960052890273,0.1,33.956582230004734,33.956582230004734,17.472348794427546,14.557538664962468,33.956582230004734
9.9156154,0.2,63.55431487485528,0.1,57.2127011935934,57.2127011935934,29.279727435085423,24.44396725955977,57.2127011935934
