Time,Probability,RiskPremium,T0,T1,T2,Z,Expected,CVaR
14.855252,0.1,22.358832573448773,0.1,63.178093761888086,109.79111751075695,4.650791492504936,7.7099422667064745,32.70518930229992
11.6677874,0.1,37.07668413324868,0.1,63.6545343968845,159.2186616820817,7.725442444127987,12.785063494223687,54.200508981466314
12.5649111,0.1,18.84127672912269,0.1,36.7901540834119,61.683831872068886,4.252184736225434,6.496991975559554,26.727242018903787
12.8905326,0.1,18.84765848528547,0.1,36.81050410629964,58.73116960119909,4.219155846430764,6.499192581132909,26.82246772543737
15.0997985,0.1,27.62218785609629,0.1,38.121498083200855,75.85949867597274,6.893371434221768,9.524892364171135,37.5347025084296
10.7686738,0.1,45.722632641910415,0.1,63.62646810097078,121.6785427124816,11.133811116751428,15.766425048934627,62.82241623949559
