Time,Probability,RiskPremium,T0,T1,T2,Z,Expected,CVaR
83.2109325,0.25,25.649075750833983,0.09999999999999609,26.74252728430627,26.74252728430627,9.465248008445656,11.658670795833604,26.74252728434925
24.0648868,0.25,53.280326436369734,0.0999999999999801,50.033626844529174,50.033626844529174,21.317407244166112,24.218330198349687,50.033626844529174
21.2361975,0.25,23.023382401635956,0.09999999999999609,24.080279006020376,24.080279006020376,8.473677026927506,10.465173818925381,24.080279004869027
29.3023835,0.25,23.183747861945328,0.09999999999737734,24.22291521308913,24.22291521308913,8.54022625103671,10.538067209975166,24.22291521308651
17.296987,0.25,37.85447390908946,0.09999999999999076,35.02804043343514,35.02804043343514,15.30145644343002,17.206579049586086,35.02804043649772
12.4149644,0.25,63.99435108110621,0.1,55.70858308785318,55.70858308785318,26.919937174398413,29.08834140050245,55.70858308785318
