Time,Probability,RiskPremium,T0,T1,T2,Z,Expected,CVaR
12.609793,0.05,13.633495790518289,0.1,63.178093761888086,109.79111751075692,6.362298035575205,4.544498596839426,22.722492984197146
10.5019741,0.05,20.82021835827569,0.1,63.6545343968845,119.67234110440711,9.716101900528667,6.940072786091891,34.700363930459446
12.0749583,0.05,11.85951882864929,0.1,36.7901540834119,61.68383187206887,5.534442120036333,3.953172942883093,19.765864714415475
12.2593779,0.05,11.865758547332305,0.1,36.81050410629964,58.05967081709798,5.537353988755079,3.9552528491107646,19.77626424555384
10.5115028,0.05,15.443222834189218,0.1,38.12149808320086,75.85949867597273,7.2068373226216424,5.147740944729735,25.738704723648695
11.2510905,0.05,25.39589114247604,0.1,63.6264681009708,121.67854271248154,11.851415866488825,8.465297047492005,42.32648523746003
