Time,Probability,RiskPremium,T0,T1,T2,Z,Expected,CVaR
12.7924923,0.05,10.452346772730685,0.1,63.178093761888086,109.79111751075692,3.181149017787602,4.544498596839426,22.722492984197146
11.6309746,0.05,15.96216740801135,0.1,63.6545343968845,119.67234110440711,4.858050950264325,6.940072786091891,34.700363930459446
10.6562711,0.05,9.092297768631118,0.1,36.7901540834119,61.68383187206887,2.7672210600181626,3.953172942883093,19.765864714415475
12.0895927,0.05,9.09708155295477,0.1,36.81050410629964,58.05967081709798,2.768676994377544,3.9552528491107646,19.77626424555384
10.4745407,0.05,11.839804172878397,0.1,38.12149808320086,75.85949867597273,3.6034186613108217,5.147740944729735,25.738704723648695
11.2833059,0.05,19.47018320923161,0.1,63.6264681009708,121.67854271248154,5.925707933244396,8.465297047492005,42.32648523746003
