Time,Probability,RiskPremium,T0,T1,T2,Z,Expected,CVaR
16.4618162,0.1,10.29759082729129,0.09999999999999432,23.269152165900138,23.269152165900138,1.9444667774299385,5.720883792939594,23.269152172418003
47.8396766,0.1,19.929299610715706,0.1,48.42451453252842,48.42451453252842,3.2545642813318487,11.071833117064257,48.42451453252842
24.5739803,0.1,9.30706276536952,0.1,20.35262157409393,20.35262157409393,1.8591676677681734,5.1705904252052886,20.35262157451253
15.353562,0.1,9.35415124867027,0.1,20.600385571026305,20.600385571026305,1.8468553231832916,5.196750693705703,20.60038557224747
15.011197,0.1,14.447554727879579,0.09999999705296454,30.182092011183435,30.182092011183435,3.0977845273676037,8.026419293266471,30.1820920082364
6.6833639,0.1,23.437284243343658,0.09999999999998721,49.174351198109406,49.17435119810941,4.993525116253115,13.020713468524324,49.17435119229973
