Time,Probability,RiskPremium,T0,T1,T2,Z,Expected,CVaR
18.8357989,0.15,23.86426087063637,0.1,63.178093761888086,109.79111751075698,8.016320941813534,10.375765595928852,37.736637260398794
13.6662294,0.15,42.65401885600606,0.1,63.6545343968845,159.2186616820817,15.309036628647972,18.54522558956784,62.54400877851889
17.031538,0.15,19.614661516399025,0.1,36.7901540834119,61.68383187206888,7.065854980859605,8.528113702782191,28.631577866568378
17.4924918,0.15,19.619915690079598,0.1,36.81050410629964,59.60930820403673,7.091505393250398,8.530398126121549,28.520458979659754
18.4283825,0.15,31.26544212930706,0.1,38.121498083200855,91.54684087940345,12.040174802744204,13.59367049100308,41.75165466880207
13.7064,0.15,52.68293445107631,0.1,63.62646810097078,169.06531726696798,19.74018683635031,22.905623674380998,73.09124337610605
