Time,Probability,RiskPremium,T0,T1,T2,Z,Expected,CVaR
14.540138,0.1,6.6177669296467165,0.09999999999999609,14.313040432067222,14.313040432067224,0.11990376443279743,3.892804076262799,14.313040432067224
13.1212288,0.1,12.766921236627333,0.1,28.233624327493466,28.233624327493466,0.07604990330065198,7.509953668604414,28.233624327493466
18.2426974,0.1,6.699206164788294,0.09999999999999609,14.31385245232726,14.313852452327259,0.16521092017973998,3.9407095086989337,14.313852452337343
10.8211501,0.1,6.680926939221844,0.09999999999999609,14.309335938756593,14.309335938756593,0.1561251872045158,3.9299570230716503,14.309335938854286
10.391463,0.1,13.035919575977319,0.1,28.404629438124864,28.404629438124864,0.18362122704435901,7.668187985868961,28.404629438124864
12.7996782,0.1,21.87151397273843,0.10000000000000839,48.367162238387785,48.367162238387785,0.1305260722357935,12.8655964545522,48.36716223835444
