Time,Probability,RiskPremium,T0,T1,T2,Z,Expected,CVaR
12.9717416,0.1,0.0,2.0,0.0,0.0,-0.0,0.0,0.0
12.8556423,0.1,0.0,2.0,0.0,0.0,-0.0,0.0,0.0
11.9635167,0.1,0.0,2.0,0.0,0.0,-0.0,0.0,0.0
11.8459248,0.1,0.0,2.0,0.0,0.0,-0.0,0.0,0.0
10.0626476,0.1,0.0,2.0,0.0,0.0,-0.0,0.0,0.0
11.7334769,0.1,0.0,2.0,0.0,0.0,-0.0,0.0,0.0
