Time,Probability,RiskPremium,T0,T1,T2,Z,Expected,CVaR
13.7108337,0.1,0.0,2.0,0.0,0.0,-0.0,0.0,0.0
10.9759921,0.1,0.0,2.0,0.0,0.0,-0.0,0.0,0.0
12.7987528,0.1,0.0,2.0,0.0,0.0,-0.0,0.0,0.0
10.4818218,0.1,0.0,2.0,0.0,0.0,-0.0,0.0,0.0
11.2862905,0.1,0.0,2.0,0.0,0.0,-0.0,0.0,0.0
10.8335111,0.1,0.0,2.0,0.0,0.0,-0.0,0.0,0.0
