Time,Probability,RiskPremium,T0,T1,T2,Z,Expected,CVaR
14.1817689,0.05,12.724596071150396,0.1,63.178093761888086,109.79111751075692,4.3172736669974565,4.544498596839426,30.29665731226287
36.1684047,0.05,19.432203801057298,0.1,63.6545343968845,119.67234110440711,6.593069146787303,6.940072786091891,46.267151907279256
25.1615197,0.05,11.068884240072672,0.1,36.7901540834119,61.68383187206887,3.7555142957389447,3.953172942883093,26.35448628588731
25.0122646,0.05,11.074707977510156,0.1,36.81050410629964,58.05967081709798,3.7574902066552407,3.9552528491107646,26.3683523274051
29.7342238,0.05,14.413674645243262,0.1,38.12149808320086,75.85949867597273,4.890353897493256,5.147740944729735,34.31827296486488
19.2498816,0.05,23.70283173297762,0.1,63.6264681009708,121.67854271248154,8.042032195117406,8.465297047492005,56.4353136499467
