Time,Probability,RiskPremium,T0,T1,T2,Z,Expected,CVaR
24.9675916,0.2,21.19018141620903,0.09999999999999432,24.888766195323257,24.888766195323257,6.218377828292201,9.631900643731402,24.888766198546932
89.7848698,0.2,43.84323612720972,0.09999999999999432,47.94396150699992,47.94396150699992,14.109166198428198,19.928743694186196,47.94396150731594
7.6227148,0.2,17.45643128927018,0.1,18.83765939997961,18.83765939997961,5.7056685274475765,7.934741495122726,18.83765939997961
17.1010527,0.2,17.601244557026092,0.1,18.862238220086816,18.862238220086816,5.799093469034258,8.00056570773909,18.862238222747052
28.5288094,0.2,30.176140038344236,0.09999999999999076,29.416627416106746,29.416627416106746,10.964642703033142,13.716427290156624,29.416627419169327
50.6885469,0.2,50.46977414899604,0.1,48.80769857223807,48.80769857223807,18.47555547048764,22.940806431362034,48.807698566066115
