Time,Probability,RiskPremium,T0,T1,T2,Z,Expected,CVaR
39.7702464,0.1,13.731476833419645,0.09999999999999609,20.63572560399522,20.63572560399522,3.0761036613847357,5.2813372436229455,20.635725610514257
19.6708395,0.1,23.166746960024884,0.09999999999999076,34.988935378976066,34.988935378976066,5.128932837266419,8.910287292317236,34.98893537929209
24.2910456,0.1,12.831349815529174,0.1,18.962667526993126,18.962667526993126,2.986578727199288,4.93513454443428,18.962667526993126
12.5528,0.1,12.84666699912589,0.09999999999999609,19.08319486884048,19.08319486884048,2.9558820451818804,4.9410257688945585,19.083194869035864
11.7556244,0.1,20.558625510392943,0.09999999999999076,29.462604766330134,29.462604766330134,5.107057465861977,7.90716365784348,29.46260476266497
66.9164167,0.1,33.705966888324134,0.1,48.818442002944415,48.818442002944415,8.193020467245905,12.963833418586145,48.818441997134734
