Time,Probability,RiskPremium,T0,T1,T2,Z,Expected,CVaR
34.0136915,0.15,15.655735119420584,0.1,27.67882933617606,27.67882933617606,4.500029218725269,8.239860589168762,27.678829332679186
26.5580546,0.15,29.963972146663583,0.09999999999999432,48.79594194263342,48.79594194263342,9.239645947361016,15.770511656138849,48.7959419438975
14.405327,0.15,13.801555894171567,0.1,22.97442640489606,22.97442640489606,4.181011664992022,7.2639767864060465,22.97442640489606
15.6634921,0.15,14.007317900562363,0.1,23.405686126503145,23.405686126503145,4.230033287447313,7.37227257924337,23.405686138387868
7.9490943,0.15,22.106863023177933,0.1,32.581470638167026,32.581470638167026,7.329730022346979,11.635191064830455,32.581470638167026
8.1893905,0.15,35.596667946679865,0.1,53.03288098592299,53.03288098592299,11.716910665676169,18.73508839298945,53.03288097975102
