Time,Probability,RiskPremium,T0,T1,T2,Z,Expected,CVaR
16.259196,0.15,21.702194199926137,0.1,24.69846976618554,24.69846976618554,7.172336105146325,7.750783642830827,24.698469772703433
39.2505232,0.15,43.863790874034976,0.1,48.167564026199464,48.167564026199386,15.197381504833338,15.66563959786953,48.167564026199464
44.6867401,0.15,19.060714042006683,0.09999999999999609,20.10349611087151,20.10349611087151,6.934876874219608,6.807397872145218,20.10349611124976
32.9571366,0.15,19.261988009836404,0.1,20.342004359151034,20.342004359151034,6.997617406925309,6.879281432084459,20.342004359151034
11.3741514,0.15,31.31554032477469,0.1,29.72463258159749,29.72463258159749,12.715214364173237,11.184121544562396,29.72463258466007
26.0306435,0.15,50.77910392511061,0.09999999999998721,49.2756286989338,49.2756286989338,20.187615892624965,18.135394258967974,49.27562869276183
