Time,Probability,RiskPremium,T0,T1,T2,Z,Expected,CVaR
12.9111119,0.05,9.997896913046745,0.1,63.178093761888086,109.79111751075692,2.7266991581036617,4.544498596839426,22.722492984197146
11.572059,0.05,15.268160129402169,0.1,63.6545343968845,119.67234110440711,4.164043671655144,6.940072786091891,34.700363930459446
10.6714522,0.05,8.69698047434281,0.1,36.7901540834119,61.68383187206887,2.3719037657298565,3.953172942883093,19.765864714415475
12.0270882,0.05,8.70155626804369,0.1,36.81050410629964,58.05967081709798,2.373151709466467,3.9552528491107646,19.77626424555384
10.9463069,0.05,11.32503007840542,0.1,38.12149808320086,75.85949867597273,3.0886445668378455,5.147740944729735,25.738704723648695
11.1510524,0.05,18.62365350448243,0.1,63.6264681009708,121.67854271248154,5.079178228495215,8.465297047492005,42.32648523746003
