Time,Probability,RiskPremium,T0,T1,T2,Z,Expected,CVaR
17.0244302,0.25,15.674819513920388,0.1,18.101552628650232,18.101552628650232,3.3459627500528946,9.220482067012014,18.101552629456158
20.7155509,0.25,39.70034152066336,0.1,46.58085760178962,46.58085760178962,8.217499013900882,23.353142070978574,46.580857601789624
5.9309066,0.25,13.43958847891791,0.1,14.12801923095381,14.12801923095381,3.3561155649683583,7.905640281716354,14.12801923095381
35.5432685,0.25,13.485001815054849,0.1,14.250190384049722,14.250190384049722,3.3414050750883755,7.932354008855852,14.250190383457793
24.314306,0.25,26.315623054288373,0.1,27.943185741889476,27.943185741889476,6.4736521706607,15.479778267228374,27.94318574265512
33.1869219,0.25,46.387882044254496,0.09999999999999432,47.819757138520224,47.819757138520224,11.91442391336479,27.286989437796866,47.81975713234828
