Time,Probability,RiskPremium,T0,T1,T2,Z,Expected,CVaR
21.6431407,0.05,7.2711977549430875,0.1,63.178093761888086,109.79111751075692,0.908899719367888,4.544498596839426,22.722492984197146
12.9265679,0.05,11.104116457747029,0.1,63.6545343968845,119.67234110440711,1.3880145572183789,6.940072786091891,34.700363930459446
12.607502,0.05,6.325076708612954,0.1,36.7901540834119,61.68383187206887,0.790634588576621,3.953172942883093,19.765864714415475
12.3114501,0.05,6.328404558577234,0.1,36.81050410629964,58.05967081709798,0.7910505698221588,3.9552528491107646,19.77626424555384
12.1015054,0.05,8.23638551156758,0.1,38.12149808320086,75.85949867597273,1.0295481889459475,5.147740944729735,25.738704723648695
12.0076241,0.05,13.544475275987217,0.1,63.6264681009708,121.67854271248154,1.6930594094984042,8.465297047492005,42.32648523746003
