Time,Probability,RiskPremium,T0,T1,T2,Z,Expected,CVaR
11.6212036,0.05,-6.952389715782678e-12,2.0,0.0,-3.1845320252129264e-9,-3.476204331794482e-12,-4.3452435723641734e-12,4.736951571734002e-17
10.9761323,0.05,4.175982818802974e-12,2.0,3.91497678720043e-9,3.91497678720043e-9,2.0879819354983433e-12,2.6099892617518586e-12,4.736951571734002e-17
12.0419549,0.05,-1.6138718213672595e-12,0.1,0.0,0.0,-8.069477530625591e-13,-1.0086698883545369e-12,5.921189464667503e-17
18.7322839,0.05,3.983215416762202e-12,2.0,3.7342573477872065e-9,3.7342573477872065e-9,1.9916029714295296e-12,2.4895096354763763e-12,2.368475785867001e-17
12.8518103,0.05,3.909478133815962e-12,2.0,3.6651641721618944e-9,3.6651641721618944e-9,1.9547343299564094e-12,2.4434238336349755e-12,2.368475785867001e-17
15.0680712,0.05,2.2737367544323207e-17,2.0,5.809681624668883e-9,5.809681624668883e-9,-1.2316074086508407e-17,1.4210854715202004e-17,1.1842378929335005e-16
