Time,Probability,RiskPremium,T0,T1,T2,Z,Expected,CVaR
39.8991291,0.15,16.4675063395987,0.09999999999999609,20.25664027199589,20.25664027199589,4.247973645248941,6.861460974832739,20.256640273625365
63.4398167,0.15,37.19968341296025,0.09999999999999076,47.336421376791506,47.336421376791506,8.965194008497832,15.499868088733527,47.33642137805559
31.9294771,0.15,14.656546570725954,0.1,16.67327866647158,16.67327866647158,4.32309846085064,6.106894404469174,16.673278667984572
46.073107,0.15,14.762518261645706,0.09999999999999609,16.783425240458776,16.783425240458776,4.358518598862244,6.151049275685718,16.783425243429956
56.1502443,0.15,26.548596061627574,0.1,29.106386711905376,29.106386711905376,8.268892361458178,11.06191502567824,29.106386711906282
24.6512441,0.15,43.22711797108767,0.1,48.62972940789265,48.62972940789265,12.968446717627508,18.0112991546198,48.629729401720674
