Time,Probability,RiskPremium,T0,T1,T2,Z,Expected,CVaR
20.0391618,0.2,23.742075792167707,0.09999999999999432,26.12499504379695,26.12499504379695,8.168181998665107,9.89253158006987,26.124995047020626
21.5072391,0.2,48.11274429755168,0.1,48.50392515393281,48.50392515393281,18.105835579312604,20.046976790646486,48.5039251551969
13.8689021,0.2,19.986836528980223,0.1,20.681663983248846,20.681663983248846,7.335152572413288,8.327848553741758,20.681663990385097
15.4675822,0.2,20.170792682363786,0.1,20.770679800064862,20.77067979474439,7.438131734200848,8.404496950984887,20.770679800064862
31.1038875,0.2,33.449794329539664,0.1,30.468375362946908,30.468375362946908,13.726543654924683,13.9374143039749,30.468375362946887
49.1692037,0.2,55.53660577027411,0.09999999999998721,49.776742740980154,49.776742740980154,23.073581748119683,23.14025240428092,49.7767427410627
