Time,Probability,RiskPremium,T0,T1,T2,Z,Expected,CVaR
12.8539439,0.1,6.439032071131748,0.09999999999999609,14.833684770056367,14.833684770056367,0.25277908155458173,4.024395044457338,14.833684770056367
22.68222,0.1,12.27409438920626,0.09999999999999076,28.85744050756155,28.85744050756155,0.3655590928379784,7.671308993254025,28.857440508825633
49.3244451,0.1,6.340177228205172,0.1,14.399627737720088,14.399627737720088,0.29016306648291923,3.962610767628253,14.39962773809834
9.6700466,0.1,6.316426577350552,0.09999999999999609,14.37931410226178,14.37931410226178,0.28235046724602747,3.9477666108440688,14.379314107146442
29.5631599,0.1,12.427143427913537,0.09999999999999076,28.787525347391174,28.787525347391174,0.45606664521149853,7.766964642446019,28.78752534372601
12.9304651,0.1,20.61419437652809,0.1,48.43744210259184,48.43744210259184,0.6196087680363238,12.883871485329962,48.43744210113942
