Time,Probability,RiskPremium,T0,T1,T2,Z,Expected,CVaR
45.4248725,0.2,26.740860120148188,0.1,28.369639152380245,28.369639152380273,11.030506032460018,10.284946200057066,28.369639158827596
18.1501138,0.2,52.784645137676435,0.09999999999998366,50.03362684452918,50.03362684452918,23.56330647032785,20.301786591413986,50.03362684452916
22.983959,0.2,23.65111723240011,0.09999999999999609,24.948213315112746,24.948213315112746,9.79904475168486,9.096583550923144,24.94821331689681
18.1436,0.2,23.78979200839926,0.09999999999999254,24.8523313209896,24.8523313209896,9.92914860824497,9.149920003230404,24.852331326310072
15.3669808,0.2,37.84960052890273,0.1,33.956582230004734,33.956582230004734,17.472348794427546,14.557538664962468,33.956582230004734
12.5631979,0.2,63.55431487485528,0.1,57.2127011935934,57.2127011935934,29.279727435085423,24.44396725955977,57.2127011935934
