Time,Probability,RiskPremium,T0,T1,T2,Z,Expected,CVaR
12.3401196,0.05,-7.82143843025551e-12,2.0,-3.1845320252129264e-9,-3.1845320252129264e-9,-4.562505750982381e-12,-4.3452435723641734e-12,0.0
11.5461761,0.05,4.697972144640516e-12,2.0,3.91497678720043e-9,3.91497678720043e-9,2.740483751040301e-12,2.6099845248002867e-12,0.0
9.5621337,0.05,-1.8156185888074103e-12,0.1,0.0,0.0,-1.0591108434709891e-12,-1.0086769937818947e-12,0.0
21.6673512,0.05,0.0,2.0,0.0,0.0,-0.0,0.0,0.0
20.8284451,0.05,4.398197006594273e-12,2.0,3.6651641721618944e-9,3.6651641721618944e-9,2.5656149205133255e-12,2.443442781441263e-12,0.0
30.1876251,0.05,0.0,2.0,5.809681624668883e-9,5.809681624668883e-9,-0.0,0.0,0.0
