Time,Probability,RiskPremium,T0,T1,T2,Z,Expected,CVaR
37.5773125,0.15,20.226806308601518,0.1,24.857686895611025,24.857686895611025,6.469914313424744,7.779540887923695,24.85768690864681
26.1843301,0.15,40.79876713752272,0.09999999999999076,48.31267646257064,48.31267646257064,13.689638591172281,15.691833514431787,48.31267646277079
13.965188,0.15,17.77531401466071,0.1,20.265785666820804,20.265785666820804,6.238460527608257,6.836659236408,20.26578566682081
32.1971731,0.15,17.889848348804886,0.1,20.349924674606445,20.349924674606445,6.2949126254914045,6.880710903386455,20.34992467460645
11.7912998,0.15,29.13129564915024,0.1,29.83640076969486,29.83640076969486,11.40573146746952,11.204344480442431,29.83640076969486
29.7213374,0.15,47.12925362975466,0.09999999999998721,49.226693239095894,49.226693239095894,18.11759759079264,18.126636011444074,49.22669323292392
