Time,Probability,RiskPremium,T0,T1,T2,Z,Expected,CVaR
15.0699216,0.15,16.60122495348617,0.1,63.178093761888086,109.79111751075698,3.0722241367865704,10.375765595928852,41.90811780363635
15.1765592,0.15,29.672360943308608,0.1,63.6545343968845,159.2186616820817,6.252491110353144,18.54522558956784,67.29166802344398
15.5606346,0.15,13.644981924451509,0.1,36.7901540834119,61.68383187206888,2.831400007341096,8.528113702782191,31.38279584606454
14.917897,0.15,13.648637001794501,0.1,36.81050410629964,59.60930820403673,2.8595643260528307,8.530398126121549,31.11714362232266
11.8836142,0.15,21.74987278560491,0.1,38.121498083200855,91.54684087940345,4.953607903242202,13.59367049100308,45.61961440459937
12.8787593,0.15,36.64899787900963,0.1,63.62646810097078,169.06531726696798,7.9529011844884,22.905623674380998,80.81035387578319
