Time,Probability,RiskPremium,T0,T1,T2,Z,Expected,CVaR
12.9319094,0.05,10.906796632414629,0.1,63.178093761888086,109.79111751075692,1.21186629249051,4.544498596839426,30.29665731226287
12.4060631,0.05,16.65617468662054,0.1,63.6545343968845,119.67234110440711,1.8506860762911674,6.940072786091891,46.267151907279256
13.1044712,0.05,9.487615062919431,0.1,36.7901540834119,61.68383187206887,1.0541794514354939,3.953172942883093,26.35448628588731
10.6492437,0.05,9.49260683786584,0.1,36.81050410629964,58.05967081709798,1.0547340930962021,3.9552528491107646,26.3683523274051
12.5214576,0.05,12.354578267351366,0.1,38.12149808320086,75.85949867597273,1.3727309185945977,5.147740944729735,34.31827296486488
12.7632305,0.05,20.31671291398082,0.1,63.6264681009708,121.67854271248154,2.2574125459978704,8.465297047492005,56.4353136499467
