Time,Probability,RiskPremium,T0,T1,T2,Z,Expected,CVaR
28.1095442,0.25,17.974131299754006,0.1,24.83479388241232,24.83479388241232,4.02010687339457,11.233832062346272,24.83479388241232
44.8430208,0.25,38.213058031414086,0.09999999999999076,48.44560979479115,48.44560979479115,9.417407056685535,23.8831612696337,48.445609795107174
24.2939768,0.25,15.130929215831102,0.1,19.627947493006275,19.627947494157624,3.6398751093143984,9.45683075989427,19.627947493006275
29.9019762,0.25,15.425184979839285,0.1,20.342004359151026,20.342004359151026,3.644191618089397,9.640740612399581,20.342004359151026
31.4252467,0.25,25.75305422122791,0.1,30.042075856368673,30.042075856368673,6.868111938727599,16.095658888267423,30.042075859431254
9.2538321,0.25,44.15339855116496,0.1,48.847447667525294,48.847447667525294,12.30720974207749,27.595874094477733,48.847447667525294
