Time,Probability,RiskPremium,T0,T1,T2,Z,Expected,CVaR
8.9312807,0.25,29.38494716706046,0.1,63.17809376188807,156.54192510569595,8.50842910322452,15.46576166687393,51.53747097995397
8.2765813,0.25,56.127219813061494,0.1,63.6545343968845,159.2186616820817,18.320048832243298,29.540642006874442,84.65083516649952
7.940785,0.25,23.064269997756487,0.1,36.7901540834119,70.95489073513308,7.507447225180106,12.139089472503418,34.92397813965663
9.9738859,0.25,23.06860373455521,0.1,36.81050410629964,70.14192940826788,7.555622449266901,12.14137038660799,34.61877637781018
7.9324169,0.25,39.97399183050929,0.1,38.121498083200855,91.54684087940345,13.242818303607628,21.038943068689104,58.9871461234396
6.7479216,0.25,69.95875481225818,0.1,63.62646810097078,169.065317266968,23.07896670990648,36.820397269609536,103.88300282122408
