Time,Probability,RiskPremium,T0,T1,T2,Z,Expected,CVaR
31.6157736,0.1,15.404619912353233,0.1,28.78864534506957,28.78864534506957,5.630520223989814,6.418591630147182,28.788645351588674
11.4512493,0.1,26.854548126390437,0.1,49.46076160768233,49.46076160768233,9.92444809028516,11.18939505266269,49.46076160894641
12.8093848,0.1,13.747176326899739,0.09999999999999609,24.78053667834678,24.78053667834678,5.16130420914375,5.727990136208257,24.780536679859793
13.1857162,0.1,13.951270675773749,0.1,25.47037181544289,25.47037181544289,5.189639871721405,5.813029448239075,25.47037182032755
12.3797504,0.1,20.36998303154882,0.1,33.8871344926038,33.8871344926038,8.07254386786788,8.487492929812005,33.887134488938635
11.4472736,0.1,33.05150683733862,0.1,55.42192421221057,55.42192421221057,13.032476201487706,13.771461182224392,55.42192420640089
