Time,Probability,RiskPremium,T0,T1,T2,Z,Expected,CVaR
4.4022261,0.1,10.400745086059185,0.09999999999999609,26.05867546424151,26.05867546424151,2.2886007287166095,6.1180853447407,26.058675470759376
8.4374953,0.1,18.888170524176505,0.1,48.705818331272425,48.705818331272425,4.017969001652982,11.110688543633282,48.70581833253651
4.1167559,0.1,9.289266125965815,0.1,22.45221971189554,22.45221971189554,2.126197382054835,5.464274191744567,22.45221971340855
5.5389993,0.1,9.442541055196147,0.1,23.161938560528338,23.161938560528338,2.1273548758041914,5.554435914821247,23.161938560528338
6.3706123,0.1,14.187337403218656,0.1,32.51691436714379,32.51691436714379,3.42470263575507,8.34549259012861,32.51691436347863
4.7119049,0.1,22.71617393767449,0.1,51.648862554741584,51.648862554741584,5.525077951071276,13.362455257455629,51.6488625489319
