Time,Probability,RiskPremium,T0,T1,T2,Z,Expected,CVaR
24.0155114,0.2,24.16850603076074,0.09999999999999432,27.08757332863321,27.08757332863321,8.993086439591531,10.07021084615038,27.087573329546583
20.1723234,0.2,48.23976267722019,0.09999999999999432,48.786956444205906,48.786956444205906,19.53374496272339,20.099901115508413,48.78695644546999
18.0465397,0.2,21.119568371439158,0.1,23.188114581660695,23.188114581660695,8.003259888604545,8.79982015476637,23.188114581660695
30.0627966,0.2,21.44321967930544,0.09999999999999609,23.576622058394985,23.576622058394985,8.115960655322894,8.934674866377252,23.576622058394985
15.4762216,0.2,34.42679362642733,0.1,32.6441828821181,32.6441828821181,14.592390620750582,14.344497344344827,32.6441828821181
14.7036747,0.2,56.83852031178891,0.1,52.639603887648065,52.639603887648065,24.46873738788933,23.68271679657888,52.63960388764806
