Time,Probability,RiskPremium,T0,T1,T2,Z,Expected,CVaR
53.2569303,0.15,17.586683455694217,0.1,21.06316029503156,21.06316029503156,4.940615303174568,7.034673382277633,21.063160307882463
12.1525934,0.15,38.786487112909796,0.1,47.40464691809775,47.40464691809775,10.515871437561062,15.51459484516392,47.40464692062593
37.5331099,0.15,15.983220989038166,0.1,17.986502317336075,17.986502317336075,4.9526470247345795,6.393288395615185,17.986502317336072
21.2797129,0.15,16.316715154967827,0.1,18.51416986542957,18.51416986542957,4.995035569226723,6.526686061987222,18.51416987137193
56.5942729,0.15,27.72767113212762,0.1,29.241190930715398,29.241190930715398,9.376553688125373,11.091068452851115,29.241190930729008
97.9744455,0.15,45.088700172926416,0.1,48.741610492295436,48.741610492295436,14.770767936974828,18.03548006917047,48.74161048612348
