Time,Probability,RiskPremium,T0,T1,T2,Z,Expected,CVaR
12.1280068,0.05,-1.1732157645383267e-11,2.0,-3.1845320252129264e-9,-3.1845320252129264e-9,-8.907749323346553e-12,-4.3452435723641734e-12,0.0
12.5653453,0.05,7.046958216960775e-12,2.0,3.91497678720043e-9,3.91497678720043e-9,5.3504682758405885e-12,2.6099845248002867e-12,0.0
11.5184985,0.05,-2.7234278832111156e-12,0.1,0.0,0.0,-2.0677878372528842e-12,-1.0086769937818947e-12,0.0
12.0649716,0.05,0.0,2.0,0.0,0.0,-0.0,0.0,0.0
13.035933,0.05,6.59729550989141e-12,2.0,3.6651641721618944e-9,3.6651641721618944e-9,5.009057701954589e-12,2.443442781441263e-12,0.0
11.9553039,0.05,0.0,2.0,5.809681624668883e-9,5.809681624668883e-9,-0.0,0.0,0.0
