Time,Probability,RiskPremium,T0,T1,T2,Z,Expected,CVaR
23.4600723,0.2,21.69046654185714,0.09999999999999432,37.90633477997005,37.90633477997005,7.62540154371073,11.416035022030098,37.90633478319373
23.5613597,0.2,40.78839485837165,0.1,59.1255647581788,59.1255647581788,15.55501976543035,21.46757624124817,59.1255647581788
24.7222589,0.2,17.980267754648803,0.1,27.812464056357936,27.812464056357936,6.6820524126004015,9.4632988182362,27.812464056357936
20.3911082,0.2,18.1215851882131,0.09999999999999609,27.843054112250584,27.843054112250584,6.75337100362391,9.537676414849004,27.843054112250584
20.5262596,0.2,31.46855895478622,0.1,38.121498083200855,51.71944299240526,11.390455150646957,16.562399449887554,51.71944299240526
16.7733247,0.2,55.11325683148606,0.1,63.62646810097078,95.1426951488357,19.49270776484594,29.00697727972958,95.1426951488357
