Time,Probability,RiskPremium,T0,T1,T2,Z,Expected,CVaR
9.4317957,0.1,12.172863103196592,0.1,23.761486402575116,23.761486402575116,2.7832846392078614,5.796601477712664,23.76148640909298
6.445471,0.1,23.281373810571374,0.09999999999999076,48.52217790475156,48.52217790475156,4.70813405155857,11.086368481224499,48.52072487016594
7.0743116,0.1,10.932169047435796,0.09999999999999609,20.578319653574063,20.578319653574063,2.651869288823804,5.205794784493277,20.57831965508707
5.8644699,0.1,10.958043343162489,0.09999999999999609,20.739385668752078,20.739385668752078,2.635673506277991,5.218115877696423,20.73938567363674
5.9694034,0.1,16.94777210207865,0.09999999999999076,30.468375362946887,30.468375362946887,4.397802896093868,8.070367667656514,30.46837535929801
7.1632216,0.1,27.36766303593388,0.09999999999998721,49.249361282086106,49.249361282086106,7.092014386037086,13.032220493301962,49.249361276276424
