Time,Probability,RiskPremium,T0,T1,T2,Z,Expected,CVaR
17.4027821,0.15,23.86426087063637,0.1,63.178093761888086,109.79111751075698,9.691710323035569,10.375765595928852,48.34361511264845
14.318579,0.15,42.65401885600606,0.1,63.6545343968845,159.2186616820817,18.394839344574663,18.54522558956784,75.68476480820352
14.9461814,0.15,19.614661516399025,0.1,36.7901540834119,61.68383187206888,8.453790553414503,8.528113702782191,34.85568630480569
16.9970561,0.15,19.619915690079598,0.1,36.81050410629964,59.60930820403673,8.525183967864656,8.530398126121549,34.17373408705541
18.7697086,0.15,31.26544212930706,0.1,38.121498083200855,91.54684087940345,13.865255557412947,13.59367049100308,51.658831299913444
12.3340814,0.15,52.68293445107631,0.1,63.62646810097078,169.06531726696798,22.76529608758189,22.905623674380998,93.02577056551507
