Time,Probability,RiskPremium,T0,T1,T2,Z,Expected,CVaR
19.6373661,0.2,28.641188262961563,0.1,28.02180729244931,28.02180729244931,12.184915390964166,10.22899580820049,28.021215990477323
16.6886537,0.2,56.44786779389572,0.09999999999999076,49.14726220793236,49.14726220793236,26.14235671137986,20.159952783534084,49.14726220919642
16.5613699,0.2,25.26724328263261,0.09999999999999609,24.494538283395904,24.494538283395904,10.828544835511096,9.024015458083106,24.494538283907335
17.8340561,0.2,25.494553243713053,0.09999999999999609,24.573881834982803,24.573881834982803,10.975316169728261,9.105197587040417,24.573881835452777
16.8045213,0.2,40.45023737347626,0.1,33.26401565548158,33.26401565548158,19.417598218072186,14.446513347670152,33.26401565548158
16.9696823,0.2,67.76751949718616,0.1,55.70858308785319,55.70858308785319,32.53776981887667,24.20268553470921,55.70858308785319
