Time,Probability,RiskPremium,T0,T1,T2,Z,Expected,CVaR
19.4550823,0.2,27.481674940221147,0.09999999999999432,27.716356456216467,27.716356456216467,11.164991397512033,10.178398126007881,27.716356459440142
18.7385164,0.2,54.28776365166553,0.09999999999999076,48.82529360616055,48.82529360616055,24.129634454738582,20.10657913024645,48.82529360647657
16.0111973,0.2,24.177163446217925,0.1,24.08027900602038,24.08027900602038,9.92863755705836,8.95450498008076,24.08027900602038
60.3126015,0.2,24.392337411586603,0.09999999999999609,24.149386376726756,24.149386376726756,10.067822801006672,9.034199041328401,24.149386382047226
15.634065,0.2,38.74218329189014,0.1,32.66991659196361,32.66991659196361,17.980890580027875,14.348956774774065,32.669916595026194
26.4700322,0.2,64.55169311827491,0.1,53.934994018354494,53.934994018354494,30.134222796648636,23.90803448824989,53.93499401218256
