Time,Probability,RiskPremium,T0,T1,T2,Z,Expected,CVaR
38.8166235,0.1,12.713542477128774,0.1,20.725580371033452,20.725580371033452,2.7877518080341495,5.297309365470368,20.725580377551317
11.9766644,0.1,21.398901708246335,0.09999999999999076,35.02232176603276,35.02232176603276,4.650858846769815,8.916209045102576,35.02232176634878
12.9775211,0.1,11.949735686740784,0.1,19.210200362825862,19.210200362825862,2.7013360021397204,4.979056536141993,19.21020036433887
9.9764754,0.1,11.980750480286826,0.09999999999999609,19.371589304789588,19.371589304789588,2.674888130634221,4.991979366786176,19.37158930967425
18.2007616,0.1,18.983935665645372,0.09999999999999076,29.478507797606213,29.478507797606213,4.603402090550238,7.9099731940188605,29.478507797606213
35.1636326,0.1,31.103097978256116,0.1,48.79440333657475,48.79440333657475,7.39304006867874,12.959624157606715,48.794403330842535
