Time,Probability,RiskPremium,T0,T1,T2,Z,Expected,CVaR
19.967996,0.2,39.287459821857674,0.1,63.17809376188807,156.54192510569598,17.69187523379711,13.095819940619208,47.094878530384605
18.2905288,0.2,72.56499373255677,0.1,63.6545343968845,159.2186616820817,35.44511041412442,24.188331244185548,75.91453954117243
18.0659148,0.2,31.19010796392723,0.1,36.7901540834119,70.95489073513308,14.991886766367744,10.396702654642404,33.602776826310794
22.8320983,0.2,31.196690882043598,0.1,36.81050410629964,70.1419294082679,15.105645051730114,10.3988969606812,33.16749243921033
20.0974719,0.2,52.1536266654907,0.1,38.121498083200855,91.54684087940345,25.921488364307397,17.384542221830234,52.774926539242415
14.1456188,0.2,89.78401801585576,0.1,63.62646810097078,169.065317266968,43.90653801780186,29.92800600528522,93.7259019763601
