Time,Probability,RiskPremium,T0,T1,T2,Z,Expected,CVaR
71.9881325,0.25,22.80273551254071,0.1,25.535930417556028,25.535930417556028,7.160998957884673,11.401367756270352,25.535930417556028
79.6435285,0.25,47.85036943586393,0.1,48.62022224635661,48.62022224635661,16.516673459403926,23.92518471793196,48.620222246358644
19.5531163,0.25,19.7078624374334,0.1,21.274268848014675,21.274268848014675,6.427829929927267,9.8539312187167,21.274268848014675
13.3553276,0.25,20.44544361678511,0.09999999999999609,22.769160241542284,22.769160241542284,6.458790278447695,10.222721808392555,22.769160241542284
18.2073926,0.25,33.25322220160283,0.09999999999999076,32.27946020130541,32.27946020130541,11.930756369731487,16.626611100801416,32.27946020436799
18.4984621,0.25,55.883034740407886,0.1,50.31408156353092,50.31408156353092,21.229748114057188,27.941517370203915,50.31408155735897
