Time,Probability,RiskPremium,T0,T1,T2,Z,Expected,CVaR
9.6328649,0.2,22.262893899052653,0.1,63.17809376188807,156.54192510569598,5.76716809945691,13.095819940619208,47.094878530384605
7.7072051,0.2,41.120163115115496,0.1,63.6545343968845,159.2186616820817,11.759211041231234,24.188331244185548,75.91453954117243
7.3849532,0.2,17.6743945128921,0.1,36.7901540834119,70.95489073513308,4.957084441082877,10.396702654642404,33.602776826310794
7.3544614,0.2,17.678124833158034,0.1,36.81050410629964,70.1419294082679,5.00236832462393,10.3988969606812,33.16749243921033
6.1500495,0.2,29.553721777111384,0.1,38.121498083200855,91.54684087940345,8.63014112353995,17.384542221830234,52.774926539242415
6.6472956,0.2,50.87761020898491,0.1,63.62646810097078,169.065317266968,14.56981460659217,29.92800600528522,93.7259019763601
