Time,Probability,RiskPremium,T0,T1,T2,Z,Expected,CVaR
25.319462,0.15,17.808766092670176,0.09999999999999609,22.959476705721436,22.959476705721436,4.94974175995499,7.420319205279156,22.95947671223933
43.6817083,0.15,37.43486245023352,0.1,47.807177601683506,47.807177601683506,10.56374170926201,15.597859354263965,47.80717760199953
58.1466394,0.15,15.755781006977436,0.10000000000000142,18.81555311568058,18.81555311568058,4.903146726569976,6.564908752907205,18.81555311719358
14.4353723,0.15,15.836994076919382,0.09999999999999609,18.862238220086816,18.862238220086816,4.946024801976886,6.598747532049763,18.862238226029177
79.9928095,0.15,26.674904159058865,0.1,29.35601921587902,29.35601921182631,9.175844225174528,11.114543399607975,29.35601921182631
31.683585,0.15,43.35808142626394,0.09999999999998721,48.89614315860906,48.89614315860906,14.501617603269134,18.065867260943122,48.89614315251938
