Time,Probability,RiskPremium,T0,T1,T2,Z,Expected,CVaR
23.4047215,0.1,15.621344170688634,0.1,25.225240555179134,25.225240555179134,4.80887705957983,6.008209296418689,25.225240555179138
22.9261322,0.1,28.844217075968306,0.1,48.57512938456596,48.57512938456596,8.379987496372337,11.093929644603115,48.57512938457439
11.7394628,0.1,13.971822174899003,0.09999999999999609,21.75463247765646,21.75463247765646,4.502830735802491,5.373777759576551,21.75463247765646
15.032296,0.1,14.153288953498253,0.1,22.314622491282766,22.314622491282766,4.491953823639578,5.4435726744223905,22.314622496167427
32.9383838,0.1,21.296604090495972,0.1,31.32732036142229,31.32732035775711,7.321522821105987,8.191001573267695,31.327320357757127
11.7667822,0.1,34.451847345183005,0.09999999999998721,50.7881395725588,50.7881395725588,11.816779565462216,13.25071051737799,50.788139566749116
