Time,Probability,RiskPremium,T0,T1,T2,Z,Expected,CVaR
20.9618507,0.2,25.87954909726861,0.09999999999999432,32.03161328935613,32.03161328935613,10.846710072996473,10.78314545719525,32.031613292579806
22.7084268,0.2,50.403372425591456,0.09999999999999432,54.92203472447942,54.92203472447942,22.617841338768642,21.00140517732979,54.92203472479544
18.2730638,0.2,22.348763616778832,0.09999999999999609,26.447226762443968,26.447226762443968,9.609730391673628,9.311984840324522,26.44722676422803
19.7581424,0.2,22.589204668288797,0.09999999999999432,26.71037076396596,26.71037076396596,9.717395625001943,9.412168611786994,26.710370769286435
15.72216,0.2,35.8570947413561,0.1,36.703348957459646,36.703348957459646,16.564060035466284,14.940456142231758,36.703348960522206
15.0150319,0.2,60.63427949409983,0.1,62.957594238966536,62.957594238966536,27.831334150741977,25.264283122541663,62.957594226622646
