Time,Probability,RiskPremium,T0,T1,T2,Z,Expected,CVaR
16.8714431,0.15,25.93941398982213,0.1,63.178093761888086,109.79111751075698,9.86847096638535,10.375765595928852,48.34361511264845
13.9402004,0.15,46.36306397391959,0.1,63.6545343968845,159.2186616820817,19.246907501556368,18.54522558956784,75.68476480820352
15.3261794,0.15,21.320284256955453,0.1,36.7901540834119,61.68383187206888,8.843034663869759,8.528113702782191,34.85568630480569
14.6286252,0.15,21.325995315303892,0.1,36.81050410629964,59.60930820403673,8.949096795042257,8.530398126121549,34.17373408705541
13.7816683,0.15,33.98417622750768,0.1,38.121498083200855,91.54684087940345,14.680731615168066,13.59367049100308,51.658831299913444
13.8278748,0.15,57.26405918595251,0.1,63.62646810097078,169.06531726696798,23.840413477901375,22.905623674380998,93.02577056551507
