Time,Probability,RiskPremium,T0,T1,T2,Z,Expected,CVaR
12.6994292,0.25,25.76438425892916,0.09999999999999787,30.224089257673928,30.224089257673928,9.904562879538563,12.268754409013907,30.224089260897575
8.7485636,0.25,52.6704804543053,0.1,54.927657979574434,54.927657979574434,21.620003923164063,25.081181168716927,54.92765798083851
10.1755989,0.25,22.65954100265535,0.1,25.933668536704886,25.933668536704886,8.840601199294996,10.790257620312001,25.933668535553537
7.6232603,0.25,22.803372559260296,0.1,26.069101770355147,26.069101770355143,8.902553134994898,10.858748837742976,26.069101770355143
10.6199769,0.25,41.25341471445104,0.1,38.121498083200855,49.69270455274966,15.599287246015017,19.64448319735759,49.69270455274966
8.6732333,0.25,73.614458305814,0.1,63.62646810097078,92.11565028401684,27.147725084891047,35.05450395514964,92.11565028401684
