Time,Probability,RiskPremium,T0,T1,T2,Z,Expected,CVaR
41.5149691,0.15,16.17249969933529,0.1,24.42738366515038,24.42738366515038,4.289761033285109,7.70119033301679,24.42738366515038
37.6680595,0.15,32.85956462147739,0.1,48.068339171393106,48.06833917139312,9.106921035244323,15.64741172451305,48.06833917139312
12.202106,0.15,14.112211905644973,0.1,19.62794749149328,19.62794749149328,4.165149351805903,6.720100907449986,19.627947493006282
40.3730513,0.15,14.35963398587235,0.1,20.11607056658459,20.11607056658459,4.202175634988182,6.837920945653437,20.116070566576294
11.3007765,0.15,23.45151848534352,0.1,29.63350899060222,29.63350899060222,7.66759892149893,11.167389754925484,29.63350899060222
17.8689606,0.15,38.06593562169995,0.09999999999999432,49.226693232923914,49.226693232923914,12.16428530726192,18.126636010333197,49.22669322675194
