Time,Probability,RiskPremium,T0,T1,T2,Z,Expected,CVaR
5.0528734,0.1,16.190878760083596,0.1,63.178093761888086,109.79111751075695,4.731649438038108,7.7099422667064745,32.70518930229992
4.9888301,0.1,26.84863333786975,0.1,63.6545343968845,159.2186616820817,7.851253020559685,12.785063494223687,54.200508981466314
4.6411797,0.1,13.643683148675057,0.1,36.7901540834119,61.683831872068886,4.112153666613871,6.496991975559554,26.727242018903787
4.6340738,0.1,13.648304420379128,0.1,36.81050410629964,58.73116960119909,4.100620567600554,6.499192581132909,26.82246772543737
5.1234358,0.1,20.002273964759375,0.1,38.121498083200855,75.85949867597274,6.275910078949476,9.524892364171135,37.5347025084296
4.5597967,0.1,33.109492602762714,0.1,63.62646810097078,121.6785427124816,10.28466887524394,15.766425048934627,62.82241623949559
