Time,Probability,RiskPremium,T0,T1,T2,Z,Expected,CVaR
21.6315203,0.05,9.088997193678852,0.1,63.178093761888086,109.79111751075692,2.7266991581036524,4.544498596839426,22.722492984197146
13.2010344,0.05,13.88014557218379,0.1,63.6545343968845,119.67234110440711,4.1640436716551426,6.940072786091891,34.700363930459446
12.7831386,0.05,7.906345885766188,0.1,36.7901540834119,61.68383187206887,2.371903765729855,3.953172942883093,19.765864714415475
12.5505064,0.05,7.910505698221539,0.1,36.81050410629964,58.05967081709798,2.3731517094664643,3.9552528491107646,19.77626424555384
12.334396,0.05,10.29548188945947,0.1,38.12149808320086,75.85949867597273,3.0886445668378366,5.147740944729735,25.738704723648695
12.736814,0.05,16.93059409498401,0.1,63.6264681009708,121.67854271248154,5.079178228495202,8.465297047492005,42.32648523746003
