Time,Probability,RiskPremium,T0,T1,T2,Z,Expected,CVaR
13.5372212,0.1,20.045849893436834,0.1,63.178093761888086,109.79111751075695,4.837333516052325,7.7099422667064745,32.70518930229992
14.7610138,0.1,33.24116508498158,0.1,63.6545343968845,159.2186616820817,8.031467944585106,12.785063494223687,54.200508981466314
12.7680864,0.1,16.892179136454835,0.1,36.7901540834119,61.683831872068886,4.326112147892015,6.496991975559554,26.727242018903787
15.382387,0.1,16.897900710945585,0.1,36.81050410629964,58.73116960119909,4.301725586521333,6.499192581132909,26.82246772543737
11.8049695,0.1,24.764720146844954,0.1,38.121498083200855,75.85949867597274,6.836884739396278,9.524892364171135,37.5347025084296
11.8150825,0.1,40.99270512723004,0.1,63.62646810097078,121.6785427124816,11.109482721127119,15.766425048934627,62.82241623949559
