Time,Probability,RiskPremium,T0,T1,T2,Z,Expected,CVaR
12.2458866,0.05,-9.559535859201181e-12,2.0,-3.1845320252129264e-9,-3.1845320252129264e-9,-6.735127537164469e-12,-4.3452435723641734e-12,0.0
12.5981638,0.05,5.741965954560631e-12,2.0,3.91497678720043e-9,3.91497678720043e-9,4.045476013440445e-12,2.6099845248002867e-12,0.0
11.4113954,0.05,-2.2190893863201687e-12,0.1,0.0,0.0,-1.563449340361937e-12,-1.0086769937818947e-12,0.0
13.8604106,0.05,0.0,2.0,0.0,0.0,-0.0,0.0,0.0
11.4314416,0.05,5.3755741191707785e-12,2.0,3.6651641721618944e-9,3.6651641721618944e-9,3.787336311233958e-12,2.443442781441263e-12,0.0
11.882885,0.05,0.0,2.0,5.809681624668883e-9,5.809681624668883e-9,-0.0,0.0,0.0
