Time,Probability,RiskPremium,T0,T1,T2,Z,Expected,CVaR
64.6577808,0.25,27.98024768366367,0.1,29.563104505392428,29.563104505392428,11.465477746619287,12.165325079853837,29.563104508616085
23.4063399,0.25,57.35766776706774,0.1,54.019372139267674,54.019372139267674,25.149237416586733,24.938116420464166,54.01937214053176
22.2578599,0.25,24.695278617058182,0.1,25.598018154879465,25.598018154879465,10.242965833933283,10.737077659590527,25.598018153728116
21.8777814,0.25,24.808216430720492,0.09999999999999609,25.608915226028348,25.608915226028348,10.31635183173515,10.786181056835073,25.60891522543642
16.716172,0.25,44.872170311951805,0.1,38.121498083200855,48.833108456281224,18.03166374833197,19.509639266066024,48.833108456281224
11.0214779,0.25,70.12616993726378,0.1,63.34084889238278,63.34084889238278,31.423728386799546,30.4896391031581,63.34084889238278
