Time,Probability,RiskPremium,T0,T1,T2,Z,Expected,CVaR
12.9239183,0.05,12.724596071150396,0.1,63.178093761888086,109.79111751075692,2.7266991581036546,4.544498596839426,22.722492984197146
10.0533171,0.05,19.432203801057298,0.1,63.6545343968845,119.67234110440711,4.164043671655142,6.940072786091891,34.700363930459446
11.63199,0.05,11.068884240072672,0.1,36.7901540834119,61.68383187206887,2.371903765729863,3.953172942883093,19.765864714415475
18.2444934,0.05,11.074707977510156,0.1,36.81050410629964,58.05967081709798,2.3731517094664674,3.9552528491107646,19.77626424555384
11.520019,0.05,14.413674645243262,0.1,38.12149808320086,75.85949867597273,3.0886445668378424,5.147740944729735,25.738704723648695
12.4639367,0.05,23.70283173297762,0.1,63.6264681009708,121.67854271248154,5.079178228495208,8.465297047492005,42.32648523746003
