Time,Probability,RiskPremium,T0,T1,T2,Z,Expected,CVaR
12.946174,0.05,-8.690487144728347e-12,2.0,0.0,-3.1845320252129264e-9,-6.083359949116131e-12,-4.3452435723641734e-12,4.736951571734002e-17
10.6804106,0.05,5.219978523503717e-12,2.0,3.91497678720043e-9,3.91497678720043e-9,3.653966018646314e-12,2.6099892617518586e-12,4.736951571734002e-17
22.5899549,0.05,-2.0173397767090737e-12,0.1,0.0,0.0,-1.41216152845421e-12,-1.0086698883545369e-12,5.921189464667503e-17
16.5893404,0.05,4.9790192709527526e-12,2.0,3.7342573477872065e-9,3.7342573477872065e-9,3.4853040157637833e-12,2.4895096354763763e-12,2.368475785867001e-17
15.1532271,0.05,4.8868476672699525e-12,2.0,3.6651641721618944e-9,3.6651641721618944e-9,3.4207838931858244e-12,2.4434238336349755e-12,2.368475785867001e-17
13.4206676,0.05,2.842170943040401e-17,2.0,5.809681624668883e-9,5.809681624668883e-9,-2.747431911605722e-17,1.4210854715202004e-17,1.1842378929335005e-16
