Time,Probability,RiskPremium,T0,T1,T2,Z,Expected,CVaR
24.79749,0.15,8.696664134415162,0.1,13.525199248847532,13.525199248847532,0.6376492870553501,5.115684784950138,13.52519924897789
35.3295585,0.15,17.97913161495389,0.1,28.096207106144448,28.096207106144448,1.2710852745844305,10.575959773502206,28.09620710740853
13.6198537,0.15,9.040344211578155,0.1,13.572486182620286,13.572486182620286,0.8333718485869115,5.31784953622245,13.572486184133288
29.7045642,0.15,9.113003015434757,0.1,13.645034729004939,13.645034729004939,0.8528573523016869,5.360590009079262,13.6450347349473
11.8693656,0.15,17.854937517050683,0.1,27.12365693433774,27.12365693433774,1.5347697147940844,10.502904421794472,27.12365693740032
14.1604987,0.15,30.006850268373164,0.1,47.37301765184858,47.37301765184858,1.9530866352117024,17.651088393160904,47.37301765030558
