Time,Probability,RiskPremium,T0,T1,T2,Z,Expected,CVaR
12.1754899,0.05,-1.129763328814685e-11,2.0,-3.1845320252129264e-9,-3.1845320252129264e-9,-8.473224966110137e-12,-4.3452435723641734e-12,0.0
10.0338103,0.05,0.0,2.0,0.0,0.0,-0.0,0.0,0.0
17.1412911,0.05,-2.6225601838329264e-12,0.1,0.0,0.0,-1.9669201378746946e-12,-1.0086769937818947e-12,0.0
12.6243711,0.05,0.0,2.0,0.0,0.0,-0.0,0.0,0.0
10.1474879,0.05,0.0,2.0,0.0,0.0,-0.0,0.0,0.0
11.3283016,0.05,0.0,2.0,5.809681624668883e-9,5.809681624668883e-9,-0.0,0.0,0.0
