Time,Probability,RiskPremium,T0,T1,T2,Z,Expected,CVaR
20.7958375,0.2,37.97787782779568,0.1,63.17809376188807,156.54192510569598,16.168784181110933,13.095819940619208,42.140065627504306
20.9342241,0.2,70.14616060813822,0.1,63.6545343968845,159.2186616820817,32.451119510340504,24.188331244185548,69.21069742289262
19.9725065,0.2,30.15043769846293,0.1,36.7901540834119,70.95489073513308,13.564965491746786,10.396702654642404,31.02593449488825
26.4834195,0.2,30.15680118597545,0.1,36.81050410629964,70.1419294082679,13.654769358934722,10.3988969606812,30.742679848546288
19.0032191,0.2,50.41517244330769,0.1,38.121498083200855,91.54684087940345,23.93478840235956,17.384542221830234,47.70401495222346
19.6439147,0.2,86.79121741532711,0.1,63.62646810097078,169.065317266968,40.726959987805955,29.92800600528522,83.71551074607174
