Time,Probability,RiskPremium,T0,T1,T2,Z,Expected,CVaR
13.8981646,0.1,8.159016933443176,0.1,14.284365793631183,14.284365793631183,0.11412292067486285,3.885246158782464,14.284365793747057
9.381349,0.1,0.0,2.0,0.0,0.0,-0.0,0.0,0.0
23.2704931,0.1,8.270191832568056,0.1,14.304321226430533,14.304321226430531,0.1855513898335358,3.938186586937165,14.304321226430533
16.1891993,0.1,8.244662896074532,0.1,14.294462316690781,14.294462316690781,0.1712599990738226,3.9260299505116243,14.2944623167342
12.1297329,0.1,16.027183650224007,0.09999999999999076,28.26778180752595,28.26778180752595,0.1408756000442356,7.631992214392461,28.267781803860785
9.1007993,0.1,0.0,2.0,0.0,0.0,-0.0,0.0,0.0
