Time,Probability,RiskPremium,T0,T1,T2,Z,Expected,CVaR
15.3340769,0.15,18.676378072671945,0.1,63.178093761888086,109.79111751075698,5.147377255972351,10.375765595928852,41.90811780363635
16.9249768,0.15,33.38140606122211,0.1,63.6545343968845,159.2186616820817,9.961536228266656,18.54522558956784,67.29166802344398
16.7824775,0.15,15.350604665007937,0.1,36.7901540834119,61.68383187206888,4.537022747897524,8.528113702782191,31.38279584606454
15.7294598,0.15,15.354716627018814,0.1,36.81050410629964,59.60930820403673,4.565643951277143,8.530398126121549,31.11714362232266
14.6490262,0.15,24.468606883805545,0.1,38.121498083200855,91.54684087940345,7.6723420014428365,13.59367049100308,45.61961440459937
12.7968992,0.15,41.23012261388579,0.1,63.62646810097078,169.06531726696798,12.534025919364565,22.905623674380998,80.81035387578319
