Time,Probability,RiskPremium,T0,T1,T2,Z,Expected,CVaR
51.4996833,0.2,18.51301841841817,0.1,28.370046140812192,28.370046140812192,5.515252799226483,10.285010232454518,28.37004614403586
19.5822793,0.2,36.543215864545054,0.09999999999998366,50.03362684452918,50.03362684452918,11.781653235163894,20.301786591413986,50.03362684452916
23.6977712,0.2,16.373850391331935,0.09999999999999609,24.948213309760554,24.948213309760554,4.899522375668431,9.096583550739991,24.94821331689681
15.5404294,0.2,16.469856005814826,0.09999999999999254,24.8523313209896,24.8523313209896,4.964574304122467,9.149920003230404,24.852331326310072
13.7527762,0.2,26.20356959693265,0.1,33.956582230004734,33.956582230004734,8.736174397213809,14.557538664962468,33.956582230004734
7.4243101,0.2,43.99914106720771,0.1,57.2127011935934,57.2127011935934,14.63986371754287,24.44396725955977,57.2127011935934
