Time,Probability,RiskPremium,T0,T1,T2,Z,Expected,CVaR
18.0755747,0.2,17.435650629406418,0.09999999999999609,23.002398954383985,23.002398954383985,4.111270184888828,9.17665822600339,23.002398954383985
20.4156608,0.2,37.613572888328626,0.09999999999999076,47.37438937622248,47.37438937622248,9.543623958329922,19.796617309646678,47.374389377486565
47.481295,0.2,14.081052446255232,0.1,16.659780558135388,16.659780558135388,3.8953621122639035,7.411080234871181,16.65978056527164
16.5253263,0.2,13.998980758540757,0.1,16.22630402602479,16.22630402602479,3.973570320710253,7.367884609758227,16.226304036665734
44.7102462,0.2,25.91811428173527,0.1,29.097135625564068,29.097135625564068,7.6401946479339715,13.64111277986065,29.097135626329713
30.8821555,0.2,43.483174671526115,0.1,48.57525563608472,48.5752556376277,12.890480995991336,22.885881406066122,48.5752556376277
