Time,Probability,RiskPremium,T0,T1,T2,Z,Expected,CVaR
15.9878463,0.1,13.75900231533987,0.1,21.93060784247721,21.93060784247721,3.3272993123461654,5.503600926135947,21.930607848995077
10.5575332,0.1,23.323561105483414,0.1,37.46116163524466,37.46116163524466,5.554615504995475,9.32942444219336,37.46116163650874
18.829313,0.1,12.741192654469998,0.09999999999999609,19.899557449551278,19.899557449551278,3.2037914758991217,5.0964770617879624,19.899557451064286
44.461772,0.1,12.796526846614139,0.1,20.116070566576283,20.116070566576283,3.1786781592229136,5.118610738645684,20.11607056779745
21.3572343,0.1,19.901705451581424,0.09999999999999076,29.775055405677765,29.775055405677765,5.396711304534893,7.960682180632545,29.7750554020126
34.938093,0.1,32.42929465541624,0.1,48.86501159319755,48.86501159319755,8.68958867568337,12.9717178621665,48.86501158738788
