Time,Probability,RiskPremium,T0,T1,T2,Z,Expected,CVaR
18.4533376,0.2,39.287459821857674,0.1,63.17809376188807,156.54192510569598,23.287215312549936,13.095819940619208,42.140065627504306
28.8214573,0.2,72.56499373255677,0.1,63.6545343968845,159.2186616820817,43.87442587050048,24.188331244185548,69.21069742289262
20.4442292,0.2,31.19010796392723,0.1,36.7901540834119,70.95489073513308,18.730482125260263,10.396702654642404,31.02593449488825
33.2931418,0.2,31.196690882043598,0.1,36.81050410629964,70.1419294082679,18.7634156325759,10.3988969606812,30.742679848546288
17.68057,0.2,52.1536266654907,0.1,38.121498083200855,91.54684087940345,31.73713717062118,17.384542221830234,47.70401495222346
19.7527618,0.2,89.78401801585576,0.1,63.62646810097078,169.065317266968,54.4772615364919,29.92800600528522,83.71551074607174
