Time,Probability,RiskPremium,T0,T1,T2,Z,Expected,CVaR
24.7108296,0.2,37.97787782779568,0.1,63.17809376188807,156.54192510569598,21.482152028199913,13.095819940619208,47.094878530384605
33.8910444,0.2,70.14616060813822,0.1,63.6545343968845,159.2186616820817,40.78520853425395,24.188331244185548,75.91453954117243
22.7879488,0.2,30.15043769846293,0.1,36.7901540834119,70.95489073513308,17.433127626653707,10.396702654642404,33.602776826310794
32.4479583,0.2,30.15680118597545,0.1,36.81050410629964,70.1419294082679,17.481044677441346,10.3988969606812,33.16749243921033
16.6756789,0.2,50.41517244330769,0.1,38.121498083200855,91.54684087940345,29.49159178973628,17.384542221830234,52.774926539242415
12.5250846,0.2,86.79121741532711,0.1,63.62646810097078,169.065317266968,50.4834218129344,29.92800600528522,93.7259019763601
