Time,Probability,RiskPremium,T0,T1,T2,Z,Expected,CVaR
27.4700288,0.15,23.99966975676435,0.1,26.123133143747122,26.123133143747122,8.750482545305474,7.999889918921508,26.123133150265016
60.2870819,0.15,47.22239343096675,0.09999999999999076,48.59746718815903,48.59746718815903,18.338927869004124,15.740797810322277,48.597467189423114
44.0053211,0.15,20.818430100718093,0.1,20.86319167679214,20.86319167679214,8.309467409857621,6.9394767002393385,20.86319167679214
31.5192252,0.15,21.10326708712972,0.1,21.243098384324824,21.243098384324824,8.385374315973838,7.034422362376554,21.243098384324824
46.4742411,0.15,33.94264136091906,0.1,30.468375356821724,30.468375356821724,14.966762944781536,11.31421378697304,30.468375359884305
16.0140029,0.15,55.06044387348622,0.09999999999998721,50.550959528104926,50.550959528104926,23.827971287547033,18.353481291161938,50.550959528104926
