Time,Probability,RiskPremium,T0,T1,T2,Z,Expected,CVaR
10.4039804,0.05,-7.82143843025551e-12,2.0,-3.1845320252129264e-9,-3.1845320252129264e-9,-4.127981393745964e-12,-4.3452435723641734e-12,0.0
10.9205353,0.05,0.0,2.0,0.0,0.0,-0.0,0.0,0.0
11.3992326,0.05,-1.8156185888074103e-12,0.1,0.0,0.0,-9.582431440927999e-13,-1.0086769937818947e-12,0.0
14.0240623,0.05,0.0,2.0,0.0,0.0,-0.0,0.0,0.0
10.9925464,0.05,0.0,2.0,0.0,0.0,-0.0,0.0,0.0
11.4780602,0.05,0.0,2.0,5.809681624668883e-9,5.809681624668883e-9,-0.0,0.0,0.0
