Time,Probability,RiskPremium,T0,T1,T2,Z,Expected,CVaR
10.8738713,0.05,1.3991685392511498e-10,2.0,6.51786535854626e-9,0.0,-6.083341475005025e-12,6.083341475004998e-11,3.041670737502501e-10
11.6454852,0.05,-7.803852639653995e-11,2.0,0.0,0.0,-5.598416024099608e-11,-3.3929794085452155e-11,0.0
12.1979024,0.05,-2.319940743215435e-12,0.1,0.0,0.0,-1.6643260399481125e-12,-1.0086698883545369e-12,5.921189464667503e-17
12.780783,0.05,-5.7258601771081874e-11,2.0,0.0,0.0,-4.107682300968916e-11,-2.4895044248296476e-11,0.0
12.7695234,0.05,-6.18191459504184e-11,2.0,0.0,0.0,-4.434851774703929e-11,-2.687788954366018e-11,0.0
10.8777787,0.05,3.268496584496461e-17,2.0,5.809681624668883e-9,5.809681624668883e-9,-1.8000415972589207e-17,1.4210854715202004e-17,1.1842378929335005e-16
