Time,Probability,RiskPremium,T0,T1,T2,Z,Expected,CVaR
17.0896794,0.15,24.901837430229225,0.1,63.178093761888086,109.79111751075698,9.053897501406391,10.375765595928852,37.736637260398794
14.9043693,0.15,44.50854141496288,0.1,63.6545343968845,159.2186616820817,17.163559187604786,18.54522558956784,62.54400877851889
16.7836914,0.15,20.467472886677243,0.1,36.7901540834119,61.68383187206888,7.918666351137823,8.528113702782191,28.631577866568378
18.0097366,0.15,20.472955502691754,0.1,36.81050410629964,59.60930820403673,7.944545205862554,8.530398126121549,28.520458979659754
18.154709,0.15,32.62480917840738,0.1,38.121498083200855,91.54684087940345,13.399541851844514,13.59367049100308,41.75165466880207
14.1634924,0.15,54.973496818514384,0.1,63.62646810097078,169.06531726696798,22.030749203788396,22.905623674380998,73.09124337610605
