Time,Probability,RiskPremium,T0,T1,T2,Z,Expected,CVaR
23.620777,0.2,21.73205205058753,0.09999999999999432,28.780779811700583,28.780779811700583,7.697019116185302,10.348596214565456,28.780779813749238
7.5051641,0.2,42.77934389862774,0.09999999999998366,50.480119226449204,50.480119226449204,16.38642713957486,20.37111614220375,50.480119226449204
8.4110895,0.2,19.236343921623764,0.09999999999999432,25.359184269538734,25.359184269538734,6.836376048527391,9.160163772201752,25.359184276674984
9.0799554,0.2,19.302776632181157,0.1000000106408514,25.121644036354283,25.121644036354283,6.925009106824784,9.191798396276713,25.121644041674756
8.4260639,0.2,30.70375432972746,0.1,34.362479551107356,34.362479551107356,12.134590103419448,14.620835395108221,34.362479551107356
7.7476533,0.2,51.63944877522495,0.1,58.15188650203069,58.15188650203069,20.33690051282834,24.590213702488136,58.15188650203069
