Time,Probability,RiskPremium,T0,T1,T2,Z,Expected,CVaR
12.5379533,0.25,32.47809950043526,0.1,63.17809376188807,156.54192510569595,13.405166902253328,15.46576166687393,51.53747097995397
9.4252775,0.25,62.0353482144364,0.1,63.6545343968845,159.2186616820817,26.983686891599433,29.540642006874442,84.65083516649952
8.8593382,0.25,25.492087892257153,0.1,36.7901540834119,70.95489073513308,11.074509553038435,12.139089472503418,34.92397813965663
8.4550721,0.25,25.496877811876768,0.1,36.81050410629964,70.14192940826788,11.107766826148556,12.14137038660799,34.61877637781018
7.7982119,0.25,44.181780444247075,0.1,38.121498083200855,91.54684087940345,19.348017070082978,21.038943068689104,58.9871461234396
8.0221881,0.25,77.32283426618021,0.1,63.62646810097078,169.065317266968,33.796176441409216,36.820397269609536,103.88300282122408
