Time,Probability,RiskPremium,T0,T1,T2,Z,Expected,CVaR
14.4877176,0.1,20.045849893436834,0.1,63.178093761888086,109.79111751075695,8.937541880729146,7.7099422667064745,41.693599726718645
12.3003507,0.1,33.24116508498158,0.1,63.6545343968845,159.2186616820817,15.193145250681457,12.785063494223687,65.414626894988
11.2269356,0.1,16.892179136454835,0.1,36.7901540834119,61.683831872068886,7.798223493120817,6.496991975559554,32.46662865330432
28.709151,0.1,16.897900710945585,0.1,36.81050410629964,58.73116960119909,7.8156838457788345,6.499192581132909,32.32943542147129
25.5190477,0.1,24.764720146844954,0.1,38.121498083200855,75.85949867597274,11.766961343181931,9.524892364171135,44.25355675909002
21.5502772,0.1,40.99270512723004,0.1,63.62646810097078,121.6785427124816,19.266479302997592,15.766425048934627,75.36443280191288
