Time,Probability,RiskPremium,T0,T1,T2,Z,Expected,CVaR
13.0056792,0.05,11.815696351782517,0.1,63.178093761888086,109.79111751075692,3.635598877471539,4.544498596839426,22.722492984197146
10.2191067,0.05,18.044189243838925,0.1,63.6545343968845,119.67234110440711,5.552058228873521,6.940072786091891,34.700363930459446
14.1297121,0.05,10.278249651496049,0.1,36.7901540834119,61.68383187206887,3.162538354306474,3.953172942883093,19.765864714415475
17.2770619,0.05,10.283657407687999,0.1,36.81050410629964,58.05967081709798,3.164202279288617,3.9552528491107646,19.77626424555384
17.3903831,0.05,13.384126456297315,0.1,38.12149808320086,75.85949867597273,4.118192755783789,5.147740944729735,25.738704723648695
12.1857092,0.05,22.009772323479226,0.1,63.6264681009708,121.67854271248154,6.772237637993607,8.465297047492005,42.32648523746003
