Time,Probability,RiskPremium,T0,T1,T2,Z,Expected,CVaR
42.5241493,0.15,12.005710612908537,0.1,17.950932400814786,17.950932400814786,2.1972743471555005,6.3187950594255495,17.950932413850577
26.8945305,0.15,24.170745047571828,0.09999999999999076,35.76595215611197,35.76595215611197,4.5359480673275225,12.721444761879981,35.76595215642799
45.1033864,0.15,10.811711540824945,0.1,14.893087637842402,14.893087637842402,2.360523102398647,5.690374495170953,14.893087639355413
37.7146641,0.15,10.848737257989557,0.1,14.887822183103971,14.887822183103971,2.3854874027463957,5.709861714731391,14.887822183103971
24.8289933,0.15,20.89217631327153,0.1,28.825126473271204,28.825126473271204,4.547520781271308,10.995882270142971,28.825126476333782
13.1097479,0.15,34.16090491472278,0.1,48.49549570111265,48.495495694940686,7.026659660562663,17.979423639327877,48.49549568876869
