Time,Probability,RiskPremium,T0,T1,T2,Z,Expected,CVaR
22.5002596,0.25,34.02467566713488,0.1,63.17809376188807,156.54192510569595,9.46524800845123,15.465761666879487,45.77798163956004
24.277298,0.25,64.97840289889179,0.1,63.6545343968845,151.71217334081442,21.317407244165857,29.535637681314437,76.62016425935269
21.8673593,0.25,26.702916903540004,0.1,36.7901540834119,68.85493439364407,8.473725257800568,12.137689501609088,32.44269664871028
23.5815866,0.25,26.711014850537563,0.1,36.81050410629964,71.72100819410541,8.540226251036804,12.141370386607987,32.2394310962506
22.3678186,0.25,46.285674751116105,0.1,38.121498083200855,91.54684087940338,15.30167138199329,21.0389430686891,54.18914407013496
19.9800022,0.25,81.0048739931411,0.09999999999998721,63.6264681009708,169.06531726696795,26.919937174398047,36.820397269609536,94.36886243338792
