Time,Probability,RiskPremium,T0,T1,T2,Z,Expected,CVaR
28.5297901,0.1,15.86379108880203,0.1,24.281960688859908,24.281960688859908,4.4663681515068685,5.875478181037809,24.28196070189564
39.3205856,0.1,29.908278494129924,0.1,48.459222069354915,48.459222069354915,7.616513745120938,11.077140183011082,48.459222069670936
10.0191786,0.1,14.135437405798996,0.09999999999999609,20.77568887736612,20.77568887736612,4.237987711002169,5.235347187332955,20.77568887887913
15.4865857,0.1,14.195408587451011,0.1,21.001121568774323,21.001121568774323,4.214781000088265,5.25755873609298,21.001121573658985
13.3999233,0.1,21.789992704150393,0.09999999999999076,30.46837536661205,30.46837536661205,7.000222727523583,8.070367668203836,30.468375362946887
14.9532078,0.1,35.26405714846721,0.09999999999998721,49.440392525079886,49.440392525079886,11.289406057898441,13.06076190683966,49.440392519270205
