Time,Probability,RiskPremium,T0,T1,T2,Z,Expected,CVaR
23.4034225,0.25,34.6050763050845,0.1,34.123340891014486,34.123340891014486,16.46171988647411,12.816694927809014,34.123340891014486
17.672852,0.25,69.3068765989281,0.1,59.1255647581788,59.1255647581788,35.27357524301444,25.669213555158528,59.1255647581788
18.9108306,0.25,29.47709667939989,0.1,26.84336081620385,26.84336081620385,14.578174065268028,10.917443214592597,26.843360812749815
23.7961117,0.25,29.76335024709185,0.09999999999999609,27.24118995106666,27.24118995106666,14.685455468614352,11.023463054478388,27.24118995047473
21.3432489,0.25,53.95081135483006,0.1,38.121498083200855,52.06677868286836,25.9477801966601,19.981781983270494,52.06677868286836
18.5574665,0.25,95.44680787415174,0.1,63.62646810097078,94.20876552789342,45.38161430491411,35.35066958301895,94.20876552789342
