Time,Probability,RiskPremium,T0,T1,T2,Z,Expected,CVaR
80.2503101,0.25,23.38732689619253,0.09999999999999609,26.918397089934864,26.918397089934864,7.8874800366852025,11.693663448096265,26.91839709374093
22.8744022,0.25,48.4366603966994,0.09999999999998366,50.03362684452917,50.03362684452917,17.764506036804885,24.218330198349687,50.03362684452917
34.682963,0.25,20.911119596488735,0.1,24.032048134074216,24.032048134074202,7.061437714862581,10.455559798244368,24.032048131771514
19.231247,0.25,21.07613441987166,0.09999999999999609,24.22291521308913,24.22291521308913,7.11685520914753,10.53806720993583,24.22291521308913
14.2638216,0.25,34.406386970655056,0.09999999999999432,35.01068615287881,35.01068615287881,12.751320317674033,17.203193485327525,35.01068615594139
11.1222907,0.25,58.176682801004965,0.09999999999999432,55.708583087853185,55.708583087853185,22.433280978664783,29.08834140050245,55.708583087853185
