Time,Probability,RiskPremium,T0,T1,T2,Z,Expected,CVaR
23.6988043,0.25,38.664404167184834,0.1,63.17809376188807,156.54192510569595,17.136198505779234,15.46576166687393,45.77798163953224
25.6585848,0.25,73.8516050171862,0.1,63.6545343968845,159.2186616820817,34.890054234256006,29.540642006874442,76.6451858871527
21.8555029,0.25,30.34772368125852,0.1,36.7901540834119,70.95489073513308,14.14651280261942,12.139089472503418,32.44969650318193
25.7407878,0.25,30.353425966519957,0.1,36.81050410629964,70.14192940826788,14.192443437983451,12.14137038660799,32.23943109625061
22.785454,0.25,52.59735767172279,0.1,38.121498083200855,91.54684087940345,24.928374402744485,21.038943068689104,54.18914407013498
21.5812,0.25,92.05099317402387,0.1,63.62646810097078,169.065317266968,43.72090287165852,36.820397269609536,94.36886243338787
