Time,Probability,RiskPremium,T0,T1,T2,Z,Expected,CVaR
7.353629,0.1,0.0,2.0,0.0,0.0,-0.0,0.0,0.0
7.1976903,0.1,0.0,2.0,0.0,0.0,-0.0,0.0,0.0
8.843425,0.1,0.0,2.0,0.0,0.0,-0.0,0.0,0.0
6.9252474,0.1,0.0,2.0,0.0,0.0,-0.0,0.0,0.0
7.5864523,0.1,0.0,2.0,0.0,0.0,-0.0,0.0,0.0
6.7739639,0.1,0.0,2.0,0.0,0.0,-0.0,0.0,0.0
