Time,Probability,RiskPremium,T0,T1,T2,Z,Expected,CVaR
47.1167696,0.15,16.15221404568697,0.10000000488837557,21.00615257992449,21.00615257992449,4.235304498226583,7.022701758994351,21.00615258318306
40.8234512,0.15,35.67444909319076,0.10000000000000009,47.3858702024678,47.385870202467814,9.00748499554808,15.510630040517796,47.38587020373188
29.8177819,0.15,14.626153212058254,0.1,17.825273601509114,17.825273601509114,4.253829369861447,6.359197048721,17.825273601509114
11.533959,0.15,14.811731830860259,0.1,18.103821256680614,18.103821256680614,4.289470175872997,6.439883404721827,18.103821262622976
73.2532129,0.15,25.471635512297645,0.1,29.16418732677299,29.16418732677299,8.065664259669166,11.074624135781487,29.16418732677299
87.1772899,0.15,41.474249712491506,0.1,48.72642581282299,48.72642581282299,12.699017065763872,18.032282483692057,48.726425806651015
