Time,Probability,RiskPremium,T0,T1,T2,Z,Expected,CVaR
23.0620592,0.25,40.21098033387221,0.1,63.17809376188807,156.54192510569595,18.124407566571193,15.46576166687393,59.60450233638771
21.9887486,0.25,76.80566921787369,0.1,63.6545343968845,159.2186616820817,37.11953147531593,29.540642006874442,97.1772802447629
25.5198093,0.25,31.56163262850889,0.1,36.7901540834119,70.95489073513308,15.421503359645918,12.139089472503418,38.81268811490056
20.9087892,0.25,31.567563005180766,0.1,36.81050410629964,70.14192940826788,15.513038125647721,12.14137038660799,38.22906700610842
21.067659,0.25,54.701251978591635,0.1,38.121498083200855,91.54684087940345,27.45833388596751,21.038943068689104,62.39877656158932
18.2805182,0.25,95.73303290098482,0.1,63.62646810097078,169.065317266968,48.13028876112449,36.820397269609536,108.70270973794835
