Time,Probability,RiskPremium,T0,T1,T2,Z,Expected,CVaR
20.6678613,0.15,25.32975730150372,0.1,45.449595948038464,45.449595948038464,12.016804794640603,9.742214346732199,45.449595948041235
14.2940356,0.15,44.3127523235365,0.1,62.14929377178778,62.14929377178778,22.75879329590282,17.0433662782833,62.14929377178778
14.2697372,0.15,20.707709230995647,0.1,30.110173954983438,30.110173954983438,10.528638640152645,7.964503550382958,30.110173954983438
24.0163524,0.15,20.761194663371036,0.1,29.262809587654484,29.262809587654484,10.648346320536746,7.98507487052731,29.262809593596845
15.12689,0.15,34.18060601569783,0.1,38.12149808320086,53.84852960466462,16.964004819028293,13.14638692911453,53.84852960466462
14.7699439,0.15,58.17053059953075,0.1,63.62646810097078,96.3267411611543,28.4019035835777,22.373280999819595,96.3267411611543
