Time,Probability,RiskPremium,T0,T1,T2,Z,Expected,CVaR
41.7327415,0.2,26.11160723920626,0.1,26.933835203188586,26.933835203188586,10.156863108006627,10.042925861233144,26.933835203994505
19.5336157,0.2,52.283193791753625,0.09999999999999076,48.839013676705875,48.839013676705875,22.1187405565258,20.10892068913592,48.83901367797
17.5530042,0.2,22.78063715681796,0.1,22.97442639775981,22.97442639775981,9.0444286258999,8.761783521853005,22.97442640489606
56.7806461,0.2,23.03868134019959,0.1,23.15966439953577,23.15966439953577,9.173128465303908,8.861031284692144,23.159664399559425
11.9895041,0.2,37.256475839426265,0.1,32.559782766843576,32.559782766843576,16.546432911174488,14.32941378439462,32.559782766843576
10.7833945,0.2,61.37768586036741,0.1,52.212736585343634,52.212736585343634,27.758806590405413,23.606802253987457,52.212736585343634
