Time,Probability,RiskPremium,T0,T1,T2,Z,Expected,CVaR
17.770962,0.15,21.526017107299563,0.1,39.508898173944715,39.508898173944715,9.15190320444005,9.359137872738934,39.50889817394472
15.6993603,0.15,38.84621504217538,0.1,59.83531564834465,59.83531564834465,17.661990634497794,16.88965871398927,59.835315650872815
19.1453663,0.15,18.096624897259623,0.1,28.606406008475965,28.606406008475965,8.154696293136515,7.868097781417252,28.606406008475965
30.4580568,0.15,18.220427381709214,0.09999999999999609,28.272593597292392,28.272593597292392,8.263435568259759,7.921924948569212,28.272593597371625
14.9729973,0.15,27.97614892961921,0.1,37.827701964364834,37.827701964364834,13.246190021592607,12.16354301287795,37.827701964364834
10.9373149,0.15,51.2896136639144,0.1,63.62646810097078,95.22985354856623,21.69677948404774,22.29983202778892,95.22985354856623
