Time,Probability,RiskPremium,T0,T1,T2,Z,Expected,CVaR
19.807399,0.1,12.200706447846633,0.09999999999999609,25.918309735359834,25.918309735359834,3.1276597462301527,6.1003532239233165,25.9183097418777
36.1475958,0.1,22.202967278276862,0.09999999999999076,48.632942319361746,48.632942319361746,5.471764836915339,11.101483639138431,48.63294232062583
13.6194446,0.1,10.828180244701453,0.09999999999999609,22.05895710271173,22.05895710271173,2.917360075239857,5.414090122350725,22.05895710308998
12.1859595,0.1,11.077480915680578,0.09999999999999609,23.038038710080095,23.038038710080095,2.9138457192716074,5.538740457840286,23.038038714964756
15.1639026,0.1,16.51814310852015,0.09999999999999076,31.84009202295964,31.84009202295964,4.721918484092553,8.259071554260075,31.840092022043347
10.3218871,0.1,26.653103598417736,0.09999999999998721,51.36470374992561,51.36470374992561,7.620829007472738,13.326551799208868,51.36470374411593
