Time,Probability,RiskPremium,T0,T1,T2,Z,Expected,CVaR
14.7893371,0.1,0.0,2.0,0.0,0.0,-0.0,0.0,0.0
11.1535887,0.1,0.0,2.0,0.0,0.0,-0.0,0.0,0.0
11.0750192,0.1,0.0,2.0,0.0,0.0,-0.0,0.0,0.0
10.2087506,0.1,0.0,2.0,0.0,0.0,-0.0,0.0,0.0
9.3464386,0.1,0.0,2.0,0.0,0.0,-0.0,0.0,0.0
12.4585835,0.1,0.0,2.0,0.0,0.0,-0.0,0.0,0.0
