Time,Probability,RiskPremium,T0,T1,T2,Z,Expected,CVaR
11.5289557,0.05,-8.255962787491929e-12,2.0,-3.1845320252129264e-9,-3.1845320252129264e-9,-4.997030108218799e-12,-4.3452435723641734e-12,0.0
11.5217289,0.05,4.958970597120545e-12,2.0,3.91497678720043e-9,3.91497678720043e-9,3.0014822035203295e-12,2.6099845248002867e-12,0.0
17.0079818,0.05,-1.9164862881855998e-12,0.1,0.0,0.0,-1.1599785428491787e-12,-1.0086769937818947e-12,0.0
19.1294755,0.05,0.0,2.0,0.0,0.0,-0.0,0.0,0.0
24.5676514,0.05,4.6425412847383994e-12,2.0,3.6651641721618944e-9,3.6651641721618944e-9,2.809959198657452e-12,2.443442781441263e-12,0.0
20.0446037,0.05,0.0,2.0,5.809681624668883e-9,5.809681624668883e-9,-0.0,0.0,0.0
