Time,Probability,RiskPremium,T0,T1,T2,Z,Expected,CVaR
46.4255822,0.15,17.514939833876124,0.1,25.893510223148162,25.893510223148162,5.070560061994949,7.961336288125529,25.893510223148162
32.7381355,0.15,34.57417333392674,0.09999999999999076,48.44560979479116,48.44560979479116,10.676120884966537,15.71553333360305,48.44560979503134
16.9981257,0.15,15.152071660752142,0.09999999999999609,20.55383749929364,20.55383749929364,4.848133310672338,6.887305300341842,20.55383749929364
14.9726044,0.15,15.260459220549924,0.1,20.666415538270495,20.666415538270495,4.891426054763766,6.936572372977236,20.666415544212857
27.9351332,0.15,24.815325072855373,0.1,30.26420595876186,30.26420595876186,8.789503671198492,11.279693214934294,30.26420596182445
41.1586798,0.15,40.16399112090463,0.09999999999998721,49.972628766892896,49.972628766892896,13.978564230415849,18.25635960041133,49.97262876072092
