Time,Probability,RiskPremium,T0,T1,T2,Z,Expected,CVaR
10.435116,0.25,32.47809950043526,0.1,63.17809376188807,156.54192510569595,12.465504837662577,15.46576166687393,45.77798163953224
9.1422142,0.25,62.0353482144364,0.1,63.6545343968845,159.2186616820817,25.42902462552021,29.540642006874442,76.6451858871527
8.0800952,0.25,25.492087892257153,0.1,36.7901540834119,70.95489073513308,10.306407365151976,12.139089472503418,32.44969650318193
9.4575145,0.25,25.496877811876768,0.1,36.81050410629964,70.14192940826788,10.340798318822394,12.14137038660799,32.23943109625061
8.2116285,0.25,44.181780444247075,0.1,38.121498083200855,91.54684087940345,18.170307225341105,21.038943068689104,54.18914407013498
7.55049,0.25,77.32283426618021,0.1,63.62646810097078,169.065317266968,31.870167222003946,36.820397269609536,94.36886243338787
