Time,Probability,RiskPremium,T0,T1,T2,Z,Expected,CVaR
7.6567566,0.2,24.88205788717649,0.1,63.17809376188807,156.54192510569598,7.429601093524523,13.095819940619208,42.140065627504306
7.5220755,0.2,45.957829363952634,0.1,63.6545343968845,159.2186616820817,15.016143192961003,24.188331244185548,69.21069742289262
7.603089,0.2,19.753735043820555,0.1,36.7901540834119,70.95489073513308,6.262647613141286,10.396702654642404,31.02593449488825
7.1064933,0.2,19.757904225294297,0.1,36.81050410629964,70.1419294082679,6.307439831433337,10.3988969606812,30.742679848546288
7.4254153,0.2,33.03063022147739,0.1,38.121498083200855,91.54684087940345,11.098167090088188,17.384542221830234,47.70401495222346
6.0782492,0.2,56.863211410041956,0.1,63.62646810097078,169.065317266968,18.867079693638736,29.92800600528522,83.71551074607174
