Time,Probability,RiskPremium,T0,T1,T2,Z,Expected,CVaR
71.7523165,0.15,10.00067534720938,0.1,15.005628012215082,15.005628012215082,1.6098354176723424,5.555930748449643,15.005628018741069
64.0591342,0.15,21.454372441099995,0.09999999999999432,32.685240840908655,32.685240840908655,3.305433128020312,11.919095800611071,32.68524084217274
50.9251714,0.15,9.972156976850622,0.1,14.30181659306408,14.30181659306408,1.803550952350141,5.540087209361518,14.301816593158222
31.6572625,0.15,10.01148193698414,0.1,14.309335938756584,14.309335938756584,1.8253270687522194,5.561934409435631,14.309335938756584
39.1979695,0.15,19.547468132451435,0.1,28.313513297830625,28.313513297830603,3.4516209804822298,10.859704518028684,28.313513297830625
25.126782,0.15,32.27829333917518,0.09999999999998721,48.31756541285972,48.317565419031695,5.230354085267465,17.932385188430526,48.31756540668775
