Time,Probability,RiskPremium,T0,T1,T2,Z,Expected,CVaR
20.2783637,0.2,20.416684777229985,0.09999999999999432,27.8957758616827,27.8957758616827,6.670855693356708,10.208342388614987,27.895775864906376
22.4544247,0.2,40.240326573178415,0.09999999999999432,48.90594640731629,48.90594640731629,14.363006662366292,20.120163286589207,48.905946407703944
17.9911013,0.2,18.015884004278515,0.1,24.396856257798916,24.396856257798916,5.930159149580114,9.007942002139249,24.396856264935167
18.5689664,0.2,18.163358746155392,0.1,24.431297844190613,24.431297844190613,6.011755677791016,9.081679373077687,24.431297849511086
17.7347276,0.2,28.70097851087387,0.1,32.679007257817666,32.679007257817666,10.68478565496077,14.350489255436909,32.679007257817666
17.2429038,0.2,47.99138988214384,0.1,54.45610058432832,54.45610058432832,17.90361381242053,23.995694941071886,54.45610058432832
