Time,Probability,RiskPremium,T0,T1,T2,Z,Expected,CVaR
15.6760172,0.25,21.978825989544074,0.1,35.009105052231746,35.009105052231746,6.842066431032798,12.928721170320145,35.009105052231746
6.0594312,0.25,43.73117895451507,0.1,59.55980478963396,59.55980478963396,14.623397852446725,25.72422291442063,59.55980479089804
19.0832512,0.25,18.582712039799485,0.1,26.950450730004114,26.950450730004114,6.049760592787605,10.931007082235004,26.95045073000411
5.5692865,0.25,18.745721263580474,0.09999999999999609,27.268509496055277,27.268509496055277,6.09466493913823,11.026894860929673,27.268509496055277
5.7580408,0.25,33.981263470614046,0.1,38.121498083200855,52.12349002677962,10.778833807022794,19.988978512125893,52.12349002677962
5.7468525,0.25,60.139332937158215,0.1,63.62646810097078,94.40871611589405,18.85999094707335,35.37607819832822,94.40871611589405
