Time,Probability,RiskPremium,T0,T1,T2,Z,Expected,CVaR
11.6465129,0.05,9.997896913046745,0.1,63.178093761888086,109.79111751075692,0.9088997193678889,4.544498596839426,22.722492984197146
12.7886955,0.05,15.268160129402169,0.1,63.6545343968845,119.67234110440711,1.3880145572183844,6.940072786091891,34.700363930459446
12.0030278,0.05,8.69698047434281,0.1,36.7901540834119,61.68383187206887,0.7906345885766171,3.953172942883093,19.765864714415475
12.7073813,0.05,8.70155626804369,0.1,36.81050410629964,58.05967081709798,0.7910505698221535,3.9552528491107646,19.77626424555384
13.0316931,0.05,11.32503007840542,0.1,38.12149808320086,75.85949867597273,1.0295481889459441,5.147740944729735,25.738704723648695
13.4372841,0.05,18.62365350448243,0.1,63.6264681009708,121.67854271248154,1.6930594094984137,8.465297047492005,42.32648523746003
