Time,Probability,RiskPremium,T0,T1,T2,Z,Expected,CVaR
16.4509203,0.15,16.60122495348617,0.1,63.17809376188807,109.79111751075698,2.1213286078868303,10.375765595928852,37.736637260398794
15.2984196,0.15,29.672360943308608,0.1,63.6545343968845,159.21866168208157,4.527317875398111,18.54522558956784,62.54400877851889
15.4854505,0.15,13.644981924451509,0.1,36.79015408341189,61.68383187206885,2.101348597101398,8.528113702782191,28.631577866568378
12.7883945,0.15,13.648637001794501,0.1,36.81050410629964,59.60930820403673,2.1197297476422117,8.530398126121549,28.520458979659754
12.4115313,0.15,21.74987278560491,0.1,38.121498083200855,91.54684087940345,3.9325046679319984,13.59367049100308,41.75165466880207
10.3069621,0.15,36.64899787900963,0.1,63.62646810097078,169.06531726696798,6.215531249369842,22.905623674380998,73.09124337610605
