Time,Probability,RiskPremium,T0,T1,T2,Z,Expected,CVaR
23.3435692,0.25,34.02467566712265,0.1,63.17809376188807,156.54192510569595,12.496470005717057,15.46576166687393,45.77798163953224
22.999565,0.25,64.98941241512381,0.1,63.6545343968845,159.2186616820817,26.027861632193655,29.540642006874442,76.6451858871527
23.6918489,0.25,26.70599683950753,0.1,36.7901540834119,70.95489073513308,10.504785960868428,12.139089472503418,32.44969650318193
24.9212883,0.25,26.711014850537577,0.1,36.81050410629964,70.14192940826788,10.550032322001073,12.14137038660799,32.23943109625061
21.127322,0.25,46.285674751116105,0.1,38.121498083200855,91.54684087940345,18.6166914821378,21.038943068689104,54.18914407013498
21.0888145,0.25,81.0048739931411,0.1,63.62646810097078,169.065317266968,32.67478369077575,36.820397269609536,94.36886243338787
