Time,Probability,RiskPremium,T0,T1,T2,Z,Expected,CVaR
18.4483068,0.2,29.300774469546358,0.09999999999999432,29.57586259260376,29.575862589380083,13.102822074378652,10.464562310552324,29.57586259260376
20.4310823,0.2,57.99786821184627,0.1,52.77808920626828,52.77808920626828,27.664974397004215,20.713524361373743,52.77808920626828
18.0066499,0.2,25.86723814414137,0.09999999999999254,25.895514329318523,25.895514329318523,11.631774307169637,9.238299337193311,25.895514336454774
18.4546543,0.2,26.054770560338135,0.10000001064089048,25.89802015613359,25.89802015613359,11.771671871817336,9.305275200120807,25.898020161454063
17.6540517,0.2,41.2195833600345,0.1,35.02081460309224,35.02081460309224,20.408443139098267,14.721279771440852,35.02081460309224
14.6337671,0.2,69.42800323014902,0.1,59.52498075468261,59.52498075468261,34.21350819620706,24.79571543933893,59.52498075468261
