Time,Probability,RiskPremium,T0,T1,T2,Z,Expected,CVaR
60.8923442,0.1,8.665612399133298,0.1,16.12469280629267,16.12469280629267,0.7952402155934596,4.332806199566648,16.124692812810522
43.648537,0.1,15.506410472189637,0.09999999999999076,29.197621050028552,29.197621050028552,1.3198804918199643,7.753205236094819,29.197621050344573
9.8147692,0.1,8.273143537872476,0.1,15.118973045706841,15.118973045706841,0.8418513859050509,4.136571768936238,15.118973045706841
27.1292259,0.1,8.22383888694074,0.1,15.063582422039547,15.063582422039547,0.8264205498996381,4.11191944347037,15.063582422039547
22.9265812,0.1,15.576303050299654,0.1,28.876409886131537,28.876409886131537,1.4616740171302312,7.788151525149827,28.876409885215246
16.7260648,0.1,25.817632353871268,0.1,48.54190193235084,48.54190193235084,2.218890450746872,12.908816176935634,48.541901930898426
