Time,Probability,RiskPremium,T0,T1,T2,Z,Expected,CVaR
43.7396656,0.15,13.935227850865553,0.09999999999999432,18.01285312291743,18.01285312291743,2.929569912469433,6.334194477666158,18.012853129491074
40.0399133,0.15,27.9871784759803,0.1,35.76595215611197,35.76595215611197,6.047930756450106,12.721444761809119,35.76595215611197
21.3940843,0.15,12.518823889376247,0.1,14.893087637842402,14.893087637842402,3.1473641365314804,5.690374495170953,14.893087639355404
31.4607435,0.15,12.561695769140767,0.1,14.887822177161611,14.887822177161611,3.1806498703286774,5.7098617132458065,14.887822177161611
24.4598076,0.15,24.188458467948784,0.1,28.820612790549873,28.820612790549873,6.063361041982044,10.99475384906763,28.82061279131552
43.6299937,0.15,39.55473200652143,0.1,48.49549568876869,48.49549569031167,9.36887954741714,17.979423639327877,48.49549568876868
