Time,Probability,RiskPremium,T0,T1,T2,Z,Expected,CVaR
13.3881271,0.1,0.0,2.0,0.0,0.0,-0.0,0.0,0.0
12.2432061,0.1,0.0,2.0,0.0,0.0,-0.0,0.0,0.0
18.7974663,0.1,0.0,2.0,0.0,0.0,-0.0,0.0,0.0
12.3678274,0.1,0.0,2.0,0.0,0.0,-0.0,0.0,0.0
13.353337,0.1,0.0,2.0,0.0,0.0,-0.0,0.0,0.0
12.9915687,0.1,0.0,2.0,0.0,0.0,-0.0,0.0,0.0
