Time,Probability,RiskPremium,T0,T1,T2,Z,Expected,CVaR
24.7213591,0.25,43.30413266724702,0.1,63.17809376188807,156.54192510569595,20.62402913775707,15.46576166687393,51.53747097995397
26.1260813,0.25,82.71379761924864,0.1,63.6545343968845,159.2186616820817,42.15111698044908,29.540642006874442,84.65083516649952
25.1111794,0.25,33.98945052300957,0.1,36.7901540834119,70.95489073513308,17.29338331707549,12.139089472503418,34.92397813965663
21.8319584,0.25,33.99583708250236,0.1,36.81050410629964,70.14192940826788,17.35898549765393,12.14137038660799,34.61877637781018
29.0330313,0.25,58.90904059232944,0.1,38.121498083200855,91.54684087940345,30.280456912690212,21.038943068689104,58.9871461234396
29.742111,0.25,103.09711235490673,0.1,63.62646810097078,169.065317266968,52.864193974974135,36.820397269609536,103.88300282122408
