Time,Probability,RiskPremium,T0,T1,T2,Z,Expected,CVaR
21.6653618,0.2,32.739549851548034,0.1,63.17809376188807,156.54192510569598,12.38266848920756,13.095819940619208,42.140065627504306
20.7457638,0.2,60.47082811046395,0.1,63.6545343968845,159.2186616820817,25.02690532160161,24.188331244185548,69.21069742289262
17.7445649,0.2,25.991756636605967,0.1,36.7901540834119,70.95489073513308,10.437746021902118,10.396702654642404,31.02593449488825
25.770656,0.2,25.997242401703005,0.1,36.81050410629964,70.1419294082679,10.512399719055534,10.3988969606812,30.742679848546288
22.5784016,0.2,43.46135555457555,0.1,38.121498083200855,91.54684087940345,18.496945150146992,17.384542221830234,47.70401495222346
16.6094455,0.2,74.82001501321308,0.1,63.62646810097078,169.065317266968,31.445132822731267,29.92800600528522,83.71551074607174
