Time,Probability,RiskPremium,T0,T1,T2,Z,Expected,CVaR
20.5461941,0.2,27.50122187530035,0.1,63.17809376188807,156.54192510569598,10.244945324379731,13.095819940619208,54.70038604363338
18.4628038,0.2,50.79549561278972,0.1,63.6545343968845,159.2186616820817,20.392686014267486,24.188331244185548,86.3331147875522
19.0330872,0.2,21.833075574749035,0.1,36.7901540834119,70.95489073513308,8.761392943528914,10.396702654642404,37.14650242041974
17.9469503,0.2,21.83768361743051,0.1,36.81050410629964,70.1419294082679,8.833150395760198,10.3988969606812,36.45525957057242
19.3200559,0.2,36.507538665843455,0.1,38.121498083200855,91.54684087940345,14.867363595013053,17.384542221830234,59.9408707118324
15.8112414,0.2,62.84881261109902,0.1,63.62646810097078,169.065317266968,25.478308965903032,29.92800600528522,104.35298240439263
