Time,Probability,RiskPremium,T0,T1,T2,Z,Expected,CVaR
37.0091095,0.25,34.18207129842962,0.1,48.067351165688294,48.067351165688294,16.5570594446273,14.242529707678958,48.06735116891194
33.9551016,0.25,69.09124206134071,0.1,63.6545343968845,93.46956931396245,33.8350693569418,28.788017525558597,93.46956931396245
24.1950062,0.25,27.747152613371004,0.1,33.89606710287307,33.89606710287307,13.952363673069582,11.561313588904612,33.89606710287307
23.8165325,0.25,27.78953286778564,0.1,33.431454455048346,33.431454455048346,14.025312596861193,11.57897202824403,33.431454455048346
21.5217459,0.25,49.14008612304954,0.1,38.121498083200855,57.34960076433782,24.97759375047225,20.475035884603994,57.34960076433782
20.3535493,0.25,85.58965941419358,0.1,63.62646810097078,97.43255511681838,43.75028162218913,35.66235808924734,97.43255511681838
