Time,Probability,RiskPremium,T0,T1,T2,Z,Expected,CVaR
15.6619176,0.25,15.674819513331425,0.1,18.101552628650236,18.101552628650236,3.345962749971184,9.22048206666551,18.101552628650236
24.3106264,0.25,39.70034152066336,0.1,46.58085760178962,46.58085760178962,8.217499013900882,23.353142070978574,46.580857601789624
5.771851,0.25,13.43958847891791,0.1,14.12801923095381,14.12801923095381,3.3561155649683583,7.905640281716354,14.12801923095381
26.6928931,0.25,13.465458680160806,0.1,14.215596505866195,14.21559650645812,3.341442172457862,7.920858047153458,14.215596505866191
37.5938462,0.25,26.3187563879116,0.1,27.948737358324028,27.948737358324028,6.473644398401268,15.48162140465366,27.94873736138661
15.3321418,0.25,46.38667773286455,0.1,47.817626251948894,47.817626251948894,11.914425884276577,27.28628101933225,47.81762624577694
