Time,Probability,RiskPremium,T0,T1,T2,Z,Expected,CVaR
20.8588186,0.2,28.81080386936608,0.1,63.178093761888086,156.54192510569584,7.001710222677536,13.095819940620942,42.14006562751297
20.4338168,0.2,53.201261180911146,0.1,63.654534396884486,150.30896420551517,15.519287639410582,24.182391445868674,69.18099843130827
28.6694712,0.2,22.859148287214133,0.1,36.7901540834119,61.68383187206885,6.28727363349716,10.39052194873369,30.99503096534469
18.613556,0.2,22.877573313500996,0.1,36.81050410629964,70.14192940826783,6.375541486457913,10.398896960682269,30.742679848551642
18.5220038,0.2,38.24599288803995,0.1,38.121498083200855,91.54684087940345,11.765608847078411,17.384542221836323,47.704014952253914
19.532536,0.2,65.84161321162752,0.1,63.62646810097078,169.0653172669679,19.777355784106323,29.928006005285216,83.71551074607169
