Time,Probability,RiskPremium,T0,T1,T2,Z,Expected,CVaR
12.2177352,0.05,-8.255962787491929e-12,2.0,-3.1845320252129264e-9,-3.1845320252129264e-9,-5.431554465455216e-12,-4.3452435723641734e-12,0.0
12.5309122,0.05,4.958970597120545e-12,2.0,3.91497678720043e-9,3.91497678720043e-9,3.2624806560003585e-12,2.6099845248002867e-12,0.0
11.1621907,0.05,-1.9164862881855998e-12,0.1,0.0,0.0,-1.2608462422273682e-12,-1.0086769937818947e-12,0.0
14.1997056,0.05,0.0,2.0,0.0,0.0,-0.0,0.0,0.0
11.522951,0.05,4.6425412847383994e-12,2.0,3.6651641721618944e-9,3.6651641721618944e-9,3.0543034768015788e-12,2.443442781441263e-12,0.0
13.2358866,0.05,0.0,2.0,5.809681624668883e-9,5.809681624668883e-9,-0.0,0.0,0.0
