Time,Probability,RiskPremium,T0,T1,T2,Z,Expected,CVaR
6.5637455,0.05,-7.386914073019094e-12,2.0,0.0,-3.1845320252129264e-9,-4.127993236124894e-12,-4.3452435723641734e-12,4.736951571734002e-17
6.3695043,0.05,4.436981744978159e-12,2.0,3.91497678720043e-9,3.91497678720043e-9,2.479477956285335e-12,2.6099892617518586e-12,4.736951571734002e-17
4.7054098,0.05,-1.714738810202713e-12,0.1,0.0,0.0,-9.582511969104717e-13,-1.0086698883545369e-12,5.921189464667503e-17
6.6553644,0.05,4.232166380309839e-12,2.0,3.7342573477872065e-9,3.7342573477872065e-9,2.3650282325130927e-12,2.4895096354763763e-12,2.368475785867001e-17
5.0905475,0.05,4.153820517179458e-12,2.0,3.6651641721618944e-9,3.6651641721618944e-9,2.321246720763761e-12,2.4434238336349755e-12,2.368475785867001e-17
4.6778344,0.05,2.4158453015843405e-17,2.0,5.809681624668883e-9,5.809681624668883e-9,-1.610563534389561e-17,1.4210854715202004e-17,1.1842378929335005e-16
