Time,Probability,RiskPremium,T0,T1,T2,Z,Expected,CVaR
21.238644,0.2,28.81080386936227,0.1,63.17809376188807,156.54192510569598,11.554527318441654,13.095819940619208,54.70038604363338
19.6058641,0.2,53.21432873720826,0.1,63.6545343968845,159.2186616820817,22.811519138686023,24.188331244185548,86.3331147875522
17.9540982,0.2,22.872745840213298,0.1,36.7901540834119,70.95489073513308,9.801063208993178,10.396702654642404,37.14650242041974
18.8515642,0.2,22.877573313498637,0.1,36.81050410629964,70.1419294082679,9.873040091828324,10.3988969606812,36.45525957057242
18.5697416,0.2,38.24599288802655,0.1,38.121498083200855,91.54684087940345,16.605817817196147,17.384542221830234,59.9408707118324
17.1729781,0.2,65.84161321162753,0.1,63.62646810097078,169.065317266968,28.471109566431586,29.92800600528522,104.35298240439263
