Time,Probability,RiskPremium,T0,T1,T2,Z,Expected,CVaR
16.5519383,0.1,23.129826800119435,0.1,63.178093761888086,109.79111751075695,12.021518787411747,7.7099422667064745,41.693599726718645
26.4597824,0.1,38.35519048267105,0.1,63.6545343968845,159.2186616820817,20.30717064837094,12.785063494223687,65.414626894988
13.5026823,0.1,19.49097592667866,0.1,36.7901540834119,61.683831872068886,10.397020283344643,6.496991975559554,32.46662865330432
13.2373104,0.1,19.497577743398736,0.1,36.81050410629964,58.73116960119909,10.415360878231986,6.499192581132909,32.32943542147129
14.1213791,0.1,28.574677092513376,0.1,38.121498083200855,75.85949867597274,15.576918288850354,9.524892364171135,44.25355675909002
12.4821626,0.1,47.29927514680387,0.1,63.62646810097078,121.6785427124816,25.573049322571425,15.766425048934627,75.36443280191288
