Time,Probability,RiskPremium,T0,T1,T2,Z,Expected,CVaR
30.7790884,0.1,9.084538044311909,0.09999999999999609,18.115682887138895,18.115682887138895,0.9696154625230367,4.781335812795696,18.11568288876836
18.4224694,0.1,15.014080396685435,0.1,29.870509053088814,29.870509053088814,1.6198424505068698,7.902147577202827,29.870509053105668
30.1885194,0.1,8.229414093693778,0.1,15.983606304182663,15.98360630418266,0.985059585548653,4.331270575628267,15.983606305695668
21.7838147,0.1,8.18413641966075,0.1,15.943605959350098,15.9436059593501,0.9676547641676905,4.307440220874062,15.943605959350096
27.3452449,0.1,14.866840902568601,0.1,29.04015474185044,29.04015474185044,1.738312387144744,7.824653106615088,29.04015474185044
30.5588504,0.1,24.540993863424465,0.1,48.574681710777696,48.574681710777696,2.710089015948419,12.916312559697083,48.57468171081327
