Time,Probability,RiskPremium,T0,T1,T2,Z,Expected,CVaR
11.4644348,0.05,-1.1732157645383267e-11,2.0,-3.1845320252129264e-9,-3.1845320252129264e-9,-8.690487144728345e-12,-4.3452435723641734e-12,0.0
10.8773329,0.05,7.046958216960775e-12,2.0,3.91497678720043e-9,3.91497678720043e-9,5.219969049600574e-12,2.6099845248002867e-12,0.0
13.5120394,0.05,-2.7234278832111156e-12,0.1,0.0,0.0,-2.0173539875637894e-12,-1.0086769937818947e-12,0.0
15.9760935,0.05,0.0,2.0,0.0,0.0,-0.0,0.0,0.0
24.6793154,0.05,6.59729550989141e-12,2.0,3.6651641721618944e-9,3.6651641721618944e-9,4.886885562882526e-12,2.443442781441263e-12,0.0
15.5759222,0.05,0.0,2.0,5.809681624668883e-9,5.809681624668883e-9,-0.0,0.0,0.0
