Time,Probability,RiskPremium,T0,T1,T2,Z,Expected,CVaR
16.1118328,0.1,15.419884533412949,0.1,63.178093761888086,109.79111751075695,3.3896754160896707,7.7099422667064745,36.51172127081854
13.41003,0.1,25.570126988447374,0.1,63.6545343968845,159.2186616820817,5.72601927483319,12.785063494223687,59.84535829016043
12.717715,0.1,12.993983951119109,0.1,36.7901540834119,61.683831872068886,3.093736042627782,6.496991975559554,29.185364861771397
19.1142242,0.1,12.998385162265834,0.1,36.81050410629964,58.73116960119909,3.0822693872140605,6.499192581132909,29.278680540592017
16.8332987,0.1,19.04978472834227,0.1,38.121498083200855,75.85949867597274,4.928845218387485,9.524892364171135,40.16520666939552
12.2492701,0.1,31.532850097869254,0.1,63.62646810097078,121.6785427124816,8.009845040196977,15.766425048934627,67.47695844051894
