Time,Probability,RiskPremium,T0,T1,T2,Z,Expected,CVaR
40.1059165,0.15,18.12769329617121,0.1,27.678829332647755,27.678829332647755,6.000038958306638,8.239860589168755,27.678829332647755
25.0654914,0.15,34.69512564350543,0.09999999999999432,48.79594194263342,48.79594194263342,12.319527929814921,15.770511656138849,48.7959419438975
13.7973143,0.15,15.980748930093299,0.1,22.97442640489606,22.97442640489606,5.574682219989243,7.2639767864060465,22.97442640489606
12.3547571,0.15,16.2189996743354,0.1,23.405686126503145,23.405686126503145,5.64004438326314,7.37227257924337,23.405686138387868
9.2853859,0.15,25.59742034262692,0.1,32.581470638167026,32.581470638167026,9.772973363129111,11.635191064830455,32.581470638167026
9.3129749,0.15,41.2171944645769,0.1,53.03288098592299,53.03288098592299,15.622547554235126,18.73508839298945,53.03288097975102
