Time,Probability,RiskPremium,T0,T1,T2,Z,Expected,CVaR
50.0389049,0.15,19.285940902444302,0.1,22.946157170069355,22.946157170069355,5.656876287696511,7.4176695778632515,22.946157170074567
53.5728079,0.15,40.556920157161436,0.1,47.81196027750737,47.81196027750737,12.072846778615501,15.59881544506207,47.81196027877145
81.7990086,0.15,17.068762757558783,0.1,18.815553116815327,18.815553116815327,5.603596258937031,6.564908752907205,18.81555311719358
21.3517262,0.15,17.15406635560231,0.1,18.857057488498544,18.857057488498544,5.652612660379225,6.597717829077764,18.857057494440905
32.5954962,0.15,28.897812838975135,0.1,29.356019208763737,29.356019208763737,10.486679114481012,11.114543399605934,29.356019211826318
21.4144742,0.15,46.91597909882856,0.09999999999998721,48.78616173271813,48.78616173271813,16.574749998319206,18.044607345703422,48.78616173271813
