Time,Probability,RiskPremium,T0,T1,T2,Z,Expected,CVaR
16.0990952,0.1,22.358832573448773,0.1,63.178093761888086,109.79111751075695,11.250524560741084,7.7099422667064745,41.693599726718645
19.3714539,0.1,37.07668413324868,0.1,63.6545343968845,159.2186616820817,19.028664298948573,12.785063494223687,65.414626894988
20.0921583,0.1,18.84127672912269,0.1,36.7901540834119,61.683831872068886,9.747321085788672,6.496991975559554,32.46662865330432
12.4495486,0.1,18.84765848528547,0.1,36.81050410629964,58.73116960119909,9.765441620118722,6.499192581132909,32.32943542147129
11.3919814,0.1,27.62218785609629,0.1,38.121498083200855,75.85949867597274,14.624429052433268,9.524892364171135,44.25355675909002
15.2553291,0.1,45.722632641910415,0.1,63.62646810097078,121.6785427124816,23.99640681767797,15.766425048934627,75.36443280191288
