Time,Probability,RiskPremium,T0,T1,T2,Z,Expected,CVaR
40.6858958,0.15,19.09484792888817,0.1,24.08996869501652,24.08996869501652,5.698698421840177,7.637939171555232,24.089968701534413
31.2301748,0.15,39.060498603848146,0.1,47.94396150699992,47.94396150699992,12.124382439397541,15.624199441539263,47.94396150699992
56.0134796,0.15,16.68051781268019,0.1,19.372134906475207,19.372134906475207,5.563335963587489,6.672207125072038,19.372134907988208
49.9638617,0.15,16.85725564833238,0.1,19.606169438235266,19.606169438235266,5.612209874303691,6.7429022593329595,19.606169444177628
10.0012363,0.15,27.868967507599123,0.1,29.52766853165092,29.52766853165092,10.288351968473549,11.147587003039684,29.527668534713502
40.2207387,0.15,45.15122081513536,0.1,48.8676165835393,48.8676165835393,16.30823759896126,18.060488326054234,48.86761658353932
