Time,Probability,RiskPremium,T0,T1,T2,Z,Expected,CVaR
14.0007421,0.15,0.0,2.0,0.0,0.0,-0.0,0.0,0.0
46.2234394,0.15,0.0,0.10000000043167034,0.0,0.0,-0.0,0.0,0.0
12.8127786,0.15,0.0,2.0,0.0,0.0,-0.0,0.0,0.0
9.5054631,0.15,-6.338518687698525e-12,2.0,-2.6090279363840333e-9,-2.6090279363840333e-9,-3.961574179811579e-12,-3.961574179811578e-12,0.0
11.1774946,0.15,0.0,2.0,0.0,0.0,-0.0,0.0,0.0
38.8104945,0.15,0.0,0.1,6.171980260205601e-9,6.171980260205601e-9,-0.0,0.0,0.0
