Time,Probability,RiskPremium,T0,T1,T2,Z,Expected,CVaR
7.2805102,0.15,19.713954632264816,0.1,63.178093761888086,109.79111751075698,6.184953815565223,10.375765595928852,41.90811780363635
7.2105758,0.15,35.23592862017892,0.1,63.6545343968845,159.2186616820817,11.816058787223472,18.54522558956784,67.29166802344398
6.9492067,0.15,16.20341603528616,0.1,36.7901540834119,61.68383187206888,5.389834118175747,8.528113702782191,31.38279584606454
6.6346486,0.15,16.207756439630987,0.1,36.81050410629964,59.60930820403673,5.418683763889313,8.530398126121549,31.11714362232266
6.3369954,0.15,25.827973932905817,0.1,38.121498083200855,91.54684087940345,9.031709050543107,13.59367049100308,45.61961440459937
5.9833625,0.15,43.52068498132394,0.1,63.62646810097078,169.06531726696798,14.824588286802713,22.905623674380998,80.81035387578319
