Time,Probability,RiskPremium,T0,T1,T2,Z,Expected,CVaR
21.2291285,0.1,12.172863101106941,0.1,23.76148639605725,23.76148639605725,2.7832846392178356,5.796601476717614,23.761486402575116
47.4519806,0.1,23.255732312001083,0.1,48.439433365139344,48.439433365139344,4.7085190439252385,11.074158243810011,48.43943336513935
18.0409183,0.1,10.92428579335665,0.09999999999999609,20.55383749929364,20.55383749929364,2.6518856102387756,5.20204085397936,20.55383749967189
9.6603994,0.1,10.958043343162489,0.09999999999999432,20.739385668752078,20.739385668752078,2.635673506277991,5.218115877696423,20.73938567363674
11.1495334,0.1,16.906264940220893,0.09999999999999076,30.337772945255473,30.337772945255473,4.398228469913825,8.050602352486209,30.33777294159033
10.2828611,0.1,27.348535505811288,0.1,49.18986045326018,49.18986045326018,7.092073698950168,13.023112145624408,49.18986045180776
