Time,Probability,RiskPremium,T0,T1,T2,Z,Expected,CVaR
67.8504424,0.25,16.67082066632197,0.1,21.930607848995074,21.930607848995074,3.3737215167348635,10.41926291645122,21.930607848995077
44.5958996,0.25,37.70812975347392,0.09999999999999432,47.26090600519659,47.26090600519659,8.217217429913807,23.567581095921184,47.260906006477526
49.4943364,0.25,13.369940813669793,0.09999999999999609,15.60996130385106,15.60996130385106,3.2002907315871614,8.356213008543559,15.60996130269971
8.6726328,0.25,13.29729261760324,0.1,15.488082330256178,15.488082330256178,3.1921661205375864,8.31080788600201,15.488082330256178
8.5743952,0.25,25.373900271404942,0.09999999999999076,29.13839825085831,29.13839825085831,6.195284955703618,15.858687669628294,29.13839825392089
25.5914207,0.25,44.00235498118901,0.1,48.49858334332796,48.498583330983905,11.25160525101051,27.501471863243363,48.498583330984
