Time,Probability,RiskPremium,T0,T1,T2,Z,Expected,CVaR
23.3474629,0.25,38.664404167184834,0.1,63.17809376188807,156.54192510569595,15.620587507146316,15.46576166687393,45.77798163953224
21.4124859,0.25,73.8516050171862,0.1,63.6545343968845,159.2186616820817,32.53482704024215,29.540642006874442,76.6451858871527
22.2968729,0.25,30.34772368125852,0.1,36.7901540834119,70.95489073513308,13.130982451085488,12.139089472503418,32.44969650318193
22.8182836,0.25,30.353425966519957,0.1,36.81050410629964,70.14192940826788,13.187540402501318,12.14137038660799,32.23943109625061
20.8753111,0.25,52.59735767172279,0.1,38.121498083200855,91.54684087940345,23.270864352672202,21.038943068689104,54.18914407013498
25.9725207,0.25,92.05099317402387,0.1,63.62646810097078,169.065317266968,40.84347961346979,36.820397269609536,94.36886243338787
