Time,Probability,RiskPremium,T0,T1,T2,Z,Expected,CVaR
19.7741387,0.2,39.287459821857674,0.1,63.17809376188807,156.54192510569598,22.031183270937024,13.095819940619208,54.70038604363338
19.5343158,0.2,72.56499373255677,0.1,63.6545343968845,159.2186616820817,42.162184134034526,24.188331244185548,86.3331147875522
18.7613234,0.2,31.19010796392723,0.1,36.7901540834119,70.95489073513308,18.11842533270711,10.396702654642404,37.14650242041974
18.7374597,0.2,31.196690882043598,0.1,36.81050410629964,70.1419294082679,18.192157660373287,10.3988969606812,36.45525957057242
18.9233103,0.2,52.1536266654907,0.1,38.121498083200855,91.54684087940345,30.513451594660296,17.384542221830234,59.9408707118324
17.4059318,0.2,89.78401801585576,0.1,63.62646810097078,169.065317266968,52.41351437065982,29.92800600528522,104.35298240439263
