Time,Probability,RiskPremium,T0,T1,T2,Z,Expected,CVaR
22.813205,0.25,24.938525900702352,0.09999999999999432,27.873571171469454,27.873571171469454,9.063516714726997,11.875488524144055,27.873571171469454
17.8830343,0.25,51.478828119247574,0.09999999999998366,51.578241530469995,51.578241530469995,20.198971979756077,24.513727675832055,51.578241530469995
20.2287247,0.25,22.175902547424418,0.1,24.57381473613168,24.57381473613168,8.112483667882769,10.559953594011727,24.57381473613168
22.4863183,0.25,22.279047094593384,0.09999999999999787,24.59090092094479,24.59090092094479,8.174519330573952,10.60907004504443,24.59090092094479
20.2884326,0.25,36.35581240416949,0.1,35.5929536609296,35.5929536609296,14.473355272396624,17.31229162103319,35.59295366399218
20.1993889,0.25,62.45986219695808,0.09999999999998721,59.09371740776734,59.09371741393929,25.379339203245497,29.742791522361134,59.09371740776734
