Time,Probability,RiskPremium,T0,T1,T2,Z,Expected,CVaR
15.2140849,0.1,14.636596214098187,0.1,28.234936425733334,28.234936425733334,4.992178887528553,6.363737484390511,28.2349364322512
13.139476,0.1,25.62829299465186,0.1,48.99444639499872,48.99444639499872,8.807800363465525,11.142736084631236,48.99444639499872
12.0845595,0.1,13.08933507925479,0.1,24.409090548490248,24.409090548490248,4.590608532681873,5.691015251849917,24.40909055000326
12.0494693,0.1,13.275809628151627,0.09999999999999609,25.062308747001055,25.062308747001055,4.610185844095356,5.772091142674622,25.062308751885716
20.5862818,0.1,19.299920490993983,0.1,32.92761698747723,32.92761698747723,7.228198631533102,8.391269778693008,32.927616983812065
11.579397,0.1,31.36683916140035,0.1,54.08956996146451,54.08956996146451,11.661310934485329,13.637756157130529,54.08956995569356
