Time,Probability,RiskPremium,T0,T1,T2,Z,Expected,CVaR
7.5294,0.2,16.44687005660564,0.09999999999999609,25.079896307260594,25.079896307260594,3.6911872391037885,9.674629445062147,25.079896307260594
19.5582144,0.2,33.84726700113887,0.1,47.85974158388322,47.859741583883164,8.347193036767282,19.910157059493514,47.85974158388324
6.97934,0.2,13.55861853731364,0.1,19.020860459803533,19.020860459803533,3.3739200748524283,7.975657963125682,19.020860459803533
25.3787402,0.2,13.640823971347139,0.1,18.967545376166676,18.967545376166676,3.428103615479887,8.024014100792431,18.96754537616668
22.6310623,0.2,23.34127264325489,0.10000000000001208,29.47850779760619,29.47850779760619,6.4614427804129635,13.730160378385364,29.478507800668773
29.0759637,0.2,39.0034376822955,0.1,48.81844199677249,48.81844199677249,10.885190372391321,22.943198636644198,48.81844200294442
