Time,Probability,RiskPremium,T0,T1,T2,Z,Expected,CVaR
23.2084186,0.2,21.19018141709676,0.09999999999999432,24.888766198546932,24.888766198546932,6.218377828802288,9.631900644134893,24.888766198876464
96.1561889,0.2,43.784216038298844,0.09999999999999432,47.82291496890757,47.82291496890757,14.109950151391512,19.901916381044835,47.82291496922359
14.4512956,0.2,17.45643128927018,0.1,18.83765939997961,18.83765939997961,5.7056685274475765,7.934741495122726,18.83765939997961
33.0264842,0.2,17.582474331838952,0.1,18.824284479892803,18.824284485213273,5.799152800334584,7.992033787199529,18.824284485213273
42.9492637,0.2,30.15886525630206,0.1,29.381561521232104,29.381561521232104,10.964744897073325,13.708575116500835,29.381561524294685
45.4100441,0.2,50.45861643349498,0.1,48.78503650638581,48.78503650638581,18.47562607363637,22.935734742497942,48.78503650638581
