Time,Probability,RiskPremium,T0,T1,T2,Z,Expected,CVaR
17.2166767,0.05,6.100685261401162,0.1,24.378661687021847,24.378661687021847,0.6124764619984102,3.3892695896673133,24.378661687021847
10.4647757,0.05,8.76307799669291,0.1,34.95900088753246,34.95900088753246,0.8856389099846935,4.868376664829397,34.959000883617485
10.5270142,0.05,5.887522708690924,0.1,23.18898542312519,23.18898542312519,0.6248628118816372,3.2708459492727493,23.188985424638204
14.1798452,0.05,5.962449473455886,0.1,23.39483036199371,23.394830365727966,0.6417417005285537,3.312471929697729,23.39483036199371
17.927706,0.05,8.323574883597775,0.09999999999999432,32.657572648252845,32.657572648252845,0.8960301773401312,4.62420826866543,32.65757264458768
10.6522687,0.05,13.224607144611646,0.1,52.024508428562285,52.024508428562285,1.4098527300305674,7.347003969228682,52.024508422752604
