Time,Probability,RiskPremium,T0,T1,T2,Z,Expected,CVaR
11.4490761,0.05,-8.690487144728347e-12,2.0,-3.1845320252129264e-9,-3.1845320252129264e-9,-5.431554465455217e-12,-4.3452435723641734e-12,0.0
11.4309778,0.05,5.2199690496005734e-12,2.0,3.91497678720043e-9,3.91497678720043e-9,3.262480656000358e-12,2.6099845248002867e-12,0.0
16.729196,0.05,-2.0173539875637894e-12,0.1,0.0,0.0,-1.2608462422273684e-12,-1.0086769937818947e-12,0.0
19.0230194,0.05,0.0,2.0,0.0,0.0,-0.0,0.0,0.0
24.4654809,0.05,4.886885562882526e-12,2.0,3.6651641721618944e-9,3.6651641721618944e-9,3.0543034768015788e-12,2.443442781441263e-12,0.0
20.5333043,0.05,0.0,2.0,5.809681624668883e-9,5.809681624668883e-9,-0.0,0.0,0.0
