Time,Probability,RiskPremium,T0,T1,T2,Z,Expected,CVaR
12.7389,0.05,-1.303573071709252e-11,2.0,-3.1845320252129264e-9,-3.1845320252129264e-9,-1.0211322395055806e-11,-4.3452435723641734e-12,0.0
13.0811936,0.05,0.0,2.0,0.0,0.0,-0.0,0.0,0.0
11.6087657,0.05,-3.0260309813456845e-12,0.1,0.0,0.0,-2.370390935387453e-12,-1.0086769937818947e-12,0.0
12.3172151,0.05,0.0,2.0,0.0,0.0,-0.0,0.0,0.0
12.1516999,0.05,0.0,2.0,0.0,0.0,-0.0,0.0,0.0
12.9618636,0.05,0.0,2.0,5.809681624668883e-9,5.809681624668883e-9,-0.0,0.0,0.0
