Time,Probability,RiskPremium,T0,T1,T2,Z,Expected,CVaR
16.9704459,0.15,28.014567109007896,0.1,63.178093761888086,109.79111751075698,11.332331071537544,10.375765595928852,41.90811780363635
14.8585925,0.15,50.0721090918332,0.1,63.6545343968845,159.2186616820817,21.777595015490085,18.54522558956784,67.29166802344398
13.7722586,0.15,23.025906997511896,0.1,36.7901540834119,61.68383187206888,9.92685686607324,8.528113702782191,31.38279584606454
20.6112655,0.15,23.03207494052824,0.1,36.81050410629964,59.60930820403673,9.984327715166458,8.530398126121549,31.11714362232266
15.4047695,0.15,36.702910325708295,0.1,38.121498083200855,91.54684087940345,16.704051051985946,13.59367049100308,45.61961440459937
12.2039175,0.15,61.84518392082874,0.1,63.62646810097078,169.06531726696798,27.358614206167307,22.905623674380998,80.81035387578319
