Time,Probability,RiskPremium,T0,T1,T2,Z,Expected,CVaR
19.756045,0.2,37.97787782779568,0.1,63.17809376188807,156.54192510569598,20.72160127687503,13.095819940619208,54.70038604363338
19.7296573,0.2,70.14616060813822,0.1,63.6545343968845,159.2186616820817,39.74335100961597,24.188331244185548,86.3331147875522
18.4064036,0.2,30.15043769846293,0.1,36.7901540834119,70.95489073513308,17.07875506724281,10.396702654642404,37.14650242041974
18.4877233,0.2,30.15680118597545,0.1,36.81050410629964,70.1419294082679,17.15226796430514,10.3988969606812,36.45525957057242
18.6130694,0.2,50.41517244330769,0.1,38.121498083200855,91.54684087940345,28.774997372477284,17.384542221830234,59.9408707118324
17.6560395,0.2,86.79121741532711,0.1,63.62646810097078,169.065317266968,49.420713770131165,29.92800600528522,104.35298240439263
