Time,Probability,RiskPremium,T0,T1,T2,Z,Expected,CVaR
17.4985839,0.15,24.016321498366064,0.1,43.226283354477665,43.226283354477665,11.047817423506508,9.606528599346431,43.226283354477665
13.7829352,0.15,42.5125621922558,0.1,61.5204117144621,61.5204117144621,21.05599863147112,17.00502487690233,61.52041171572618
14.6141404,0.15,19.830190733964255,0.1,29.583825769809096,29.583825769809096,9.732939492604922,7.932076293585697,29.583825771322097
16.5936156,0.15,19.920662585768767,0.1,28.981653010372256,28.981653004429894,9.851058753854758,7.968265034307501,28.981653010372256
26.4678042,0.15,30.452646963794123,0.1,38.08943883186665,38.08943883186665,15.680750173641563,12.181058785517688,38.08943883186665
14.7946978,0.15,55.9072661055624,0.1,63.62646810097078,96.1552803363104,26.165122273928905,22.362906442224944,96.1552803363104
