Time,Probability,RiskPremium,T0,T1,T2,Z,Expected,CVaR
18.4636973,0.2,28.81080386936227,0.1,63.17809376188807,156.54192510569598,12.810559360054567,13.095819940619208,42.140065627504306
28.551074,0.2,53.21432873720826,0.1,63.6545343968845,159.2186616820817,24.52376087515199,24.188331244185548,69.21069742289262
20.5214287,0.2,22.872745840213298,0.1,36.7901540834119,70.95489073513308,10.41312000154633,10.396702654642404,31.02593449488825
33.8279317,0.2,22.877573313498637,0.1,36.81050410629964,70.1419294082679,10.444298064030939,10.3988969606812,30.742679848546288
21.5840068,0.2,38.24599288802655,0.1,38.121498083200855,91.54684087940345,17.829503393157044,17.384542221830234,47.70401495222346
16.0678296,0.2,65.84161321162753,0.1,63.62646810097078,169.065317266968,30.534856732263687,29.92800600528522,83.71551074607174
