Time,Probability,RiskPremium,T0,T1,T2,Z,Expected,CVaR
18.3560277,0.15,30.089720228193656,0.1,63.178093761888086,109.79111751075698,15.609823882594323,10.375765595928852,37.736637260398794
14.2745602,0.15,53.781154209746795,0.1,63.6545343968845,159.2186616820817,28.63611114183627,18.54522558956784,62.54400877851889
16.2329741,0.15,24.731529738068314,0.1,36.7901540834119,61.68383187206888,13.187896410718214,8.528113702782191,28.631577866568378
16.6616529,0.15,24.738154565752524,0.1,36.81050410629964,59.60930820403673,13.209247311600238,8.530398126121549,28.520458979659754
13.4618868,0.15,39.42164442390892,0.1,38.121498083200855,91.54684087940345,21.604276306236006,13.59367049100308,41.75165466880207
13.3578768,0.15,66.42630865570489,0.1,63.62646810097078,169.06531726696798,35.99284202606515,22.905623674380998,73.09124337610605
