Time,Probability,RiskPremium,T0,T1,T2,Z,Expected,CVaR
7.2542342,0.2,20.522336986714617,0.09999999999999609,25.53593041755603,25.53593041755603,6.020778864909112,9.77254142224504,25.535930420779707
30.8401586,0.2,41.937459762269945,0.09999999999999076,48.136200688246966,48.136200688246966,13.517446301326533,19.970218934414195,48.13620068951105
7.2346535,0.2,17.022018863661202,0.1,19.618791627674153,19.618791627674153,5.462375087471878,8.105723268410175,19.618791627674153
21.9569028,0.2,17.108232909309635,0.09999999999999609,19.530033164690717,19.530033164690717,5.546478656361634,8.146777575861709,19.5300331661494
35.6097364,0.2,28.937107477560357,0.09999999999999076,29.70545379749082,29.70545379749082,10.379768844874182,13.779574989314526,29.705453800553393
10.6064929,0.2,48.20325887314995,0.1,48.86761658353932,48.86761658353932,17.47522094037156,22.953932796737902,48.86761658353932
