Time,Probability,RiskPremium,T0,T1,T2,Z,Expected,CVaR
25.3431944,0.1,14.020347901370544,0.1,24.058034881875884,24.058034881875884,3.624480461723315,5.841811625571058,24.058034881875884
26.5945929,0.1,26.59236520701572,0.09999999999998721,48.47953326584777,48.47953326584777,6.162430381672799,11.080152169589882,48.479282792601886
27.7565214,0.1,12.508652382189538,0.09999999999999609,20.618571384846796,20.618571384846796,3.4450556667398966,5.211938492578962,20.618571384061557
11.5941501,0.1,12.55945280597873,0.1,20.838297091948792,20.838297091948792,3.425049529902014,5.233105335824445,20.838297096833454
7.5000409,0.1,19.368882402369785,0.09999999999999076,30.468375362946887,30.468375362946887,5.699012811808762,8.07036766765407,30.468375359281723
7.6402771,0.1,31.298761097873076,0.1,49.308461169745605,49.308461169745605,9.190782963797215,13.041150457447124,49.308461163961745
