Time,Probability,RiskPremium,T0,T1,T2,Z,Expected,CVaR
40.5837898,0.25,23.791697255455365,0.09999999999999787,31.948596844451263,31.948596844451263,8.355753693331424,12.521945923923962,31.948596845257175
16.8962857,0.25,48.039105331107635,0.1,56.29084035375601,56.29084035375601,18.104300577285624,25.283739647951407,56.29084035375601
26.2013088,0.25,20.603081643523222,0.09999999999999609,26.294067884362295,26.294067884362295,7.441803357014734,10.843727180801704,26.29406788551364
19.0160536,0.25,20.780272942643986,0.1,26.60227629377116,26.60227629377116,7.493493603540158,10.936985759286324,26.602276291403435
20.8034916,0.25,37.66597856484783,0.1,38.12149808320086,50.906926778961875,13.179370190045303,19.824199244656786,50.906926778961875
17.7135371,0.25,66.89614340856505,0.1,63.62646810097078,93.15063864033213,22.996325561315146,35.20849653082364,93.15063864033213
