Time,Probability,RiskPremium,T0,T1,T2,Z,Expected,CVaR
17.7423519,0.1,9.453130043168034,0.1,24.50499390753682,24.50499390753682,1.6852450024805317,5.908206276980056,24.504993914054683
43.0244954,0.1,17.744712876388352,0.1,48.550564605025585,48.550564605025585,2.9082554229173927,11.090445547742716,48.550564605025585
24.2013193,0.1,8.484179126071018,0.09999999999999609,21.239607448576834,21.239607448576834,1.5878676226470763,5.30261195379439,21.239607450089842
9.5999189,0.1,8.529998806390575,0.09999999999999609,21.505283745913736,21.505283745913736,1.5813461027160636,5.331249253994085,21.505283750798398
9.7125191,0.1,12.972061723563055,0.1,30.723463256079423,30.723463256079423,2.6029306788173807,8.10753857722693,30.723463252414263
4.921693,0.1,21.06412350296516,0.09999999999998721,50.16639407030975,50.16639407030975,4.198914626097232,13.165077189353209,50.16639406450007
