Time,Probability,RiskPremium,T0,T1,T2,Z,Expected,CVaR
23.3790326,0.15,14.840638410558313,0.09999999999999609,22.959476705721436,22.959476705721436,3.5355298285391115,7.420319205279156,22.95947671223933
42.6477758,0.15,31.19571870852794,0.1,47.807177601683506,47.807177601683506,7.545529792330005,15.597859354263965,47.80717760199953
41.838706,0.15,13.12981750581442,0.10000000000000142,18.81555311568058,18.81555311568058,3.502247661835617,6.564908752907205,18.81555311719358
13.2157298,0.15,13.197495064099533,0.09999999999999609,18.862238220086816,18.862238220086816,3.532874858554975,6.598747532049763,18.862238226029177
46.3447415,0.15,22.229086802878697,0.1,29.356019214888907,29.356019214888907,6.55417444654571,11.114543401439349,29.356019221014066
45.5050916,0.15,36.08921469141135,0.1,48.786161726546155,48.78616173271814,10.359218748952504,18.04460734570565,48.78616173271814
