Time,Probability,RiskPremium,T0,T1,T2,Z,Expected,CVaR
10.4660246,0.2,20.522336986714617,0.09999999999999432,25.53593041755603,25.53593041755603,6.020778864909112,9.77254142224504,25.535930420779707
23.2611012,0.2,41.93745976184671,0.09999999999999432,48.13620068824696,48.13620068824696,13.51744630132907,19.970218934212554,48.13620068856298
6.9949837,0.2,17.022018863661202,0.1,19.618791627674153,19.618791627674153,5.462375087471878,8.105723268410175,19.618791627674153
20.2966343,0.2,17.108232911650497,0.1,19.530033171341245,19.530033171341245,5.546478656364677,8.146777576976408,19.530033171341245
25.3207036,0.2,28.937107478874537,0.1,29.705453800553393,29.705453800553393,10.379768845750313,13.77957498994025,29.705453800553396
6.015143,0.2,48.20325887314995,0.1,48.86761658353932,48.86761658353932,17.47522094037156,22.953932796737902,48.86761658353932
