Time,Probability,RiskPremium,T0,T1,T2,Z,Expected,CVaR
57.8186649,0.25,31.034442575544748,0.1,28.20897795715332,28.20897795715332,13.40268964665497,11.936324067517283,28.20897795715332
20.0534698,0.25,64.01376055865127,0.09999999999998366,52.16686019944892,52.16686019944892,29.751919349181517,24.62067713794265,52.16686019944892
135.8703434,0.25,27.519565070348158,0.1,24.708072763821896,24.708072763821896,11.991848335431618,10.58444810397997,24.708072763798892
35.2029175,0.25,27.733265390292907,0.1,24.9056122642489,24.9056122642489,12.082984750232669,10.666640534727927,24.9056122642489
9.6030497,0.25,45.69570295935691,0.09999999999999432,37.04828335492413,37.04828335492413,21.304878044222505,17.575270368983297,37.04828335798671
9.9294402,0.25,78.09341623026394,0.1,60.71266936488506,60.71266936488506,37.320627894988206,30.035929319332528,60.71266936488506
