Time,Probability,RiskPremium,T0,T1,T2,Z,Expected,CVaR
36.7460667,0.15,10.110072095049652,0.1,17.950932407332683,17.950932407332683,1.4648495647502675,6.318795059406039,17.95093241387274
37.5242613,0.15,20.354311618894567,0.1,35.76595215611197,35.76595215611197,3.023965378224889,12.721444761809119,35.76595215611197
26.0415762,0.15,9.084053568568592,0.1,14.841586241522963,14.841586241522963,1.5737095356771171,5.677533480355328,14.841586243035964
21.4070627,0.15,9.135778743504153,0.1,14.887822182938942,14.887822182938942,1.5903249351642654,5.7098617146901,14.887822182938942
43.2462186,0.15,17.594620859669345,0.1,28.82815939608466,28.82815939608466,3.031678550005281,10.996638037293245,28.828159399147243
38.2160161,0.15,28.77401616064061,0.1,48.51292738279228,48.51292738279228,4.684422604988044,17.983760100400367,48.51292737666145
