Time,Probability,RiskPremium,T0,T1,T2,Z,Expected,CVaR
6.4210171,0.2,13.146638735388265,0.09999999999999609,17.69819324579958,17.69819324579958,2.423858929429675,7.733316903169598,17.69819324579958
13.0092185,0.2,33.30115773325293,0.09999999999999076,46.62630893501594,46.62630893501594,5.6010236331698495,19.58891631367842,46.626308935027176
6.3219099,0.2,11.501519408368212,0.1,14.224631679428736,14.224631679428736,2.498210148152682,6.765599651981323,14.224631679428736
21.1294746,0.2,11.632161405676017,0.1,14.230580269497308,14.230580269497308,2.5732738032465003,6.842447885691666,14.23058027481778
13.0583376,0.2,22.65606591252523,0.1,27.987619166184192,27.98761916618419,4.930811844829084,13.327097595603023,27.98761916924677
59.3261697,0.2,38.59336481647063,0.1,47.932785270958384,47.932785270958384,8.322143722518804,22.70197930380624,47.932785270958384
