Time,Probability,RiskPremium,T0,T1,T2,Z,Expected,CVaR
16.4506219,0.05,8.48964428429302,0.09999999999999432,22.32705895605337,22.32705895605337,0.5496450202354952,3.144312697886306,22.327058962571236
22.3615614,0.05,12.427831048896799,0.1,32.64354379145381,32.64354379145381,0.8147698106518698,4.60290038848027,32.64354378753883
18.1665243,0.05,8.409251437055566,0.09999999999999432,21.883604831695514,21.883604831695514,0.6024470521717863,3.1145375692798396,21.883604831695514
44.8191333,0.05,8.517570241089656,0.1,22.082653850495667,22.082653850495667,0.6309150457632758,3.154655644848002,22.08265384676141
9.0818582,0.05,12.047905091435013,0.1,31.32732036508745,31.32732036508745,0.8694346988193359,4.462187070901867,31.327320357757127
6.3760349,0.05,19.361517956365596,0.09999999999998721,50.56025653683323,50.56025653683323,1.3432543898335152,7.170932576431655,50.56025653683323
