Time,Probability,RiskPremium,T0,T1,T2,Z,Expected,CVaR
47.9688635,0.2,26.770254622887798,0.09999999999999432,26.241148743995474,26.241148743995474,10.324849653536774,9.914909119588026,26.241148743995474
49.0871853,0.2,54.17951012986556,0.09999999999999076,48.603874665645336,48.603874665645336,22.698069123577703,20.06648523328356,48.603874665794216
12.8213787,0.2,22.999989265809425,0.1,21.660406742222836,21.660406742222836,9.224717843184902,8.518514542892374,21.660406742222836
20.1123972,0.2,23.44544757512637,0.09999999999999609,22.202113798688327,22.202113798688327,9.354502593979825,8.683499101898587,22.202113800018445
11.5826958,0.2,37.8901998395097,0.1,30.961716070619623,30.961716070619623,17.085469001256953,14.033407347966698,30.961716073682204
9.3955401,0.2,63.226227497392735,0.1,51.19207908887954,51.19207908887954,28.6991230846426,23.417121295330684,51.19207908887954
