Time,Probability,RiskPremium,T0,T1,T2,Z,Expected,CVaR
9.8992633,0.1,6.617347764410253,0.1,14.312099327128763,14.312099327128763,0.11990479964112971,3.8925575084766146,14.312099333646628
9.0407699,0.1,12.766921236627333,0.1,28.233624326229382,28.233624326229382,0.07604990330065198,7.509953668604414,28.233624327493466
12.6718481,0.1,6.699206165458664,0.1,14.313852452327254,14.313852452327254,0.1652109201785747,3.940709509093388,14.313852453840262
8.2958795,0.1,6.680927369111807,0.09999999999999609,14.309336901459304,14.309336901459304,0.15612518675879067,3.9299572759480688,14.309336901567852
9.0008688,0.1,13.035919575762298,0.1,28.404629438124854,28.404629438124854,0.18362122715325668,7.66818798574257,28.404629437208555
12.0352417,0.1,21.87151397266107,0.1,48.36716223838778,48.36716223838778,0.13052607218422652,12.86559645450667,48.36716223838778
