Time,Probability,RiskPremium,T0,T1,T2,Z,Expected,CVaR
11.8940616,0.05,-1.1732157645383267e-11,2.0,-3.1845320252129264e-9,-3.1845320252129264e-9,-8.690487144728345e-12,-4.3452435723641734e-12,0.0
13.8054816,0.05,0.0,2.0,0.0,0.0,-0.0,0.0,0.0
14.698611,0.05,-2.7234278832111156e-12,0.1,0.0,0.0,-2.0173539875637894e-12,-1.0086769937818947e-12,0.0
12.6404744,0.05,0.0,2.0,0.0,0.0,-0.0,0.0,0.0
38.2117337,0.05,0.0,2.0,0.0,0.0,-0.0,0.0,0.0
30.4586558,0.05,0.0,2.0,5.809681624668883e-9,5.809681624668883e-9,-0.0,0.0,0.0
