Time,Probability,RiskPremium,T0,T1,T2,Z,Expected,CVaR
12.7160927,0.05,10.906796632414629,0.1,63.178093761888086,109.79111751075692,3.635598877471546,4.544498596839426,22.722492984197146
11.677624,0.05,16.65617468662054,0.1,63.6545343968845,119.67234110440711,5.552058228873514,6.940072786091891,34.700363930459446
10.5342656,0.05,9.487615062919431,0.1,36.7901540834119,61.68383187206887,3.1625383543064753,3.953172942883093,19.765864714415475
12.3103821,0.05,9.49260683786584,0.1,36.81050410629964,58.05967081709798,3.164202279288614,3.9552528491107646,19.77626424555384
10.6819103,0.05,12.354578267351366,0.1,38.12149808320086,75.85949867597273,4.118192755783791,5.147740944729735,25.738704723648695
11.2719509,0.05,20.31671291398082,0.1,63.6264681009708,121.67854271248154,6.772237637993604,8.465297047492005,42.32648523746003
