Time,Probability,RiskPremium,T0,T1,T2,Z,Expected,CVaR
46.1052107,0.25,20.985607432460757,0.1,26.742527281082623,26.742527281082623,6.310165338950213,11.658670795811576,26.74252728430627
20.9349386,0.25,43.5929943570294,0.0999999999999801,50.033626844529174,50.033626844529174,14.211604829443719,24.218330198349687,50.033626844529174
17.4568991,0.25,18.837312874065823,0.09999999999999609,24.080279006020376,24.080279006020376,5.649118017951701,10.465173818925381,24.080279004869027
43.326268,0.25,18.96852097824419,0.1,24.222915213888797,24.222915213888797,5.693484167357882,10.538067210135608,24.222915213888793
31.2137491,0.25,30.971842289254987,0.09999999999999076,35.02804043343514,35.02804043343514,10.200970962286673,17.206579049586086,35.02804043649772
9.279196,0.25,52.35901452090464,0.1,55.70858308785318,55.70858308785318,17.946624782931806,29.08834140050245,55.70858308785318
