Time,Probability,RiskPremium,T0,T1,T2,Z,Expected,CVaR
34.3966815,0.25,13.470664554157729,0.1,14.345192309739078,14.345192309739078,2.9782354343547235,7.923920325975059,14.34519231054499
19.3663822,0.25,39.44145216122812,0.09999999999999432,46.14224879323518,46.14224879323518,7.06404011563869,23.200854212487297,46.142248795243596
48.7703059,0.25,13.159993798094105,0.1,13.652938634549571,13.652938634549571,3.0541146508294075,7.74117282240816,13.652938634549571
15.1429506,0.25,13.213116499391013,0.09999999999999609,13.786763858086792,13.786763858086792,3.034958074255039,7.772421470230097,13.786763857494863
35.951754,0.25,25.92436461509986,0.1,27.284262223057848,27.284262223057848,5.860883979370963,15.24962624417615,27.284262223057848
61.196422,0.25,46.12309933183557,0.1,47.37145739742339,47.37145739742339,10.895775432218185,27.131234901079754,47.37145739742339
