Time,Probability,RiskPremium,T0,T1,T2,Z,Expected,CVaR
18.0973591,0.2,15.645692357844988,0.1,19.423906186666272,19.423906186666272,3.494851490861711,8.234574925181604,19.423906187472195
17.9835995,0.2,37.437754413913986,0.1,47.024914812961555,47.024914812961555,8.171381403564798,19.704081270481034,47.02491481296156
6.2171004,0.2,12.963615710124772,0.1,14.423406265739033,14.423406265739033,3.4805023531260657,6.822955636907784,14.423406265739033
19.7333102,0.2,13.079739232397655,0.09999999999999609,14.373900084075588,14.373900084075588,3.574226570369602,6.884073280209304,14.373900085405706
28.6690021,0.2,25.768832012623466,0.1,28.796725679224508,28.796725679224508,6.87432496792342,13.562543164538654,28.79672567928576
25.973839,0.2,43.41023011054579,0.1,48.431641123973776,48.431641125516755,11.60828752144182,22.847489531866287,48.43164112397377
