Time,Probability,RiskPremium,T0,T1,T2,Z,Expected,CVaR
79.4183809,0.25,21.344280918457983,0.1,24.834793882412324,24.834793882412324,6.030160310091878,11.233832062346272,24.83479388241232
45.418301,0.25,45.375522797901496,0.09999999999999432,48.44035591220361,48.44035591220361,14.126118151234529,23.881854104158645,48.44035591251963
16.1716317,0.25,17.96797844379946,0.1,19.627947493006275,19.627947493006275,5.459812663971576,9.45683075989427,19.627947493006275
16.2528606,0.25,18.309349658658032,0.1,20.325041190938062,20.325041190938062,5.466287427134131,9.636499820346392,20.325041190938062
17.4743238,0.25,30.639014261291532,0.1,30.162857901305728,30.162857901305586,10.302099004471794,16.125796979627214,30.162857903602518
27.4217059,0.25,52.434262568724655,0.09999999999998721,48.85189211869032,48.85189211869032,18.460808725439023,27.596980299328546,48.85189211251837
