Time,Probability,RiskPremium,T0,T1,T2,Z,Expected,CVaR
14.2489859,0.15,30.089720228193656,0.1,63.178093761888086,109.79111751075698,10.137649549700324,10.375765595928852,37.736637260398794
13.9271921,0.15,53.781154209746795,0.1,63.6545343968845,159.2186616820817,19.836354504046046,18.54522558956784,62.54400877851889
15.4711609,0.15,24.731529738068314,0.1,36.7901540834119,61.68383187206888,9.167203577960985,8.528113702782191,28.631577866568378
14.1232137,0.15,24.738154565752524,0.1,36.81050410629964,59.60930820403673,9.211235140892592,8.530398126121549,28.520458979659754
13.7032444,0.15,39.42164442390892,0.1,38.121498083200855,91.54684087940345,15.972679470676214,13.59367049100308,41.75165466880207
12.419915,0.15,66.42630865570489,0.1,63.62646810097078,169.06531726696798,25.955718085720104,22.905623674380998,73.09124337610605
