Time,Probability,RiskPremium,T0,T1,T2,Z,Expected,CVaR
109.8362112,0.15,8.554571038257327,0.1,14.255551542253844,14.255551542253844,0.9807279768812052,5.346606898910793,14.255551548772006
34.0476399,0.15,17.632626072249828,0.1,29.496318547148608,29.496318547148608,1.9932529637794132,11.020391295156044,29.4963185484136
17.0846469,0.15,8.756726356943169,0.1,14.066715978358461,14.066715978358456,1.135331882536452,5.472953973089474,14.066715978358465
26.2229155,0.15,8.806445970396233,0.1,14.105467885101948,14.105467885101948,1.1520574504034518,5.504028731497628,14.105467885478298
50.4626392,0.15,17.137074554400478,0.1,27.78201662580572,27.78201662580572,2.1585667005738043,10.7106715965003,27.78201662580572
42.1435308,0.15,28.47768459090436,0.09999999999999432,47.842462272012625,47.842462272012625,3.1681543724508767,17.79855286931536,47.842462265868086
