Time,Probability,RiskPremium,T0,T1,T2,Z,Expected,CVaR
11.6279124,0.05,-9.559535859201181e-12,2.0,-3.1845320252129264e-9,-3.1845320252129264e-9,-6.3006031799280515e-12,-4.3452435723641734e-12,0.0
11.6064148,0.05,0.0,2.0,0.0,0.0,-0.0,0.0,0.0
17.0671394,0.05,-2.2190893863201687e-12,0.1,0.0,0.0,-1.4625816409837476e-12,-1.0086769937818947e-12,0.0
19.0615675,0.05,0.0,2.0,0.0,0.0,-0.0,0.0,0.0
24.4007597,0.05,0.0,2.0,0.0,0.0,-0.0,0.0,0.0
20.0188942,0.05,0.0,2.0,5.809681624668883e-9,5.809681624668883e-9,-0.0,0.0,0.0
