Time,Probability,RiskPremium,T0,T1,T2,Z,Expected,CVaR
49.5446682,0.1,8.665612398766521,0.1,16.124692804144065,16.124692804144065,0.7952402155991767,4.33280619938326,16.124692811996777
27.5408179,0.1,15.50641047229861,0.1,29.197621050028552,29.197621050028552,1.3198804918907756,7.753205236149304,29.197621050344573
7.6306653,0.1,8.273143537872476,0.1,15.118973045706841,15.118973045706841,0.8418513859050509,4.136571768936238,15.118973045706841
19.3959316,0.1,8.223789348871398,0.1,15.063475042026196,15.063475042026196,0.8264205642159712,4.111894674435698,15.063475041834856
7.6161972,0.1,15.58195141038076,0.09999999999999076,28.88868778806762,28.88868778806762,1.4616620814267756,7.79097570519038,28.888687784402457
12.8816934,0.1,25.81789559500877,0.10000000000000137,48.5424725410898,48.5424725410898,2.218890374444118,12.908947797504382,48.542472541038634
