Time,Probability,RiskPremium,T0,T1,T2,Z,Expected,CVaR
12.2266114,0.05,-1.0863108930910432e-11,2.0,0.0,-3.1845320252129264e-9,-7.821457378061798e-12,-4.3452435723641734e-12,6.315935428978667e-17
10.8978126,0.05,6.524973154379646e-12,2.0,3.91497678720043e-9,3.91497678720043e-9,4.697961723347059e-12,2.6099892617518586e-12,6.315935428978667e-17
26.1026037,0.05,2.2695250123661028e-11,0.1,0.0,0.0,-1.8156247468444492e-12,9.07810004946441e-12,6.052068278626797e-11
16.5455384,0.05,6.223774088690941e-12,2.0,3.7342573477872065e-9,3.7342573477872065e-9,4.481107869954334e-12,2.4895096354763763e-12,3.1579677144893335e-17
12.2049047,0.05,6.1085595840874395e-12,2.0,3.6651641721618944e-9,3.6651641721618944e-9,4.398153426639812e-12,2.4434238336349755e-12,3.1579677144893335e-17
10.2153684,0.05,3.5527136788005004e-17,2.0,5.809681624668883e-9,5.809681624668883e-9,-2.17899772299764e-17,1.4210854715202004e-17,1.578983857244667e-16
