Time,Probability,RiskPremium,T0,T1,T2,Z,Expected,CVaR
20.2677227,0.15,17.650358175579417,0.1,24.281960695377744,24.281960695377744,4.993921824617067,7.6740687719910445,24.28196070189564
130.2049188,0.15,35.94940292677153,0.1,47.975702373396075,47.975702373396075,10.615569584865778,15.630175185552757,47.97570237339617
23.0380431,0.15,15.404754605122717,0.1,19.50783846362451,19.50783846362451,4.863999490563228,6.697719393531676,19.50783846362451
11.3772132,0.15,15.534675337870826,0.1,19.666283526395357,19.666283526395357,4.90684561012187,6.75420666863951,19.666283532337722
17.5607162,0.15,25.659045581301246,0.1,29.57297311699669,29.57297311699669,8.977878903148211,11.156106774478864,29.572973120059274
23.9486977,0.15,41.61150306237142,0.09999999999999432,49.03633114673173,49.03633114673173,14.236233222959918,18.09195785320501,49.03633114055976
