Time,Probability,RiskPremium,T0,T1,T2,Z,Expected,CVaR
80.9867061,0.15,9.556512772758847,0.1,14.130494813373337,14.130494813373337,1.1598766423597175,5.309173762643846,14.130494813373337
17.633987,0.15,19.672775731089644,0.1,29.1906687416659,29.1906687416659,2.351983768613059,10.92931985060527,29.19066874166613
26.1082211,0.15,9.76260393043919,0.1,13.901211102989176,13.901211102989173,1.371795291734377,5.423668850244012,13.90121110298921
10.3044198,0.15,9.79977633107273,0.1,13.905252607257284,13.905252607257284,1.39412979689885,5.4443201839292135,13.905252613199645
56.7986135,0.15,19.205805495590468,0.1,27.645750378872382,27.645750378872382,2.5943631006849097,10.669891941994749,27.64575037888259
98.3433781,0.15,32.018760849031985,0.1,47.80746478072577,47.80746478072577,3.7238178691939163,17.788200471684608,47.80746478069444
