Time,Probability,RiskPremium,T0,T1,T2,Z,Expected,CVaR
36.5101488,0.15,13.380720835085825,0.09999999999999432,23.02749244742791,23.02749244742791,2.828235306480242,7.4337337972698885,23.02749245394841
61.3422506,0.15,28.077628541061294,0.09999999999999076,47.811293444344486,47.811293444344486,6.036423833690188,15.598682522811773,47.81129344560857
21.9758412,0.15,11.812190101483711,0.1,18.802648522966543,18.802648522966543,2.801798129488655,6.562327834157643,18.802648523344793
12.3055048,0.15,11.87589209233996,0.1,18.857057488498544,18.857057488498544,2.8263063301895106,6.597717829077764,18.857057494440905
13.4930953,0.15,20.00617811898554,0.1,29.356019208763733,29.356019208763733,5.24333955707112,11.11454339943644,29.356019211826318
23.9226998,0.15,32.48029322192372,0.09999999999999432,48.78616173271813,48.78616173271813,8.287374999278171,18.044607345513175,48.786161731175135
