Time,Probability,RiskPremium,T0,T1,T2,Z,Expected,CVaR
17.2271007,0.15,20.751531191857705,0.1,63.178093761888086,109.79111751075698,6.578980644256902,10.375765595928852,48.34361511264845
14.21424,0.15,37.09045117913568,0.1,63.6545343968845,159.2186616820817,12.831271667704275,18.54522558956784,75.68476480820352
15.0899356,0.15,17.056227405564382,0.1,36.7901540834119,61.68383187206888,5.895356442579861,8.528113702782191,34.85568630480569
16.1178663,0.15,17.06079625224313,0.1,36.81050410629964,59.60930820403673,5.966064530028187,8.530398126121549,34.17373408705541
18.7696238,0.15,27.18734098200616,0.1,38.121498083200855,91.54684087940345,9.787154410112047,13.59367049100308,51.658831299913444
12.1085313,0.15,45.811247348762045,0.1,63.62646810097078,169.06531726696798,15.89360898526763,22.905623674380998,93.02577056551507
