Time,Probability,RiskPremium,T0,T1,T2,Z,Expected,CVaR
21.7345371,0.2,36.668295833733794,0.1,63.17809376188807,156.54192510569598,17.763626755737537,13.095819940619208,42.140065627504306
19.2093247,0.2,67.72732748371968,0.1,63.6545343968845,159.2186616820817,34.53452300379262,24.188331244185548,69.21069742289262
20.2845544,0.2,29.11076743299872,0.1,36.7901540834119,70.95489073513308,14.588218410307155,10.396702654642404,31.02593449488825
18.2154505,0.2,29.116911489907345,0.1,36.81050410629964,70.1419294082679,14.64925795165313,10.3988969606812,30.742679848546288
19.8478612,0.2,48.67671822112456,0.1,38.121498083200855,91.54684087940345,25.228281453215676,17.384542221830234,47.70401495222346
18.6769587,0.2,83.79841681479866,0.1,63.62646810097078,169.065317266968,43.112909861356044,29.92800600528522,83.71551074607174
