Time,Probability,RiskPremium,T0,T1,T2,Z,Expected,CVaR
12.0794919,0.15,9.806948438799434,0.1,15.803318995321412,15.803318995321412,1.529523792128184,5.768793199293748,15.803318988803516
5.3105609,0.15,21.05070007256557,0.09999999999999076,34.440020964109216,34.440020964109216,3.153621269796348,12.382764748567945,34.4400209653733
16.6634122,0.15,9.440600311868927,0.1,14.351180666841131,14.351180666841131,1.6878344189558745,5.553294301099349,14.351180668354028
11.7221787,0.15,9.486826153956253,0.09999999999999609,14.37931410226178,14.37931410226178,1.7066331472186165,5.5804859729154845,14.379314108204142
9.8035761,0.15,18.651606259786323,0.1,28.73101417275112,28.73101417275112,3.2402028959131672,10.971533093991884,28.731014173516765
42.8688595,0.15,30.538183832311365,0.1,48.43328078352065,48.43328078352065,4.957135476660587,17.963637548418387,48.43328077734868
