Time,Probability,RiskPremium,T0,T1,T2,Z,Expected,CVaR
13.6450002,0.1,22.358832573448773,0.1,63.178093761888086,109.79111751075695,7.852158814739873,7.7099422667064745,41.693599726718645
13.1001313,0.1,37.07668413324868,0.1,63.6545343968845,159.2186616820817,13.765707958872097,12.785063494223687,65.414626894988
12.6481469,0.1,18.84127672912269,0.1,36.7901540834119,61.683831872068886,7.150357418014189,6.496991975559554,32.46662865330432
10.6874712,0.1,18.84765848528547,0.1,36.81050410629964,58.73116960119909,7.1824173360848835,6.499192581132909,32.32943542147129
11.5197135,0.1,27.62218785609629,0.1,38.121498083200855,75.85949867597274,11.151562612941389,9.524892364171135,44.25355675909002
10.5175423,0.1,45.722632641910415,0.1,63.62646810097078,121.6785427124816,18.03660604238014,15.766425048934627,75.36443280191288
