Time,Probability,RiskPremium,T0,T1,T2,Z,Expected,CVaR
16.1192544,0.1,15.887718641818987,0.09999999999999609,22.973798652373947,22.973798652373947,4.158668712213167,5.674185229221038,22.973798658891813
10.2425508,0.1,26.297476952884224,0.1,37.840075972766186,37.840075972766186,6.9486789269250835,9.391956054601613,37.840075972766186
27.1254184,0.1,14.394948365578482,0.1,20.169064693879363,20.169064693879363,3.9940912801818813,5.141052987706571,20.169064695392372
22.9369717,0.1,14.43612067212084,0.1,20.342004357117816,20.342004357117816,3.965176847532771,5.155757382900329,20.342004359151034
32.3838235,0.1,22.389166864605695,0.09999999999999076,29.992061481243454,29.992061481243454,6.694460182455478,7.996131023073506,29.992061477578286
26.1694963,0.1,36.35203949717238,0.09999999999998721,48.933895188967746,48.933895183158064,10.78630987325689,12.98287124899003,48.93389517734838
