Time,Probability,RiskPremium,T0,T1,T2,Z,Expected,CVaR
12.051492,0.05,-1.0863108930910432e-11,2.0,-3.1845320252129264e-9,-3.1845320252129264e-9,-8.255962787491929e-12,-4.3452435723641734e-12,0.0
11.5054782,0.05,6.524961312000717e-12,2.0,3.91497678720043e-9,3.91497678720043e-9,4.958970597120545e-12,2.6099845248002867e-12,0.0
15.8363114,0.05,-2.5216924844547367e-12,0.1,0.0,0.0,-1.9164862881855998e-12,-1.0086769937818947e-12,0.0
25.380032,0.05,0.0,2.0,0.0,0.0,-0.0,0.0,0.0
23.400458,0.05,6.108606953603157e-12,2.0,3.6651641721618944e-9,3.6651641721618944e-9,4.6425412847383994e-12,2.443442781441263e-12,0.0
22.6692939,0.05,0.0,2.0,5.809681624668883e-9,5.809681624668883e-9,-0.0,0.0,0.0
