Time,Probability,RiskPremium,T0,T1,T2,Z,Expected,CVaR
25.1091981,0.25,44.850708833934355,0.1,63.17809376188807,156.54192510569595,22.76413606663334,15.46576166687393,59.60450233638771
22.3634933,0.25,85.66786181993596,0.1,63.6545343968845,159.2186616820817,45.98172407737821,29.540642006874442,97.1772802447629
22.7157079,0.25,35.203359470259855,0.1,36.7901540834119,70.95489073513308,19.063230201396884,12.139089472503418,38.81268811490056
23.1265235,0.25,35.20997412116312,0.1,36.81050410629964,70.14192940826788,19.155449241630098,12.14137038660799,38.22906700610842
22.5548945,0.25,61.01293489919847,0.1,38.121498083200855,91.54684087940345,33.770016806574354,21.038943068689104,62.39877656158932
21.0369835,0.25,106.77915208186772,0.1,63.62646810097078,169.065317266968,59.176407942007394,36.820397269609536,108.70270973794835
