Time,Probability,RiskPremium,T0,T1,T2,Z,Expected,CVaR
7.2627856,0.05,-7.386914073019094e-12,2.0,0.0,-3.1845320252129264e-9,-4.562522330312881e-12,-4.3452435723641734e-12,4.736951571734002e-17
4.6106335,0.05,4.436981744978159e-12,2.0,3.91497678720043e-9,3.91497678720043e-9,2.7404721455089492e-12,2.6099892617518586e-12,4.736951571734002e-17
4.3995191,0.05,-1.714738810202713e-12,0.1,0.0,0.0,-1.0591241069353902e-12,-1.0086698883545369e-12,5.921189464667503e-17
4.1192641,0.05,4.232166380309839e-12,2.0,3.7342573477872065e-9,3.7342573477872065e-9,2.613976827584944e-12,2.4895096354763763e-12,2.368475785867001e-17
4.8098958,0.05,4.153820517179458e-12,2.0,3.6651641721618944e-9,3.6651641721618944e-9,2.5655867356514734e-12,2.4434238336349755e-12,2.368475785867001e-17
4.3138581,0.05,2.4158453015843405e-17,2.0,5.809681624668883e-9,5.809681624668883e-9,-2.6526928801710413e-17,1.4210854715202004e-17,1.1842378929335005e-16
