Time,Probability,RiskPremium,T0,T1,T2,Z,Expected,CVaR
18.636203,0.15,21.702194199926137,0.1,24.69846976618554,24.69846976618554,7.172336105146325,7.750783642830827,24.698469772703433
55.3713673,0.15,43.863790874034976,0.1,48.167564026199464,48.16756402619946,15.197381504833338,15.66563959786953,48.167564026199464
28.4665484,0.15,19.06071404207303,0.09999999999999609,20.10349611124976,20.10349611124976,6.934876874120427,6.807397872168926,20.10349611162801
44.6533166,0.15,19.266306475693884,0.09999999999999609,20.350553876765495,20.350553876765495,6.997590677819135,6.880823741319261,20.350553882707857
13.0489185,0.15,31.31554032477469,0.1,29.72463258159749,29.72463258159749,12.715214364173237,11.184121544562396,29.72463258466007
20.6205353,0.15,50.73595001650692,0.1,49.18972782650947,49.18972782650947,20.188069599120265,18.119982148752594,49.189727820337495
