Time,Probability,RiskPremium,T0,T1,T2,Z,Expected,CVaR
20.3658048,0.2,31.8396695271503,0.09999999999999432,48.06452924909143,48.06452924909143,16.01179253482834,12.246026741211637,48.064529252315104
19.5124171,0.2,60.34266334093355,0.1,63.6545343968845,85.27913844634087,30.926904493668577,23.208716669589773,85.27913844634087
31.8378682,0.2,25.71396175220858,0.1,33.36340104898759,33.36340104898759,13.476634886216338,9.889985289310989,33.36340105612384
20.0002849,0.2,25.7446872265494,0.1,32.91571055907681,32.91571055907681,13.541493668611823,9.901802779442063,32.91571056439728
20.4523663,0.2,44.11395645747713,0.1,38.121498083200855,56.75473870323452,23.16826689033465,16.96690632979894,56.75473870323452
16.8237027,0.2,75.83025074491982,0.1,63.62646810097078,97.16663754278846,39.86465404047649,29.165481055738443,97.16663754278846
