Time,Probability,RiskPremium,T0,T1,T2,Z,Expected,CVaR
23.4611732,0.25,24.16719331173218,0.1,29.0622575457471,29.0622575457471,8.687864477889825,12.083596655866089,29.0622575457471
19.9972886,0.25,49.772773319826854,0.1,53.70344867446606,53.70344867446606,19.122974257002674,24.886386659913413,53.70344867446606
20.6508221,0.25,21.41136871089489,0.09999999999999432,25.405964924541784,25.405964924541784,7.765628241858934,10.705684355447445,25.405964923390435
43.0579741,0.25,21.501553564293825,0.1,25.392041465652603,25.392041465652603,7.822523845919401,10.750776782146911,25.392041463284905
20.3811317,0.25,35.47516116075592,0.1,37.98344745853257,37.98344745853257,13.688407204746962,17.73758058037796,37.98344745853257
13.9497379,0.25,60.81354444286824,0.1,62.835361238828604,62.835361238828604,23.921054417955283,30.4067722214341,62.835361238828604
