Time,Probability,RiskPremium,T0,T1,T2,Z,Expected,CVaR
15.1652569,0.15,9.806948438799434,0.1,15.803318988803516,15.803318988803516,1.529523792128184,5.768793199293748,15.803318988803516
6.3204116,0.15,21.05070007256557,0.09999999999999076,34.440020964109216,34.440020964109216,3.153621269796348,12.382764748567945,34.4400209653733
17.6822216,0.15,9.44060031239867,0.1,14.351180668354008,14.351180668354015,1.6878344192519357,5.553294301411035,14.35118066835403
10.6619073,0.15,9.484954185759664,0.09999999999999609,14.375063620543871,14.375063620543871,1.7066496677735823,5.579384815152715,14.375063626486233
12.352817,0.15,18.65160625933242,0.1,28.731014172751117,28.731014172751095,3.24020289585096,10.971533093725052,28.73101417275112
31.7174723,0.15,30.537451669668,0.1,48.431641117801824,48.431641117801824,4.9571362418345775,17.96320686451052,48.431641117801824
