Time,Probability,RiskPremium,T0,T1,T2,Z,Expected,CVaR
18.7728782,0.15,23.86426087063637,0.1,63.178093761888086,109.79111751075698,9.38436452503704,10.375765595928852,37.736637260398794
14.171846,0.15,42.65401885600606,0.1,63.6545343968845,159.2186616820817,17.508975788095537,18.54522558956784,62.54400877851889
16.5909543,0.15,19.614661516399025,0.1,36.7901540834119,61.68383187206888,8.071028189048926,8.528113702782191,28.631577866568378
16.7874169,0.15,19.619915690079598,0.1,36.81050410629964,59.60930820403673,8.091008435927312,8.530398126121549,28.520458979659754
13.5241775,0.15,31.26544212930706,0.1,38.121498083200855,91.54684087940345,13.448074011634148,13.59367049100308,41.75165466880207
17.2181405,0.15,52.68293445107631,0.1,63.62646810097078,169.06531726696798,22.24946782143652,22.905623674380998,73.09124337610605
