Time,Probability,RiskPremium,T0,T1,T2,Z,Expected,CVaR
14.4522425,0.1,22.358832573448773,0.1,63.178093761888086,109.79111751075695,9.649840899623612,7.7099422667064745,32.70518930229992
13.7715767,0.1,37.07668413324868,0.1,63.6545343968845,159.2186616820817,16.00853154157643,12.785063494223687,54.200508981466314
19.9980381,0.1,18.84127672912269,0.1,36.7901540834119,61.683831872068886,8.298234744894296,6.496991975559554,26.727242018903787
23.2387221,0.1,18.84765848528547,0.1,36.81050410629964,58.73116960119909,8.283810875291666,6.499192581132909,26.82246772543737
18.1817104,0.1,27.62218785609629,0.1,38.121498083200855,75.85949867597274,12.495333463073477,9.524892364171135,37.5347025084296
19.2388153,0.1,45.722632641910415,0.1,63.62646810097078,121.6785427124816,20.545009354863595,15.766425048934627,62.82241623949559
