Time,Probability,RiskPremium,T0,T1,T2,Z,Expected,CVaR
15.3684,0.1,14.683404827377675,0.09999999999999609,26.05867546424151,26.05867546424151,4.577201457433233,6.1180853447407,26.058675470759376
30.1884266,0.1,26.66565250472595,0.1,48.70581833253651,48.70581833253651,8.035938003310052,11.110688543635812,48.70581833253651
12.4698072,0.1,13.114258060186948,0.1,22.45221971189554,22.45221971189554,4.252394764109598,5.464274191744567,22.45221971340855
16.4657441,0.1,13.33064619557102,0.1,23.161938560528338,23.161938560528338,4.254709751608348,5.554435914821247,23.161938560528338
25.8545565,0.1,20.02918032657109,0.1,32.51696445596356,32.51696445596356,6.849405268155506,8.34549180273794,32.51690808112597
8.3135108,0.1,32.06989261789352,0.1,51.648862554741584,51.648862554741584,11.050155902142645,13.362455257455629,51.6488625489319
