Time,Probability,RiskPremium,T0,T1,T2,Z,Expected,CVaR
12.1270692,0.05,2.085716914734803e-10,2.0,6.51786535854626e-9,0.0,-0.0,1.0428584573674016e-10,5.214292286837008e-10
12.8220261,0.05,-1.3571918581571177e-10,2.0,0.0,0.0,-8.482449113481983e-11,-6.785959290785588e-11,0.0
11.7929399,0.05,6.455534181289598e-11,0.1,0.0,0.0,-3.2311742677852644e-27,3.227767090644799e-11,1.6138835453223995e-10
12.2743997,0.05,-8.962216687298983e-11,2.0,0.0,0.0,-5.601385429561867e-11,-4.4811083436494915e-11,0.0
12.9786689,0.05,-1.0751152027902815e-10,2.0,0.0,0.0,-6.719470017439262e-11,-5.375576013951408e-11,0.0
11.3743989,0.05,13.486610447322027,2.0,47.48806496084168,47.488064960841655,1.199040866595169e-14,6.743305223661014,33.716526118305076
