Time,Probability,RiskPremium,T0,T1,T2,Z,Expected,CVaR
15.297825,0.15,30.089720228193656,0.1,63.178093761888086,109.79111751075698,16.560719411494063,10.375765595928852,41.90811780363635
17.0019913,0.15,53.781154209746795,0.1,63.6545343968845,159.2186616820817,30.36128437679136,18.54522558956784,67.29166802344398
15.1665024,0.15,24.731529738068314,0.1,36.7901540834119,61.68383187206888,13.917947820957904,8.528113702782191,31.38279584606454
17.0471679,0.15,24.738154565752524,0.1,36.81050410629964,59.60930820403673,13.949081890010852,8.530398126121549,31.11714362232266
14.4024858,0.15,39.42164442390892,0.1,38.121498083200855,91.54684087940345,22.62537954154626,13.59367049100308,45.61961440459937
13.0410959,0.15,66.42630865570489,0.1,63.62646810097078,169.06531726696798,37.730211961183684,22.905623674380998,80.81035387578319
