Time,Probability,RiskPremium,T0,T1,T2,Z,Expected,CVaR
12.7983326,0.1,16.26992861211832,0.09999999999999609,27.245644033409096,27.245644033409096,5.814667923481158,6.257664850814745,27.24564403992696
14.111861,0.1,28.924660686088416,0.09999999999999076,48.82529360616054,48.82529360616054,10.259706368883995,11.124869494649412,48.825293607424626
13.8617007,0.1,14.70482470726717,0.1,24.08027900602037,24.08027900602037,5.364207457370611,5.655701810487397,24.080279007533377
15.7277781,0.1,14.833742944071892,0.1,24.431297844626425,24.431297844626425,5.3832547759936915,5.705285747719959,24.431297849511086
21.5919654,0.1,21.750821322583565,0.09999999999999076,32.68302604459029,32.68302604459029,8.521655707279955,8.365700508686013,32.68302604177423
10.5178005,0.1,35.163227739377085,0.1,53.03288098592301,53.03288099173269,13.737196853153373,13.524318361298972,53.03288098592301
