Time,Probability,RiskPremium,T0,T1,T2,Z,Expected,CVaR
12.9676837,0.1,12.335907626730359,0.1,63.17809376188807,109.79111751075689,0.8766783046848705,7.7099422667064745,32.705189302299914
14.1214002,0.1,20.45610159075791,0.1,63.6545343968845,159.21866168208157,1.4587212734478467,12.785063494223687,54.200508981466314
13.2562389,0.1,10.395187160895286,0.1,36.79015408341189,61.68383187206885,0.8636576788340999,6.496991975559554,26.727242018903787
15.3132945,0.1,10.398708129812668,0.09999999999999609,36.81050410629964,58.73116960119909,0.8510242770340933,6.499192581132909,26.822467725437363
13.5874797,0.1,15.239827782673828,0.1,38.121498083200855,75.85949867597272,1.513463896863929,9.524892364171135,37.5347025084296
12.3885879,0.1,25.2262800782954,0.1,63.62646810097078,121.6785427124816,2.4014563507766216,15.766425048934627,62.82241623949559
