Time,Probability,RiskPremium,T0,T1,T2,Z,Expected,CVaR
46.5789538,0.2,19.217220997049402,0.10000000161182498,24.78661283996152,24.78661283996152,5.055209795851903,9.608610498524701,24.78661284076744
30.956482,0.2,39.794526296199315,0.09999999999999076,47.80250296627748,47.80250296627748,11.52569120259199,19.897263148099658,47.80250296645867
17.6114399,0.2,15.809339877858857,0.1,18.70599725959325,18.70599725959325,4.664271742730237,7.904669938929423,18.70599725959325
30.1935231,0.2,15.93886924321584,0.1,18.72530405817956,18.72530405817956,4.742673789040361,7.969434621607911,18.725304063500033
43.439653,0.2,27.422265593276897,0.09999999999999076,29.39294585651943,29.39294585651943,9.006588878444413,13.711132796638449,29.392945857285074
35.3896654,0.2,45.85626643621887,0.1,48.75169498174826,48.75169498174826,15.181064689249299,22.928133218109433,48.751694980976765
