Time,Probability,RiskPremium,T0,T1,T2,Z,Expected,CVaR
45.7378594,0.2,21.717036314049132,0.1,26.017933660386184,26.017933660386184,7.001690115041445,9.871380142749663,26.01793366360986
54.9996804,0.2,44.103348939976726,0.09999999999999432,48.503925155196896,48.503925155196896,15.519287639409663,20.04697679089849,48.50392515646098
31.5303302,0.2,18.32126681871074,0.09999999999999609,20.681663990385097,20.681663990385097,6.287273633288391,8.327848553959408,20.68166399216916
19.1023887,0.2,18.590710882797342,0.1,21.00112157365899,21.00112157365899,6.375148219920649,8.450323128544248,21.001121576318994
22.2381984,0.2,30.662311469157043,0.1,30.468375362946887,30.468375362946887,11.765608847111354,13.937414304162182,30.468375363773784
21.2805817,0.2,50.90855528942381,0.1,49.776742747234636,49.776742747234636,19.777355784106724,23.14025240428337,49.7767427410627
