Time,Probability,RiskPremium,T0,T1,T2,Z,Expected,CVaR
19.8840158,0.2,39.287459821857674,0.1,63.17809376188807,156.54192510569598,19.950954965786327,13.095819940619208,54.70038604363338
18.4216339,0.2,72.56499373255677,0.1,63.6545343968845,159.2186616820817,39.054944956866166,24.188331244185548,86.3331147875522
27.1112824,0.2,31.19010796392723,0.1,36.7901540834119,70.95489073513308,16.780935344418232,10.396702654642404,37.14650242041974
24.7057701,0.2,31.196690882043598,0.1,36.81050410629964,70.1419294082679,16.88933952987871,10.3988969606812,36.45525957057242
19.4035113,0.2,52.1536266654907,0.1,38.121498083200855,91.54684087940345,28.385635170160164,17.384542221830234,59.9408707118324
16.8288057,0.2,89.78401801585576,0.1,63.62646810097078,169.065317266968,48.69226555070448,29.92800600528522,104.35298240439263
