Time,Probability,RiskPremium,T0,T1,T2,Z,Expected,CVaR
16.6450033,0.1,15.254603116206688,0.1,63.03915524472297,63.03915524472297,1.4611305078081245,7.627301558103344,32.29198575928425
13.6576176,0.1,24.18467101738243,0.1,63.43140385383152,63.43140385383152,2.431202122413032,12.092335508691214,50.736869053803915
12.9536147,0.1,12.84551765638121,0.09999999999999609,36.7901540834119,46.43479552539927,1.4394294647234993,6.422758828190605,26.35607628205902
14.0489905,0.1,11.738078849383827,0.1,26.075252469843697,26.075252469843697,1.4183737950568145,5.869039424691907,23.67170194323232
14.3636553,0.1,19.049784728342267,0.1,38.121498083200855,75.85949867597273,2.522439828106526,9.524892364171134,37.534702508429596
11.1559183,0.1,31.53285009786924,0.1,63.62646810097078,121.67854271248153,4.002427251294379,15.76642504893462,62.82241623949557
