Time,Probability,RiskPremium,T0,T1,T2,Z,Expected,CVaR
15.1187912,0.1,13.0453335901823,0.1,22.959476699203602,22.959476699203602,3.05155128488913,5.671884169644461,22.959476712239333
13.0944274,0.1,21.664794409263934,0.1,38.01027979390076,38.01027979390076,5.0976175878866385,9.419475830114713,38.01027979516484
28.0147229,0.1,11.863154274106963,0.1,20.273021525110988,20.273021525110988,2.92647902044882,5.157893162655222,20.273021526666955
31.3362506,0.1,11.86118971916539,0.1,20.349924674723702,20.349924674723695,2.9059292942349204,5.157039008332732,20.349924674723702
9.11468,0.1,18.40469825939621,0.09999999999999076,30.02879848217471,30.02879848217471,4.895966598661303,8.002042721476608,30.028798478509547
21.2420801,0.1,29.860603876988613,0.09999999999998721,48.93389519477743,48.93389519477743,7.889976641598213,12.982871250864697,48.933895188967746
