Time,Probability,RiskPremium,T0,T1,T2,Z,Expected,CVaR
41.6710567,0.2,25.497769264591298,0.1,27.840056070283246,27.840056070283246,10.006377049420825,10.199107705836449,27.840056070283246
18.0753442,0.2,50.30040821629132,0.1,48.90594640478813,48.90594640478813,21.544509993534838,20.12016328651652,48.90594640731629
20.2471885,0.2,22.51985500505067,0.1,24.39685625066267,24.39685625066267,8.895238724155924,9.007942002020313,24.396856264935167
16.8537818,0.2,22.720517679634487,0.09999999999999432,24.470718736459578,24.470718736459578,9.017557106802824,9.088207071853745,24.47071874178005
14.359103,0.2,35.87622313859249,0.1,32.679007257817666,32.679007257817666,16.02717848244125,14.350489255436909,32.679007257817666
9.5459329,0.2,59.98923735267976,0.1,54.45610058432832,54.45610058432832,26.85542071863088,23.995694941071886,54.45610058432832
