Time,Probability,RiskPremium,T0,T1,T2,Z,Expected,CVaR
13.1866214,0.1,17.732867213424885,0.1,63.178093761888086,109.79111751075695,2.5243508360403775,7.7099422667064745,32.70518930229992
14.6976692,0.1,29.40564603671448,0.1,63.6545343968845,159.2186616820817,4.195948896318021,12.785063494223687,54.200508981466314
12.7750795,0.1,14.943081543786969,0.1,36.7901540834119,61.683831872068886,2.377014555224142,6.496991975559554,26.727242018903787
15.3378062,0.1,14.948142936605706,0.1,36.81050410629964,58.73116960119909,2.3519678121814596,6.499192581132909,26.82246772543737
11.8967689,0.1,21.907252437593606,0.1,38.121498083200855,75.85949867597274,3.979417030144929,9.524892364171135,37.5347025084296
13.9577397,0.1,36.26277761254964,0.1,63.62646810097078,121.6785427124816,6.379555206446722,15.766425048934627,62.82241623949559
