Time,Probability,RiskPremium,T0,T1,T2,Z,Expected,CVaR
41.0616701,0.1,10.241580195789208,0.1,18.558692954359564,18.55869295435957,1.2601122442182389,4.876942950375783,18.558692954359582
66.4058836,0.1,16.68094642886117,0.1,30.061458143533933,30.061458143533933,2.1021935095139637,7.943307823267155,30.061458143533976
23.602743,0.1,9.267488814750122,0.1,16.362587129244016,16.362587129244016,1.269549737726839,4.4130899117858,16.362587129244016
7.8683285,0.1,9.173781494244942,0.1,16.226304031781073,16.226304031781073,1.247963118496889,4.368467378211875,16.226304036665734
30.6327686,0.1,16.453725048791714,0.09999999999999076,29.08896694203283,29.08896694203283,2.2424599499304363,7.835107166091317,29.088966941991288
15.497975,0.1,27.12446066597608,0.1,48.575132423052324,48.575132423052324,3.51043404865876,12.916409840941094,48.57513242886201
