Time,Probability,RiskPremium,T0,T1,T2,Z,Expected,CVaR
19.0063959,0.2,23.742075792167707,0.09999999999999432,26.12499504379695,26.12499504379695,8.168181998665107,9.89253158006987,26.124995047020626
21.4395795,0.2,48.11274429755168,0.1,48.50392515393281,48.50392515393281,18.105835579312604,20.046976790646486,48.5039251551969
14.458738,0.2,19.986836528980223,0.1,20.681663983248846,20.681663983248846,7.335152572413288,8.327848553741758,20.681663990385097
15.9572527,0.2,20.170792682363786,0.1,20.770679800064862,20.77067979474439,7.438131734200848,8.404496950984887,20.770679800064862
37.485118,0.2,33.50770575818971,0.1,30.590047527692924,30.590047527692924,13.726185480386237,13.961544065912378,30.59004752845857
42.3501539,0.2,55.536605770280005,0.1,49.7767427410627,49.7767427410627,23.07358174812398,23.14025240428337,49.7767427410627
