Time,Probability,RiskPremium,T0,T1,T2,Z,Expected,CVaR
8.8006412,0.2,17.435650629406418,0.09999999999999609,23.002398954383985,23.002398954383985,4.111270184888828,9.17665822600339,23.002398954383985
6.3815039,0.2,37.613572888328626,0.09999999999999432,47.37438937622248,47.37438937622248,9.543623958329922,19.796617309646678,47.374389377486565
12.3434231,0.2,14.059717863981588,0.1,16.614745561879513,16.614745561879513,3.8953981402666678,7.399851507358649,16.614745561879513
5.184651,0.2,13.998980758540757,0.1,16.22630402602479,16.22630402602479,3.973570320710253,7.367884609758227,16.226304036665734
13.2628451,0.2,25.914631651683496,0.1,29.089784166883938,29.089784166883938,7.640200529026687,13.63927981667562,29.08978416994652
18.7371014,0.2,43.50859570690312,0.1,48.62972940480666,48.62972940480666,12.890194256908767,22.899260898369832,48.62972940378488
