Time,Probability,RiskPremium,T0,T1,T2,Z,Expected,CVaR
78.0413882,0.15,22.453916574734155,0.1,26.241148750513133,26.241148750513133,8.056998166629588,8.019255919547971,26.241148743995474
34.6357143,0.15,44.10428129625188,0.09999999999998721,48.66723537665776,48.66723537665776,16.832255041634962,15.751529034375734,48.66723537792184
10.8501536,0.15,19.584203396601445,0.09999999999999609,21.196014978715905,21.196014978715905,7.61926522269699,6.994358355929088,21.196014978715905
17.2946651,0.15,19.87368144939576,0.09999999999999609,21.627616249019013,21.627616249019013,7.690482566549598,7.0977433747841925,21.627616254961374
43.6087558,0.15,31.73612907460598,0.1,30.590811836031616,30.590811836031616,13.66202925288949,11.334331812359233,30.590811839094158
22.5512401,0.15,51.51993132625278,0.09999999999998721,50.83345130528042,50.83345130528042,21.76823931152452,18.399975473661605,50.83345130528042
