Time,Probability,RiskPremium,T0,T1,T2,Z,Expected,CVaR
25.1780797,0.25,38.664404167184834,0.1,63.17809376188807,156.54192510569595,19.591471569002884,15.46576166687393,51.53747097995397
23.476746,0.25,73.8516050171862,0.1,63.6545343968845,159.2186616820817,38.79994369434925,29.540642006874442,84.65083516649952
22.8259407,0.25,30.34772368125852,0.1,36.7901540834119,70.95489073513308,15.9301453420398,12.139089472503418,34.92397813965663
21.1981394,0.25,30.353425966519957,0.1,36.81050410629964,70.14192940826788,15.964314980791748,12.14137038660799,34.61877637781018
23.1176973,0.25,52.59735767172279,0.1,38.121498083200855,91.54684087940345,27.763594297558686,21.038943068689104,58.9871461234396
19.9165761,0.25,92.05099317402387,0.1,63.62646810097078,169.065317266968,48.52433534925288,36.820397269609536,103.88300282122408
