Time,Probability,RiskPremium,T0,T1,T2,Z,Expected,CVaR
14.5951692,0.1,17.732867213424885,0.1,63.178093761888086,109.79111751075695,5.702658096101611,7.7099422667064745,36.51172127081854
13.2969785,0.1,29.40564603671448,0.1,63.6545343968845,159.2186616820817,9.561538323100296,12.785063494223687,59.84535829016043
12.0639924,0.1,14.943081543786969,0.1,36.7901540834119,61.683831872068886,5.042833635295642,6.496991975559554,29.185364861771397
20.8324354,0.1,14.948142936605706,0.1,36.81050410629964,58.73116960119909,5.032027161553932,6.499192581132909,29.278680540592017
12.2410276,0.1,21.907252437593606,0.1,38.121498083200855,75.85949867597274,7.786312927638821,9.524892364171135,40.16520666939552
19.3530057,0.1,36.26277761254964,0.1,63.62646810097078,121.6785427124816,12.739772554877359,15.766425048934627,67.47695844051894
