Time,Probability,RiskPremium,T0,T1,T2,Z,Expected,CVaR
22.3726389,0.25,37.11782800049746,0.1,63.17809376188807,156.54192510569595,12.55840034182602,15.46576166687393,45.77798163953224
24.2152453,0.25,70.8975408164987,0.1,63.6545343968845,159.2186616820817,27.225535645540702,29.540642006874442,76.6451858871527
20.9603333,0.25,29.133814734008176,0.1,36.7901540834119,70.95489073513308,10.901543152301215,12.139089472503418,32.44969650318193
23.2317441,0.25,29.139288927859187,0.1,36.81050410629964,70.14192940826788,10.968500328358417,12.14137038660799,32.23943109625061
20.7214644,0.25,50.49346336485377,0.1,38.121498083200855,91.54684087940345,19.509459995730943,21.038943068689104,54.18914407013498
21.2977862,0.25,88.36895344706299,0.1,63.62646810097078,169.065317266968,34.28401662831995,36.820397269609536,94.36886243338787
