Time,Probability,RiskPremium,T0,T1,T2,Z,Expected,CVaR
11.8591414,0.05,-1.0863108930910432e-11,2.0,0.0,-3.1845320252129264e-9,-8.255988051233646e-12,-4.3452435723641734e-12,6.315935428978667e-17
12.5978651,0.05,6.524973154379646e-12,2.0,3.91497678720043e-9,3.91497678720043e-9,4.958954333586815e-12,2.6099892617518586e-12,6.315935428978667e-17
10.957022,0.05,-2.5216747208863428e-12,0.1,0.0,0.0,-1.9165043675507655e-12,-1.0086698883545369e-12,7.894919286223334e-17
11.7103945,0.05,6.223774088690941e-12,2.0,3.7342573477872065e-9,3.7342573477872065e-9,4.730055675534258e-12,2.4895096354763763e-12,3.1579677144893335e-17
12.1767944,0.05,6.1085595840874395e-12,2.0,3.6651641721618944e-9,3.6651641721618944e-9,4.642492652035596e-12,2.4434238336349755e-12,3.1579677144893335e-17
12.1572213,0.05,3.5527136788005004e-17,2.0,5.809681624668883e-9,5.809681624668883e-9,-3.615873033090287e-17,1.4210854715202004e-17,1.578983857244667e-16
