Time,Probability,RiskPremium,T0,T1,T2,Z,Expected,CVaR
81.7085614,0.25,25.999661904203304,0.10000000000000009,41.78721147924273,41.78721148246636,9.505311433234997,13.684032581159592,41.787211479246466
20.8324988,0.25,49.687867965754414,0.1,63.28595473261966,63.28595473261966,19.822913982398276,26.151509455660193,63.28595473261966
20.5394865,0.25,21.188169909866936,0.1,28.938477127159487,28.938477127159487,8.257820661013387,11.15166837361417,28.938477126008138
23.5507967,0.25,21.2609410918289,0.09999999999999432,28.715053097097872,28.715053097097872,8.318463685989594,11.189968995699457,28.715053097097872
16.8563721,0.25,38.37138464744492,0.1,38.121498083200855,53.96400191388241,14.79906541253018,20.19546560391845,53.96400191388241
8.9956876,0.25,67.4767010659613,0.1,63.62646810097078,95.63926896796524,25.950126295814687,35.514053192611165,95.63926896796524
