Time,Probability,RiskPremium,T0,T1,T2,Z,Expected,CVaR
22.1182394,0.25,34.5969301447069,0.1,38.2044813300767,38.2044813300767,16.310824603397116,13.306511594118072,38.2044813300767
19.274195,0.25,67.75232761721188,0.1,62.40498737425659,62.40498737425659,34.4244601062954,26.05858754508135,62.40498737425659
21.9809027,0.25,28.702161022326713,0.1,27.875907172808436,27.875907172808436,14.295545427279405,11.039292700894832,27.875907171657087
21.757954,0.25,28.952649330470866,0.09999999999999432,28.19115654527126,28.19115654527126,14.405910535591424,11.13563435787342,28.191156542903546
23.0201639,0.25,52.29459928724855,0.1,38.121498083200855,53.185112418041854,25.56693086910209,20.11330741817247,53.185112418041854
18.7140566,0.25,92.20070703056307,0.1,63.6264681009708,95.1426951488357,44.802719683699614,35.46181039637041,95.1426951488357
