Time,Probability,RiskPremium,T0,T1,T2,Z,Expected,CVaR
14.9774537,0.15,31.127296787786555,0.1,63.178093761888086,109.79111751075698,13.911313275740206,10.375765595928852,37.736637260398794
17.985339,0.15,55.63567676870356,0.1,63.6545343968845,159.2186616820817,26.090755381897964,18.54522558956784,62.54400877851889
13.7497166,0.15,25.58434110834659,0.1,36.7901540834119,61.68383187206888,12.030361364617864,8.528113702782191,28.631577866568378
17.6232908,0.15,25.591194378364673,0.1,36.81050410629964,59.60930820403673,12.063281038858554,8.530398126121549,28.520458979659754
31.0746585,0.15,40.7810114730092,0.1,38.121498083200855,91.54684087940345,20.147844937556364,13.59367049100308,41.75165466880207
15.7712444,0.15,68.71687102314303,0.1,63.62646810097078,169.06531726696798,33.264842423330805,22.905623674380998,73.09124337610605
