Time,Probability,RiskPremium,T0,T1,T2,Z,Expected,CVaR
15.3744097,0.05,8.489644284281015,0.1,22.327058956052714,22.327058956052714,0.54964502022697,3.1443126978818756,22.32705896257058
41.5292851,0.05,12.431137260343476,0.09999999999999076,32.653260742225356,32.653260742225356,0.8147283923573689,4.60412491123833,32.6532607382294
24.3498613,0.05,8.409251437055566,0.09999999999999432,21.883604831695514,21.883604831695514,0.6024470521717863,3.1145375692798396,21.883604831695514
24.586093,0.05,8.517570241089656,0.1,22.082653850495667,22.082653850495667,0.6309150457632758,3.154655644848002,22.08265384676141
6.6005805,0.05,12.047905091435013,0.1,31.32732036508745,31.32732036508745,0.8694346988193359,4.462187070901867,31.327320357757127
4.7227324,0.05,19.361517956365596,0.09999999999998721,50.56025653683323,50.56025653683323,1.3432543898335152,7.170932576431655,50.56025653683323
