Time,Probability,RiskPremium,T0,T1,T2,Z,Expected,CVaR
126.1694491,0.15,8.179717020808583,0.1,13.515114304773903,13.515114304773903,0.546556531794977,5.112323138005359,13.51511430803285
65.1758733,0.15,16.921535638430967,0.1,28.09620710740852,28.09620710740852,1.0895016639295048,10.575959774019188,28.096207108959682
14.7640058,0.15,8.495463753110375,0.1,13.547932112170447,13.547932112170447,0.7143187273599717,5.309664845694044,13.547932112548697
65.6268763,0.15,8.576944012948498,0.1,13.645034729004948,13.645034729004948,0.7310205876907033,5.360590008092868,13.645034731976128
20.2006355,0.15,16.804647075034488,0.1,27.12365693433774,27.12365693433774,1.315516898486675,10.502904421896552,27.12365693740032
34.1696701,0.15,28.244847897599225,0.1,47.37888723461577,47.37888723461577,1.6740607720350837,17.65302993599945,47.3788872345482
