Time,Probability,RiskPremium,T0,T1,T2,Z,Expected,CVaR
5.8779445,0.05,-9.125011501964763e-12,2.0,0.0,-3.1845320252129264e-9,-6.30061975925855e-12,-4.3452435723641734e-12,4.736951571734002e-17
4.5789882,0.05,5.480977449678903e-12,2.0,3.91497678720043e-9,3.91497678720043e-9,3.784467850209695e-12,2.6099892617518586e-12,4.736951571734002e-17
4.2409892,0.05,1.0591123356107347e-11,0.1,0.0,0.0,-1.5130259119662998e-12,5.043392074336831e-12,2.521698405644202e-11
4.6461133,0.05,5.22797023450039e-12,2.0,3.7342573477872065e-9,3.7342573477872065e-9,3.6097806817754953e-12,2.4895096354763763e-12,2.368475785867001e-17
4.1603465,0.05,5.13119005063345e-12,2.0,3.6651641721618944e-9,3.6651641721618944e-9,3.542956269105465e-12,2.4434238336349755e-12,2.368475785867001e-17
4.3504927,0.05,2.984279490192421e-17,2.0,5.809681624668883e-9,5.809681624668883e-9,-2.0842586915629603e-17,1.4210854715202004e-17,1.1842378929335005e-16
