Time,Probability,RiskPremium,T0,T1,T2,Z,Expected,CVaR
14.930299,0.15,23.86426087063637,0.1,63.178093761888086,109.79111751075698,10.752408108260536,10.375765595928852,37.736637260398794
16.688603,0.15,42.65401885600606,0.1,63.6545343968845,159.2186616820817,19.70891494754313,18.54522558956784,62.54400877851889
15.5811636,0.15,19.614661516399025,0.1,36.7901540834119,61.68383187206888,9.076201397238234,8.528113702782191,28.631577866568378
14.7822003,0.15,19.619915690079598,0.1,36.81050410629964,59.60930820403673,9.090511478604217,8.530398126121549,28.520458979659754
15.0654323,0.15,31.26544212930706,0.1,38.121498083200855,91.54684087940345,14.855973220524087,13.59367049100308,41.75165466880207
13.0096297,0.15,52.68293445107631,0.1,63.62646810097078,169.06531726696798,24.7587488065228,22.905623674380998,73.09124337610605
