Time,Probability,RiskPremium,T0,T1,T2,Z,Expected,CVaR
13.4967375,0.1,20.81684412010748,0.1,63.178093761888086,109.79111751075695,5.60832774272297,7.7099422667064745,32.70518930229992
14.6496948,0.1,34.51967143440395,0.1,63.6545343968845,159.2186616820817,9.309974294007482,12.785063494223687,54.200508981466314
12.6103811,0.1,17.541878334010793,0.1,36.7901540834119,61.683831872068886,4.975811345447973,6.496991975559554,26.727242018903787
15.4120999,0.1,17.547819969058878,0.1,36.81050410629964,58.73116960119909,4.951644844634626,6.499192581132909,26.82246772543737
11.6590956,0.1,25.717209383262055,0.1,38.121498083200855,75.85949867597274,7.789373975813379,9.524892364171135,37.5347025084296
12.1761539,0.1,42.56934763212347,0.1,63.62646810097078,121.6785427124816,12.686125226020547,15.766425048934627,62.82241623949559
