Time,Probability,RiskPremium,T0,T1,T2,Z,Expected,CVaR
13.5388487,0.1,0.0,2.0,0.0,0.0,-0.0,0.0,0.0
11.4388247,0.1,0.0,2.0,0.0,0.0,-0.0,0.0,0.0
12.951299,0.1,0.0,2.0,0.0,0.0,-0.0,0.0,0.0
11.9841019,0.1,0.0,2.0,0.0,0.0,-0.0,0.0,0.0
9.9610599,0.1,0.0,2.0,0.0,0.0,-0.0,0.0,0.0
13.1831227,0.1,0.0,2.0,0.0,0.0,-0.0,0.0,0.0
