Time,Probability,RiskPremium,T0,T1,T2,Z,Expected,CVaR
13.7310339,0.1,18.30552373944802,0.1,63.03915524472297,63.03915524472297,2.045582710931357,7.627301558103344,32.29198575928425
14.5566444,0.1,29.021605220858895,0.1,63.43140385383152,63.43140385383152,3.403682971378223,12.092335508691214,50.736869053803915
12.4610011,0.1,15.414621187657442,0.09999999999999609,36.7901540834119,46.43479552539927,2.015201250612889,6.422758828190605,26.35607628205902
15.0269786,0.1,14.085694619260611,0.1,26.075252469843697,26.075252469843697,1.9857233130795686,5.869039424691907,23.67170194323232
21.3670564,0.1,22.859741674010696,0.1,38.121498083200855,75.85949867597273,3.5314157593490987,9.524892364171134,37.534702508429596
12.9653626,0.1,37.83942011744311,0.1,63.62646810097078,121.67854271248153,5.603398151812154,15.76642504893462,62.82241623949557
