Time,Probability,RiskPremium,T0,T1,T2,Z,Expected,CVaR
23.3470431,0.25,44.850708833934355,0.1,63.17809376188807,156.54192510569595,23.322503172528755,15.46576166687393,45.77798163953224
25.6892394,0.25,85.66786181993596,0.1,63.6545343968845,159.2186616820817,46.70631103700577,29.540642006874442,76.6451858871527
21.4908008,0.25,35.203359470259855,0.1,36.7901540834119,70.95489073513308,19.002148591620717,12.139089472503418,32.44969650318193
24.9906725,0.25,35.20997412116312,0.1,36.81050410629964,70.14192940826788,19.0489915926266,12.14137038660799,32.23943109625061
23.6639432,0.25,61.01293489919847,0.1,38.121498083200855,91.54684087940345,33.34395163022017,21.038943068689104,54.18914407013498
22.1749414,0.25,106.77915208186772,0.1,63.62646810097078,169.065317266968,58.44906177950235,36.820397269609536,94.36886243338787
