Time,Probability,RiskPremium,T0,T1,T2,Z,Expected,CVaR
19.6236413,0.2,36.668295833733794,0.1,63.17809376188807,156.54192510569598,18.472617104649753,13.095819940619208,47.094878530384605
18.1314564,0.2,67.72732748371968,0.1,63.6545343968845,159.2186616820817,35.78006499498603,24.188331244185548,75.91453954117243
20.599852,0.2,29.11076743299872,0.1,36.7901540834119,70.95489073513308,15.233153652606067,10.396702654642404,33.602776826310794
17.0200474,0.2,29.116911489907345,0.1,36.81050410629964,70.1419294082679,15.302725207446773,10.3988969606812,33.16749243921033
20.796419,0.2,48.67671822112456,0.1,38.121498083200855,91.54684087940345,25.983618351682527,17.384542221830234,52.774926539242415
19.6145682,0.2,83.79841681479866,0.1,63.62646810097078,169.065317266968,44.300726413852246,29.92800600528522,93.7259019763601
