Time,Probability,RiskPremium,T0,T1,T2,Z,Expected,CVaR
33.9180341,0.1,11.96507018105921,0.09999999999999609,19.08270751255388,19.08270751255388,2.045582710921255,4.985445908774652,19.082707512669753
53.4428036,0.1,20.185643785365706,0.1,32.32861606194391,32.32861606194391,3.403682971372727,8.410684910569078,32.328616063208685
17.0436762,0.1,11.316548692355521,0.1,17.818425249706017,17.818425249706017,2.0152012506464065,4.715228621814802,17.818425250084267
37.6932969,0.1,11.27028086215324,0.1,17.806256614708147,17.806256614708147,1.9857233130781347,4.695950359230482,17.806256615929314
37.2516623,0.1,18.85892853288817,0.1,29.19967513109111,29.199675134756273,3.5314157593491236,7.857886888703482,29.19967513109111
29.2816408,0.1,31.048331421178016,0.09999999999998721,48.67431479473392,48.67431479473392,5.603398151818859,12.936804758824177,48.674314788924235
