Time,Probability,RiskPremium,T0,T1,T2,Z,Expected,CVaR
30.4948403,0.25,13.533098268065356,0.09999999999999609,14.446793051162745,14.446793051162745,2.977993422287714,7.960646040038513,14.446793054386392
35.8571678,0.25,39.38117201644375,0.1,46.043134196977505,46.04313419697752,7.064681155378521,23.16539530379057,46.04313419697752
55.8348788,0.25,13.159993797380032,0.1,13.65293863454552,13.65293863454552,3.05411465082942,7.741172821988287,13.65293863339417
24.8578672,0.25,13.213116499713768,0.1,13.786763860454501,13.786763860454501,3.0349580742271707,7.772421470419813,13.786763858086788
11.4613086,0.25,25.957794478606356,0.09999999999999076,27.33860953362227,27.33860953362227,5.860776142071464,15.269290869768415,27.338609536684853
82.4466618,0.25,46.12309933183149,0.1,47.371457397416535,47.371457397416535,10.895775432218116,27.131234901077313,47.371457397416535
