Time,Probability,RiskPremium,T0,T1,T2,Z,Expected,CVaR
56.6388931,0.15,21.13575860078807,0.09999999999999609,26.933835203188586,26.933835203188586,7.365211491508366,8.129137923380041,26.93383520971236
35.4946874,0.15,40.92867317939515,0.09999999999999432,48.60387466564533,48.60387466564532,15.328252615919775,15.741797376690343,48.60387466597398
13.6498983,0.15,18.32493132902902,0.09999999999999609,21.531929256062593,21.531929256062593,6.931717194394757,7.048050511165066,21.531929256062593
13.836736,0.15,18.718011793968756,0.1,22.262286486412496,22.262286486412496,6.9998611325014775,7.199235305372601,22.262286492354857
28.5089569,0.15,29.555270663216138,0.1,30.797450207643184,30.797450207643188,12.35884734452321,11.36741179354462,30.797450210705765
18.3920097,0.15,48.070467671458246,0.1,51.38622079910924,51.38622079910924,19.712552443255785,18.48864141209939,51.38622079910924
