Time,Probability,RiskPremium,T0,T1,T2,Z,Expected,CVaR
18.1119339,0.2,18.071370219107926,0.09999999999999609,20.776237040110047,20.776237040110047,4.597626767743601,8.605414390051429,20.776237043333722
12.6318874,0.2,41.48722660294133,0.09999999999999432,47.212505956505055,47.212505956505055,10.748730904707536,19.75582219187673,47.21250595776914
14.3234057,0.2,14.711167111227818,0.09999999999999609,15.086863958691191,15.086863958691191,4.473230921688955,7.005317672013261,15.086863965827442
6.7601609,0.2,14.784885275133139,0.09999999999999609,14.946166622979487,14.946166617659014,4.582165690189083,7.040421559587186,14.946166622979487
35.5221939,0.2,28.526705061204243,0.1,28.876409886131484,28.876409886131484,8.8256539461012,13.584145267240242,28.87640988689713
41.6059339,0.2,48.02587132140303,0.1,48.5129273827923,48.51292738433526,14.899022847885398,22.869462534001386,48.51292738279228
