Time,Probability,RiskPremium,T0,T1,T2,Z,Expected,CVaR
62.0028397,0.1,10.967980999244485,0.09999999999999432,19.082707510924415,19.082707510924415,1.7533566093550519,4.985445908747495,19.08270751255388
41.0547426,0.1,18.503506802724527,0.1,32.32861606194392,32.32861606194392,2.917442546531542,8.410684910329316,32.328616063207996
30.9300201,0.1,10.370455618361486,0.1,17.81149945518713,17.81149945518713,1.7273153576677356,4.713843462891614,17.811499455565382
11.4149005,0.1,10.339415104873012,0.1,17.825175507781243,17.825175507781243,1.7020485540681745,4.699734138578629,17.825175512665904
16.7858548,0.1,17.292548488479696,0.1,29.211526757759668,29.21152675775969,3.0269159420900533,7.860249312945379,29.21152675775967
8.4910266,0.1,28.468679266048394,0.09999999999998721,48.69192712290145,48.69192712290145,4.802885000814655,12.940308757294536,48.691927117091765
