Time,Probability,RiskPremium,T0,T1,T2,Z,Expected,CVaR
65.9245424,0.15,20.55769503447508,0.09999999999999609,23.963656400496266,23.963656400496266,6.4038557992970375,7.613961123879673,23.96365640212574
21.4119201,0.15,42.170970375126544,0.1,47.91592034837622,47.91592034837622,13.633275485747884,15.6188779167134,47.91592034837622
28.1043972,0.15,17.94907397879476,0.1,19.24324872518724,19.24324872518724,6.263091382321001,6.647805177331359,19.24324872518724
58.8708851,0.15,18.13150305505695,0.1,19.461003569944445,19.461003569944445,6.317878723578523,6.715371501872983,19.461003575886814
27.8532453,0.15,30.07327479462892,0.1,29.478507797606213,29.478507797606213,11.598921721224537,11.13824992393657,29.478507797606213
33.9938768,0.15,48.78682288237105,0.1,48.913899733297356,48.913899733297356,18.379746793586765,18.069193660137397,48.91389973175436
