Time,Probability,RiskPremium,T0,T1,T2,Z,Expected,CVaR
15.5382923,0.15,29.052143668636027,0.1,63.178093761888086,109.79111751075698,11.082808169327997,10.375765595941443,48.3436151127744
15.8647045,0.15,51.92663165079291,0.1,63.6545343968845,159.21866168208143,21.953498217495024,18.545225589568872,75.68476480821384
12.5495143,0.15,23.878718367790107,0.1,36.7901540834119,61.68383187206885,10.085090144603223,8.52811370278219,34.85568630480568
11.4886493,0.15,23.885114753140368,0.1,36.81050410629964,59.609308204036665,10.226049434832037,8.530398126121549,34.173734087055394
10.8609438,0.15,38.06227737480859,0.1,38.121498083200855,91.54684087940345,16.85557472202343,13.593670491003078,51.658831299913444
13.7758986,0.15,64.13574628826684,0.1,63.62646810097078,169.06531726696798,27.20609323565904,22.905623674380998,93.02577056551507
