Time,Probability,RiskPremium,T0,T1,T2,Z,Expected,CVaR
42.3500075,0.15,15.014994231984854,0.1,20.093922149631634,20.093922149631634,3.5458731837980375,6.824997378174952,20.093922149637436
21.88845,0.15,34.09312615991266,0.09999999999999432,47.32297470090621,47.32297470217029,7.4571159210093185,15.496875527232874,47.322974703434376
33.352991,0.15,13.334420178924843,0.1,16.46904724986707,16.46904724986707,3.6305385889121786,6.061100081329472,16.46904724899578
35.0298625,0.15,13.378579222113276,0.1,16.4709258504558,16.4709258504558,3.6609931315566024,6.081172373687896,16.4709258504558
13.8635712,0.15,24.319915790192493,0.1,29.07332701189524,29.07332701189524,6.958821670745044,11.054507177360172,29.07332701189524
92.9858256,0.15,39.611407866336144,0.1,48.602478444490984,48.602478444490984,10.897169906961388,18.005185393789223,48.60247843831901
