Time,Probability,RiskPremium,T0,T1,T2,Z,Expected,CVaR
46.2826266,0.15,10.266893103662502,0.1,14.45569084034827,14.45569084034827,1.695043142498122,5.4036279492961,14.45569084034827
11.4356524,0.15,22.0032040386473,0.1,31.458446312673807,31.458446312673807,3.4653359212532138,11.580633704551229,31.458446312673807
82.1822332,0.15,10.499736299083393,0.1,14.25150186509018,14.25150186509018,1.9196955964830154,5.526176999517543,14.25150186546843
66.7814038,0.15,10.541030914836876,0.1,14.258563806119932,14.258563806119932,1.9443914270991671,5.547911007808924,14.258563807605523
35.0243016,0.15,20.462597158157738,0.1,27.98761916618418,27.98761916618418,3.666568263235658,10.769787977977913,27.987619169246763
40.4347815,0.15,33.9665253548114,0.1,48.11747276634835,48.11747276634835,5.505282795279023,17.877118607795442,48.117472755615516
