Time,Probability,RiskPremium,T0,T1,T2,Z,Expected,CVaR
35.6622041,0.1,8.665612398321162,0.1,16.124692808737997,16.124692808737997,0.7952402153096859,4.332806199160579,16.124692811996773
23.5774772,0.1,15.518602727311936,0.1,29.2240493476496,29.2240493476496,1.3198769680786198,7.759301363655968,29.224049348913685
12.9152154,0.1,8.273143537872476,0.1,15.118973045706841,15.118973045706841,0.8418513859050509,4.136571768936238,15.118973045706841
37.3123507,0.1,8.223789348861185,0.1,15.063475041808767,15.063475041808767,0.8264205642168412,4.111894674430593,15.063475041809841
25.2745031,0.1,15.576303048877463,0.1,28.876409886131537,28.876409886131537,1.4616740170304352,7.788151524438732,28.876409882466373
22.9919046,0.1,25.832640818431482,0.1,48.57471782843986,48.57471782843986,2.2188011834485293,12.916320409215741,48.57471782843986
