Time,Probability,RiskPremium,T0,T1,T2,Z,Expected,CVaR
27.6541072,0.15,10.024614389261503,0.1,14.022363896910143,14.022363896910157,1.2500011286253883,5.276112836453375,14.022363896910186
16.4617385,0.15,20.725868584152774,0.1,29.122193870624557,29.122193870624557,2.5319799040601096,10.908351886396304,29.122193870637197
47.5864461,0.15,10.29403292568178,0.1,13.882397298751645,13.882397298751634,1.4903267664921798,5.417912066148319,13.882397298751664
24.951,0.15,10.341228405968067,0.1,13.90012194835262,13.90012194835262,1.5155285510581522,5.442751792614853,13.90012194835263
59.0451816,0.15,20.250277875024317,0.1,27.606933692016614,27.606933692016614,2.812679804875586,10.65804098685491,27.606933695089406
31.4416694,0.15,33.81008799790301,0.09999999999999432,47.82955229764413,47.82955229764413,4.001397187231092,17.794783156791034,47.829552291492725
