Time,Probability,RiskPremium,T0,T1,T2,Z,Expected,CVaR
19.7139466,0.2,21.967726080345578,0.1,24.54010814257059,24.54010814257059,6.420971671922788,9.55118525232419,24.54010814257059
41.6108173,0.2,45.6694459218031,0.09999999999999076,47.62652867348443,47.62652867348443,14.705065950563796,19.85628083556636,47.62652867474851
14.705023,0.2,17.981001960370026,0.1,18.33516397629008,18.33516397629008,5.956240203424742,7.8178269392913675,18.33516398342633
35.5187618,0.2,18.104078329641695,0.1,18.305284623516073,18.305284623516073,6.059161437720103,7.871338404192067,18.305284623516073
10.1851514,0.2,31.46479954617824,0.09999999999999076,29.259028686918107,29.259028686918107,11.552979494147067,13.680347628773212,29.259028686918107
81.6377507,0.2,52.70865049817452,0.09999999999999432,48.70315779308632,48.70315779308632,19.47730464290302,22.91680456442365,48.70315779154333
