Time,Probability,RiskPremium,T0,T1,T2,Z,Expected,CVaR
12.1360052,0.05,13.17904593083434,0.1,63.178093761888086,109.79111751075692,0.9088997193678832,4.544498596839426,30.29665731226287
10.8954187,0.05,20.126211079666493,0.1,63.6545343968845,119.67234110440711,1.3880145572183946,6.940072786091891,46.267151907279256
26.4909476,0.05,11.464201534360976,0.1,36.7901540834119,61.68383187206887,0.7906345885766213,3.953172942883093,26.35448628588731
17.3729785,0.05,11.470233262421226,0.1,36.81050410629964,58.05967081709798,0.7910505698221528,3.9552528491107646,26.3683523274051
12.1974285,0.05,14.928448739716236,0.1,38.12149808320086,75.85949867597273,1.029548188945949,5.147740944729735,34.31827296486488
12.0923655,0.05,24.549361437726827,0.1,63.6264681009708,121.67854271248154,1.6930594094984146,8.465297047492005,56.4353136499467
