Time,Probability,RiskPremium,T0,T1,T2,Z,Expected,CVaR
10.2035503,0.1,8.159016933406676,0.1,14.284365793631183,14.284365793631183,0.11412292069513974,3.8852461587650824,14.284365793631183
9.9230147,0.1,0.0,2.0,0.0,0.0,-0.0,0.0,0.0
13.6294335,0.1,8.270562024820192,0.1,14.304983940809377,14.304983940809377,0.18555072711922654,3.9383628689619297,14.304983940809382
11.0943533,0.1,8.244679445308721,0.1,14.29449194294834,14.29449194294834,0.17125996945016958,3.926037831099452,14.294491942997187
10.3999576,0.1,16.027183650224007,0.09999999999999076,28.26778180752595,28.26778180752595,0.1408756000442356,7.631992214392461,28.267781803860785
5.6700834,0.1,0.0,2.0,0.0,0.0,-0.0,0.0,0.0
