Time,Probability,RiskPremium,T0,T1,T2,Z,Expected,CVaR
22.5484532,0.25,36.3185258832329,0.1,35.35393773285475,35.35393773285475,17.751864873347376,12.970902101154682,35.3539377360784
17.6803472,0.25,72.29971214899619,0.1,60.35396839562754,60.35396839562754,37.84522572414921,25.821325767498553,60.353968396891624
18.1924819,0.25,30.70191357606879,0.09999999999999432,27.228556588282345,27.228556588282345,15.671047578553289,10.96496913431033,27.228556587130996
21.7512262,0.25,31.029521545734426,0.1,27.72301691147741,27.72301691147741,15.78728833240045,11.081971980619498,27.72301691147741
21.1308508,0.25,56.02417022671433,0.1,38.121498083200855,52.282663386220776,27.947030212289153,20.008632223826602,52.282663386220776
19.7288865,0.25,99.08761199008622,0.1,63.6264681009708,94.50869045897711,48.91911473514019,35.38843285360223,94.50869045897711
