Time,Probability,RiskPremium,T0,T1,T2,Z,Expected,CVaR
20.0831749,0.2,24.97468819917378,0.1,43.217192370054455,43.217192370054455,9.9495311622001,11.892708666273165,43.21719237327813
19.2726866,0.2,45.71023485842884,0.1,62.41586332354095,62.41586332354095,19.878547872462335,21.766778504013725,62.41586332354095
20.5638536,0.2,20.21074002306867,0.1,29.583825771322097,29.583825771322097,8.59061172176419,9.624161915746981,29.583825771322097
22.3070418,0.2,20.19057473237367,0.1,28.689394656808798,28.689394656808798,8.668531809961223,9.61455939636839,28.689394656808798
15.3691874,0.2,35.23542483013677,0.1,38.121498083200855,54.09808059281326,14.724720415082576,16.778773728636523,54.09808059281326
18.2405549,0.2,61.06104832982142,0.1,63.62646810097078,95.90807801481087,25.301219815559723,29.076689680867215,95.90807801481087
