Time,Probability,RiskPremium,T0,T1,T2,Z,Expected,CVaR
68.923445,0.1,9.793410296916342,0.1,15.803318994992287,15.803318994992287,0.9172800153744581,4.258004476920107,15.803318988474423
43.1659046,0.1,17.813688159085594,0.09999999999999076,29.16269539134922,29.16269539134922,1.501560917061488,7.745081808298126,29.162695392613305
42.20297,0.1,9.484347391813236,0.1,15.063180461000073,15.063180461000073,0.9848976269490897,4.123629300788404,15.063180460977728
7.0258521,0.1,9.375177275039194,0.1,14.909881822242323,14.909881822242323,0.9655261265538454,4.076164032625689,14.909881822274887
18.8424811,0.1,17.895106411350042,0.1,28.843412551406704,28.84341254774153,1.6894527632055367,7.780481048412997,28.84341254774154
6.9308686,0.1,29.67470500558925,0.09999999999998721,48.512927382792306,48.512927382792306,2.5283066597099304,12.902045654603956,48.51292738279229
