Time,Probability,RiskPremium,T0,T1,T2,Z,Expected,CVaR
26.2517567,0.1,8.980951582391565,0.1,19.102632106449835,19.102632106449835,1.168891123179586,4.989417545773063,19.1026321129677
51.1057072,0.1,15.139232839029965,0.1,32.328616063207996,32.328616063207996,1.9449616979301978,8.410684910572241,32.32861606320998
19.9586455,0.1,8.487411519096057,0.1,17.818425248193005,17.818425248193005,1.1515435717788591,4.715228621720015,17.818425249706014
13.7200091,0.1,8.459521449441558,0.1,17.825175507781243,17.825175507781243,1.1346990360455096,4.699734138578629,17.825175512665904
25.2192829,0.1,14.148448762004167,0.1,29.211526757759678,29.211526757759678,2.017943961400692,7.860249312224579,29.211526754118953
9.2278783,0.1,23.288948145388147,0.1,48.681838700606576,48.681838700606576,3.201936785100577,12.938304525215743,48.681838700574865
