Time,Probability,RiskPremium,T0,T1,T2,Z,Expected,CVaR
41.0231279,0.15,20.557695034243363,0.1,23.963656395607845,23.963656395607845,6.403855799116812,7.613961123793849,23.96365640212574
20.2984752,0.15,42.170970375126544,0.1,47.91592034837622,47.91592034837622,13.633275485747884,15.6188779167134,47.91592034837622
55.524442,0.15,17.94907397879476,0.1,19.24324872518724,19.24324872518724,6.263091382321001,6.647805177331359,19.24324872518724
38.5995456,0.15,18.13150305480025,0.1,19.461003569944445,19.461003569944445,6.317878723378868,6.715371501777903,19.461003575886814
37.5411606,0.15,30.07327479462892,0.1,29.478507797606213,29.478507797606213,11.598921721224537,11.13824992393657,29.478507797606213
31.8905599,0.15,48.75861507328607,0.1,48.85842943306659,48.85842943306659,18.379995505995876,18.058746323439525,48.85842943306659
