Time,Probability,RiskPremium,T0,T1,T2,Z,Expected,CVaR
75.2440135,0.15,10.024614396873456,0.1,14.022363896910186,14.022363896910187,1.2500011286192683,5.276112840459724,14.022363909945977
80.5544169,0.15,20.725868584147968,0.1,29.122193870624557,29.122193870624557,2.5319799040618767,10.908351886393776,29.122193870624557
51.7119398,0.15,10.296161120440766,0.09999999999999609,13.886048695878364,13.886048695878364,1.4903223408976423,5.419032168653007,13.886048695878364
69.6966966,0.15,10.341228405968067,0.1,13.900121948352618,13.90012194835262,1.5155285510581522,5.442751792614853,13.90012194835263
114.6682143,0.15,20.24649281035095,0.1,27.600451679997573,27.600451679997555,2.8126828298200794,10.656048847553103,27.600451679997587
103.7894146,0.15,33.794087053683235,0.1,47.80144039982861,47.80144039982861,4.001693929430484,17.786361607201748,47.8014403998286
