Time,Probability,RiskPremium,T0,T1,T2,Z,Expected,CVaR
50.1790555,0.1,14.020347901425282,0.09999999999999432,24.058034881875884,24.058034881875884,3.6244804616794672,5.841811625593869,24.058034882201778
65.2607047,0.1,26.579993870829597,0.1,48.44493674242634,48.44493674242634,6.162511088036725,11.074997446178934,48.4449387926346
20.0686416,0.1,12.514762467266378,0.09999999999999609,20.635394304015524,20.635394304015524,3.4450506198634843,5.214484361361014,20.635394305528532
7.8433773,0.1,12.55945280597873,0.1,20.838297091948792,20.838297091948792,3.425049529902014,5.233105335824445,20.838297096833454
8.1276055,0.1,19.368882402369785,0.09999999999999076,30.468375362946887,30.468375362946887,5.699012811808762,8.07036766765407,30.468375359281723
7.847769,0.1,31.286888878519353,0.09999999999998721,49.27562870474349,49.27562870474349,9.190828929248626,13.036203699382922,49.27562869893381
