Time,Probability,RiskPremium,T0,T1,T2,Z,Expected,CVaR
16.4239303,0.15,25.93941398982213,0.1,63.178093761888086,109.79111751075698,7.680560341966396,10.375765595928852,41.90811780363635
15.3709156,0.15,46.36306397391959,0.1,63.6545343968845,159.2186616820817,15.631227775882707,18.54522558956784,67.29166802344398
13.0360994,0.15,21.320284256955453,0.1,36.7901540834119,61.68383187206888,7.0785000183526865,8.528113702782191,31.38279584606454
14.9765163,0.15,21.325995315303892,0.1,36.81050410629964,59.60930820403673,7.148910815132048,8.530398126121549,31.11714362232266
12.5684087,0.15,33.98417622750768,0.1,38.121498083200855,91.54684087940345,12.384019758105518,13.59367049100308,45.61961440459937
13.9768893,0.15,57.26405918595251,0.1,63.62646810097078,169.06531726696798,19.882252961220953,22.905623674380998,80.81035387578319
