Time,Probability,RiskPremium,T0,T1,T2,Z,Expected,CVaR
25.2177217,0.25,35.1260346518304,0.1,45.60884022458885,45.60884022458885,16.34185683603614,14.05041386073211,45.6088402278125
20.7868669,0.25,66.92633092952889,0.1,63.6545343968845,69.92276449917854,33.68296373861211,26.77053237181165,69.92276449917854
24.196247,0.25,28.174098475592785,0.09999999999999076,30.180466892357416,30.180466892357416,14.067834960210359,11.269639390237119,30.180466891206066
24.5656872,0.25,28.24000376066085,0.1,29.840211023410276,29.840211023410276,14.162370828524626,11.296001504264389,29.840211023410276
23.5599974,0.25,50.6744548272114,0.1,38.121498083200855,54.740130820649824,25.234120562862046,20.269781930884456,54.740130820649824
19.3287229,0.25,88.89968214616381,0.1,63.62646810097078,96.11834974632191,44.25603775451981,35.55987285846557,96.11834974632191
