Time,Probability,RiskPremium,T0,T1,T2,Z,Expected,CVaR
25.7492808,0.25,43.30413266724702,0.1,63.17809376188807,156.54192510569595,23.424496933421697,15.46576166687393,59.60450233638771
23.8580804,0.25,82.71379761924864,0.1,63.6545343968845,159.2186616820817,46.40949178858535,29.540642006874442,97.1772802447629
22.9579921,0.25,33.98945052300957,0.1,36.7901540834119,70.95489073513308,19.183001186266445,12.139089472503418,38.81268811490056
25.8983775,0.25,33.99583708250236,0.1,36.81050410629964,70.14192940826788,19.245697033944328,12.14137038660799,38.22906700610842
26.3103128,0.25,58.90904059232944,0.1,38.121498083200855,91.54684087940345,33.73411417435037,21.038943068689104,62.39877656158932
22.2643112,0.25,103.09711235490673,0.1,63.62646810097078,169.065317266968,59.088483838463326,36.820397269609536,108.70270973794835
