Time,Probability,RiskPremium,T0,T1,T2,Z,Expected,CVaR
125.1948643,0.15,8.179717019915158,0.1,13.515114304773853,13.515114304773853,0.5465565317812646,5.112323137446996,13.515114306403326
42.9675146,0.15,16.921535637662345,0.1,28.09620710740853,28.09620710740853,1.0895016639625654,10.57595977353889,28.09620710740853
8.7285927,0.15,8.508559257827695,0.1,13.572486183892828,13.572486183892828,0.7143187273602536,5.317849536142349,13.572486183892828
18.7038799,0.15,8.576944012154652,0.1,13.645034729004955,13.645034729004955,0.7310205876898279,5.360590007596602,13.645034730490547
78.9116659,0.15,16.80464707505929,0.1,27.12365693663846,27.12365693663846,1.3155168984995504,10.502904421912259,27.123656937404107
34.3277081,0.15,28.242277959416807,0.1,47.37402768521128,47.37402768521128,1.6740730466086737,17.651423724635475,47.37402768521128
