Time,Probability,RiskPremium,T0,T1,T2,Z,Expected,CVaR
69.5180382,0.25,16.59686771999778,0.1,18.10155262865023,18.10155262865023,3.823957428538442,9.22048206666551,18.101552628650236
112.5607226,0.25,42.035655727924784,0.09999999999999076,46.580857601789624,46.580857601789624,9.391427444439707,23.353142071069314,46.58085760210881
51.9018068,0.25,14.22220136575137,0.1,14.114767328723447,14.11476732901128,3.835560645678207,7.901222980972925,14.114767328723442
24.7819944,0.25,14.309782266537095,0.09999999999999787,14.303591838637013,14.303591838637013,3.818418109850331,7.9498790369650365,14.3035918362693
17.9904791,0.25,27.866918528376537,0.1,27.948737358324028,27.948737358324028,7.398450741029733,15.48162140465366,27.948737361386595
28.2691321,0.25,49.11530583480482,0.1,47.817626239604984,47.817626239604984,13.616486724892233,27.286281019336364,47.81762624577694
