Time,Probability,RiskPremium,T0,T1,T2,Z,Expected,CVaR
25.8933902,0.25,27.585130844040286,0.1,36.72467659834667,36.72467659834667,10.911019250264602,13.135776592400138,36.724676601570316
21.6522337,0.25,54.370162619875245,0.1,60.92938287200401,60.92938287200401,23.223784604839434,25.890553628512095,60.92938287200401
23.505006,0.25,23.031404386988868,0.09999999999999609,27.248493186928883,27.248493186928883,9.621895300102933,10.967335422375696,27.248493185777534
23.3522236,0.25,23.2376324785702,0.09999999999999787,27.58383025309652,27.58383025309652,9.694349556422491,11.065539275509632,27.58383025309652
24.2873951,0.25,42.03985176898369,0.1,38.121498083200855,52.36810817273823,17.168505065151134,20.018977032849275,52.36810817273823
19.244173,0.25,74.32361306657796,0.1,63.62646810097078,94.53984407702855,30.059269261408687,35.392196698370455,94.53984407702855
