Time,Probability,RiskPremium,T0,T1,T2,Z,Expected,CVaR
16.0508412,0.1,11.007201852271898,0.1,21.930607842477226,21.930607842477226,2.2181995415641027,5.503600926135949,21.930607848995077
11.3047341,0.1,18.608665390921562,0.1,37.3100065344459,37.3100065344459,3.7031979274109403,9.30433269546078,37.31000653570998
13.544713,0.1,10.19295412357189,0.09999999999999609,19.89955744955127,19.89955744955127,2.1358609839302884,5.096477061785945,19.899557451064286
44.0742405,0.1,10.239015887306689,0.1,20.12145379370013,20.12145379370013,2.119118772784942,5.119507943653344,20.121453797995336
29.246557,0.1,15.911453198856973,0.1,29.74520250410922,29.74520250410922,3.597831418675602,7.955726599428487,29.745202503192935
13.820949,0.1,25.941729595767644,0.10000000000000853,48.85981999236669,48.85981999236669,5.7930737601491495,12.97086479788382,48.85981998655701
