Time,Probability,RiskPremium,T0,T1,T2,Z,Expected,CVaR
16.9049141,0.15,24.35935597180259,0.1,35.106777697827354,35.106777697827354,11.424653177857332,9.021983693260228,35.10677769782735
16.7034829,0.15,45.39514928451378,0.1,58.830131100027394,58.830131100027394,22.279564103824928,16.813018253523524,58.83013110129148
14.9788013,0.15,21.065056797690346,0.1,27.737087670903378,27.737087670903378,10.272901692226375,7.801872888033497,27.737087670903378
14.7119828,0.15,21.31175470226633,0.09999999999999432,27.902175233315063,27.902175233315063,10.41717230640503,7.89324248232083,27.902175239257424
15.2055476,0.15,32.605414589157384,0.1,36.703348960522206,36.703348960522206,16.835244689233217,12.076079477465738,36.703348960522206
12.1839845,0.15,53.76201527965427,0.1,63.2549897119634,63.2549897119634,27.348687939449853,19.9118575109831,63.254989705791424
