Time,Probability,RiskPremium,T0,T1,T2,Z,Expected,CVaR
24.7945922,0.25,41.757556500559694,0.1,63.17809376188807,156.54192510569595,23.260572836419918,15.46576166687393,45.77798163953224
25.3263477,0.25,79.75973341856117,0.1,63.6545343968845,159.2186616820817,45.5086370236589,29.540642006874442,76.6451858871527
23.6715557,0.25,32.77554157575918,0.1,36.7901540834119,70.95489073513308,18.605391400187926,12.139089472503418,32.44969650318193
22.8649103,0.25,32.78170004384159,0.1,36.81050410629964,70.14192940826788,18.63052358626934,12.14137038660799,32.23943109625061
22.8059558,0.25,56.8051462854606,0.1,38.121498083200855,91.54684087940345,32.451183116626964,21.038943068689104,54.18914407013498
21.2951099,0.25,99.4150726279459,0.1,63.62646810097078,169.065317266968,56.83982884195852,36.820397269609536,94.36886243338787
