Time,Probability,RiskPremium,T0,T1,T2,Z,Expected,CVaR
95.7623026,0.25,27.25693337595786,0.09999999999999787,27.740308203211395,27.740308203211395,10.639252494290442,11.850840598242545,27.74030820965871
20.4855831,0.25,56.22926801180411,0.09999999999998366,51.22368868619628,51.22368868619628,23.74890592371264,24.44750783121896,51.22368868746035
22.9989893,0.25,24.26006740268993,0.1,24.508683871636798,24.508683871636798,9.523963466812624,10.54785539247388,24.50868387048545
71.7057616,0.25,24.387808483163766,0.1,24.560440033044937,24.560440033044937,9.597299978551932,10.603394992679982,24.56044003245301
9.5782098,0.25,39.652694556779146,0.1,35.206842918626215,35.206842918626215,17.022430293426613,17.240301981208454,35.206842921688796
8.3471204,0.25,68.26423279339085,0.09999999999998721,58.757482227046346,58.757482227046346,29.860917275114627,29.68010121451751,58.757482227046346
