Time,Probability,RiskPremium,T0,T1,T2,Z,Expected,CVaR
17.7366047,0.1,16.54297757211308,0.1,24.504993901018956,24.504993901018956,5.05573500682379,5.90820627575469,24.50499390753682
34.3893085,0.1,31.0532475336795,0.1,48.550564605025585,48.55056460502556,8.72476626875194,11.090445547742716,48.550564605025585
22.3050442,0.1,14.839345885131225,0.1,21.219568250414575,21.21956825041439,4.763638938383666,5.299766387546868,21.219568251549134
11.0024095,0.1,14.927497911210882,0.1,21.505283745913736,21.505283745913736,4.744038308168653,5.331249254003854,21.505283750798398
16.411496,0.1,22.70110801619775,0.09999999999999076,30.72346325598521,30.72346325598521,7.808792036452264,8.107538577213473,30.723463252320048
13.2223889,0.1,36.86221613018908,0.09999999999998721,50.16639407030975,50.16639407030975,12.596743878291818,13.165077189353209,50.16639406450007
