Time,Probability,RiskPremium,T0,T1,T2,Z,Expected,CVaR
13.2380274,0.05,2.8678607577603544e-11,2.0,0.0,0.0,-7.821438430255516e-12,1.303573071709252e-11,1.3035730717092522e-10
11.5946571,0.05,0.0,2.0,0.0,0.0,-0.0,0.0,0.0
12.5398876,0.05,6.657268158960506e-12,0.1,0.0,0.0,-1.8156185888074126e-12,3.026030981345684e-12,3.0260309813456844e-11
12.3164259,0.05,6.549687698131346,0.09999999626573697,20.770679803799126,20.770679803799126,0.013847119869225377,2.9771307718778868,20.770679803799126
10.1103874,0.05,-5.3755741191707785e-12,2.0,0.0,0.0,-3.420819894017768e-12,-2.443442781441263e-12,0.0
12.6597789,0.05,0.0,2.0,5.809681624668883e-9,5.809681624668883e-9,-0.0,0.0,0.0
