Time,Probability,RiskPremium,T0,T1,T2,Z,Expected,CVaR
11.4700645,0.05,-1.0428584573674014e-11,2.0,-3.1845320252129264e-9,-3.1845320252129264e-9,-7.1696518944008844e-12,-4.3452435723641734e-12,0.0
11.5945021,0.05,0.0,2.0,0.0,0.0,-0.0,0.0,0.0
17.0390915,0.05,-2.420824785076547e-12,0.1,0.0,0.0,-1.664317039740126e-12,-1.0086769937818947e-12,0.0
19.2637743,0.05,0.0,2.0,0.0,0.0,-0.0,0.0,0.0
24.5012868,0.05,0.0,2.0,0.0,0.0,-0.0,0.0,0.0
21.2499477,0.05,0.0,2.0,5.809681624668883e-9,5.809681624668883e-9,-0.0,0.0,0.0
