Time,Probability,RiskPremium,T0,T1,T2,Z,Expected,CVaR
5.5259736,0.2,17.435650629406418,0.09999999999999609,23.002398954383985,23.002398954383985,4.111270184888828,9.17665822600339,23.002398954383985
7.642461,0.2,37.613572888328626,0.09999999999999076,47.37438937622248,47.37438937622248,9.543623958329922,19.796617309646678,47.374389377486565
13.8192652,0.2,14.059717863818873,0.1,16.614745554743262,16.614745554743262,3.895398140163897,7.399851507273017,16.614745561879513
6.4735357,0.2,13.998980758540757,0.1,16.22630402602479,16.22630402602479,3.973570320710253,7.367884609758227,16.226304036665734
14.9522036,0.2,25.922491441079348,0.09999999999999076,29.10638671190538,29.10638671190538,7.640183843033324,13.643416547936692,29.10638671496796
65.5005722,0.2,43.483174674392636,0.1,48.575255637627045,48.575255637627045,12.890480995942186,22.885881407574715,48.575255643826374
