Time,Probability,RiskPremium,T0,T1,T2,Z,Expected,CVaR
22.0849454,0.2,28.81080386936227,0.1,63.17809376188807,156.54192510569598,8.453922507021783,13.095819940619208,42.140065627504306
19.4653063,0.2,53.21432873720826,0.1,63.6545343968845,159.2186616820817,17.770405948345925,24.188331244185548,69.21069742289262
17.4271857,0.2,22.872745840213298,0.1,36.7901540834119,70.95489073513308,7.318735225509452,10.396702654642404,31.02593449488825
25.6990868,0.2,22.877573313498637,0.1,36.81050410629964,70.1419294082679,7.392730630851164,10.3988969606812,30.742679848546288
23.3315234,0.2,38.24599288802655,0.1,38.121498083200855,91.54684087940345,13.281582483597994,17.384542221830234,47.70401495222346
16.386381,0.2,65.84161321162753,0.1,63.62646810097078,169.065317266968,22.466731021145673,29.92800600528522,83.71551074607174
