Time,Probability,RiskPremium,T0,T1,T2,Z,Expected,CVaR
6.6673862,0.05,9.543447053362796,0.1,63.178093761888086,109.79111751075692,0.45444985968394147,4.544498596839426,22.722492984197146
6.2722613,0.05,14.574152850792974,0.1,63.6545343968845,119.67234110440711,0.6940072786091891,6.940072786091891,34.700363930459446
4.8366933,0.05,8.301663180054504,0.1,36.7901540834119,61.68383187206887,0.39531729428831275,3.953172942883093,19.765864714415475
6.6842838,0.05,8.30603098313261,0.1,36.81050410629964,58.05967081709798,0.39552528491107286,3.9552528491107646,19.77626424555384
5.1288834,0.05,10.810255983932448,0.1,38.12149808320086,75.85949867597273,0.5147740944729715,5.147740944729735,25.738704723648695
4.8748817,0.05,17.77712379973322,0.1,63.6264681009708,121.67854271248154,0.8465297047491944,8.465297047492005,42.32648523746003
