Time,Probability,RiskPremium,T0,T1,T2,Z,Expected,CVaR
5.4741365,0.05,8.634547333994913,0.1,63.178093761888086,109.79111751075692,0.22722492984197262,4.544498596839426,30.29665731226287
6.072082,0.05,13.1861382935746,0.1,63.6545343968845,119.67234110440711,0.34700363930460143,6.940072786091891,46.267151907279256
4.9272735,0.05,7.511028591477883,0.1,36.7901540834119,61.68383187206887,0.19765864714415748,3.953172942883093,26.35448628588731
5.1514753,0.05,7.514980413310466,0.1,36.81050410629964,58.05967081709798,0.1977626424555462,3.9552528491107646,26.3683523274051
5.7468286,0.05,9.7807077949865,0.1,38.12149808320086,75.85949867597273,0.2573870472364934,5.147740944729735,34.31827296486488
4.3943054,0.05,16.084064390234825,0.1,63.6264681009708,121.67854271248154,0.4232648523746134,8.465297047492005,56.4353136499467
