Time,Probability,RiskPremium,T0,T1,T2,Z,Expected,CVaR
11.676937,0.05,-1.0428584573674014e-11,2.0,-3.1845320252129264e-9,-3.1845320252129264e-9,-7.386914073019093e-12,-4.3452435723641734e-12,0.0
12.9330758,0.05,6.2639628595206884e-12,2.0,3.91497678720043e-9,3.91497678720043e-9,4.436973692160488e-12,2.6099845248002867e-12,0.0
11.5447852,0.05,-2.420824785076547e-12,0.1,0.0,0.0,-1.714750889429221e-12,-1.0086769937818947e-12,0.0
16.1735301,0.05,0.0,2.0,0.0,0.0,-0.0,0.0,0.0
25.1465656,0.05,5.86426267545903e-12,2.0,3.6651641721618944e-9,3.6651641721618944e-9,4.153852728450146e-12,2.443442781441263e-12,0.0
22.7607047,0.05,0.0,2.0,5.809681624668883e-9,5.809681624668883e-9,-0.0,0.0,0.0
