Time,Probability,RiskPremium,T0,T1,T2,Z,Expected,CVaR
25.3228379,0.25,33.33145448279121,0.09999999999999609,30.732803195429636,30.73280319220599,15.470125324920167,12.344983141774604,30.732803195429636
11.8617091,0.25,67.91913099406041,0.1,55.41477979624389,55.41477979624389,33.68603346375549,25.155233701503906,55.414779797507975
25.5044601,0.25,29.202162175551706,0.09999999999999609,26.100819127940092,26.100819127940092,13.800985503110471,10.815615620574714,26.10081912679642
19.9736141,0.25,29.35795542915687,0.1,26.16508597354911,26.16508597354911,13.897107859872888,10.873316825613651,26.165085971181398
21.8988279,0.25,53.10567520713621,0.1,38.121498083200855,49.852649633749365,24.381742300346605,19.668768595235537,49.852649633749365
18.9578114,0.25,94.81888327021234,0.1,63.62646810097078,92.53438712311755,42.47589369285158,35.11810491489357,92.53438712311755
