Time,Probability,RiskPremium,T0,T1,T2,Z,Expected,CVaR
28.5185058,0.1,17.87359319199839,0.09999999999999609,28.428974068117697,28.428974068117697,7.081057465071765,6.383426139999418,28.428974074635562
13.5680028,0.1,31.287708843224685,0.09999999999999076,49.30580924971906,49.30580924971906,12.487201609439149,11.174181729723147,49.30580925003508
14.3778529,0.1,15.974812068468623,0.1,24.549609140726705,24.549609140726705,6.500658220458233,5.705290024453094,24.549609142239714
12.1544623,0.1,16.23692379061369,0.1,25.326523143326103,25.326523143326103,6.532498077939073,5.798901353790565,25.326523148210764
11.9498643,0.1,23.69412138160424,0.1,33.62743362969753,33.62743362969753,10.198885690225168,8.46218620771578,33.627433626032364
13.2839894,0.1,38.5191833648182,0.09999999999998721,55.271821672790026,55.271821672790026,16.459338070030025,13.756851201720881,55.27182166705781
