Time,Probability,RiskPremium,T0,T1,T2,Z,Expected,CVaR
12.5427731,0.05,1.2514301488408822e-10,2.0,0.0,0.0,3.2311742677852644e-26,7.821438430255513e-11,3.910719215127757e-10
10.6269066,0.05,7.579122514774402e-18,2.0,0.0,0.0,-3.5527136788005e-18,4.736951571734001e-18,4.736951571734002e-17
11.4903452,0.05,1.1368683772161604e-17,0.1,0.0,0.0,-3.552713678800501e-18,7.105427357601002e-18,5.921189464667503e-17
10.5469176,0.05,7.579122514774402e-18,2.0,0.0,0.0,3.851859888774472e-34,4.736951571734001e-18,2.368475785867001e-17
11.6385161,0.05,-3.031649005909761e-17,2.0,0.0,0.0,-1.7763568394002508e-17,-1.8947806286936004e-17,2.368475785867001e-17
9.9060868,0.05,10.789288357863809,2.000000000000014,47.48806496084168,47.488064960841655,1.687538997430238e-14,6.743305223664887,33.716526118324445
