Time,Probability,RiskPremium,T0,T1,T2,Z,Expected,CVaR
23.378503,0.25,40.21098033387221,0.1,63.17809376188807,156.54192510569595,17.16716367383369,15.46576166687393,45.77798163953224
21.0246053,0.25,76.80566921787369,0.1,63.6545343968845,159.2186616820817,35.48889124092963,29.540642006874442,76.6451858871527
24.0204653,0.25,31.56163262850889,0.1,36.7901540834119,70.95489073513308,14.344891398335863,12.139089472503418,32.44969650318193
21.550327,0.25,31.567563005180766,0.1,36.81050410629964,70.14192940826788,14.401677441162127,12.14137038660799,32.23943109625061
21.1761063,0.25,54.701251978591635,0.1,38.121498083200855,91.54684087940345,25.37475865954104,21.038943068689104,54.18914407013498
26.0665992,0.25,95.73303290098482,0.1,63.62646810097078,169.065317266968,44.52551934043074,36.820397269609536,94.36886243338787
