Time,Probability,RiskPremium,T0,T1,T2,Z,Expected,CVaR
16.7291911,0.15,17.084923248414352,0.1,26.976411123705347,26.976411123705347,5.1810988324975344,8.135677737340188,26.97641113022324
35.8860094,0.15,33.067223781825376,0.1,48.63294231809766,48.63294231809766,10.743597686781357,15.746297038964519,48.63294231936174
34.4180681,0.15,14.903836647358633,0.1,21.846458874911036,21.846458874911036,4.856892815937189,7.097065070170739,21.846458876424037
10.0585528,0.15,15.274902697490425,0.1,22.7437316266292,22.7437316266292,4.907145818362762,7.273763189281123,22.743731638513925
12.0889496,0.15,23.991638939352033,0.1,31.165738817747076,31.165738817747076,8.618819198906612,11.424589971120065,31.165738817747076
10.366762,0.15,38.96345679080344,0.1,51.80466309904646,51.80466309904646,13.759302536402297,18.554027043239845,51.80466309904646
