Time,Probability,RiskPremium,T0,T1,T2,Z,Expected,CVaR
22.6715537,0.2,35.358713839671864,0.1,63.17809376188807,156.54192510569598,12.06317632212302,13.095819940619208,47.094878530384605
16.8926384,0.2,65.30849435930112,0.1,63.6545343968845,159.21866168208157,25.6023006260195,24.188331244185548,75.91453954117243
17.7797628,0.2,28.071097167534447,0.1,36.7901540834119,70.954890735133,10.71257226139154,10.396702654642404,33.602776826310794
14.5281827,0.2,28.077021793839272,0.1,36.81050410629964,70.1419294082679,10.847546189599331,10.3988969606812,33.16749243921033
17.0234894,0.2,46.93826399894163,0.1,38.121498083200855,91.54684087940345,18.936606481887804,17.384542221830234,52.774926539242415
16.4347794,0.2,80.80561621427013,0.1,63.62646810097078,169.065317266968,31.738241417662422,29.92800600528522,93.7259019763601
