Time,Probability,RiskPremium,T0,T1,T2,Z,Expected,CVaR
20.2181867,0.2,14.682653161605433,0.1,23.002398954383978,23.002398954383978,2.7408467899259876,9.17665822600339,23.002398954383978
30.238777,0.2,31.653963034759457,0.1,47.32203959971069,47.322039599710685,6.362573597437764,19.783726896724552,47.32203959971069
35.0835201,0.2,11.839762411773822,0.1,16.614745561879513,16.614745561879513,2.596932093510944,7.399851507358649,16.614745561879513
32.2463687,0.2,11.788615375420195,0.1,16.22630403134526,16.22630403134526,2.6490468803769494,7.3678846096376205,16.226304036665734
20.5509839,0.2,21.82284770668083,0.1,29.08978416994651,29.08978416994651,5.093467019351044,13.63927981667562,29.08978416994651
20.0267639,0.2,36.6174102497031,0.1,48.57525563608472,48.5752556376277,8.593653997325907,22.885881406064577,48.5752556376277
