Time,Probability,RiskPremium,T0,T1,T2,Z,Expected,CVaR
7.2738275,0.2,11.352140188068827,0.1,14.289563547586852,14.289563547586852,2.010268756857751,6.677729522393451,14.289563547586852
5.7302216,0.2,27.02373681281824,0.1,35.179409588768735,35.179409588768735,4.378338204346768,15.896315772246028,35.17940959003282
30.1817341,0.2,11.24989431327029,0.1,13.754577762595845,13.754577762595845,2.134361915260684,6.617584890158955,13.754577769732096
26.5831665,0.2,11.396339155192157,0.1,13.787664376725363,13.787664376725363,2.21323282824045,6.7037289148189,13.787664378055482
17.2263053,0.2,22.350015971313397,0.1,27.4201849611261,27.4201849611261,4.207356892678635,13.14706821841974,27.420184961891746
16.2140483,0.2,38.30090528196012,0.1,47.3954005075222,47.395400509065176,7.068051320048273,22.529944283505962,47.3954005075222
