Time,Probability,RiskPremium,T0,T1,T2,Z,Expected,CVaR
48.9449885,0.15,7.91556581597171,0.1,13.043547650290215,13.043547650290215,0.13462552506128228,4.9472286349823165,13.043547651919688
83.5690546,0.15,16.153872928809193,0.1,26.720375420249475,26.720375420249475,0.23923065439314828,10.09617058050579,26.720375420249475
67.6548634,0.15,8.256378789055601,0.1,13.124526586978966,13.124526586978966,0.30864060108864727,5.160236743159711,13.124526585465965
59.9249111,0.15,8.344309777208078,0.1,13.226240099944874,13.226240099944874,0.3252498952366598,5.215193610754959,13.226240099944874
18.3869224,0.15,16.640019887746952,0.09999999999999076,26.82832350621282,26.82832350621282,0.49009858117521043,10.400012429841881,26.82832350621282
5.4868689,0.15,28.143365637980626,0.09999999999999432,47.199293891972715,47.199293891972715,0.1903704853606587,17.58960352373763,47.199293891972715
