Time,Probability,RiskPremium,T0,T1,T2,Z,Expected,CVaR
20.3237808,0.1,11.225591924495301,0.1,24.50499390753682,24.50499390753682,2.527867503722131,5.9082062760501834,24.50499390753682
37.1478939,0.1,21.07184654071109,0.1,48.550564605025585,48.550564605025585,4.362383134375953,11.090445547742716,48.550564605025585
21.8292015,0.1,10.063171629286591,0.09999999999999609,21.196014978715905,21.196014978715905,2.3818241799036333,5.296406120677152,21.196014978715905
13.5472147,0.1,10.129373582638259,0.1,21.505283750798398,21.505283750798398,2.37201915410139,5.331249254020136,21.505283750798398
17.1859336,0.1,15.420838003946313,0.1,30.784388144675678,30.784388144675678,3.904383833248519,8.116230528392792,30.784388143759386
8.4337209,0.1,25.013646659771023,0.09999999999998721,50.16639407030975,50.16639407030975,6.298371939145804,13.165077189353209,50.16639406450007
