Time,Probability,RiskPremium,T0,T1,T2,Z,Expected,CVaR
72.0488887,0.25,21.565590392035404,0.1,23.1776483421353,23.1776483421353,5.8248539362811655,10.782795196017693,23.177648345358946
51.2587352,0.25,47.20020668352342,0.09999999999999076,47.37438937622249,47.37438937622248,14.09038892696626,23.60010334176171,47.37438937875065
47.6838806,0.25,17.147646346068207,0.1,16.362587128092667,16.362587128092667,5.458317590550112,8.573823173034096,16.362587129244016
18.9351114,0.25,17.19168322161442,0.1,16.4709258504558,16.4709258504558,5.445807914947789,8.59584161080721,16.4709258504558
16.6185763,0.25,31.706389639257097,0.1,29.119097673115498,29.119097673115498,10.546833678233885,15.853194819628548,29.1190976731155
63.7879315,0.25,55.04694457722829,0.1,48.57403115147677,48.57403115147677,19.103248743469027,27.523472288614133,48.57403115147677
