Time,Probability,RiskPremium,T0,T1,T2,Z,Expected,CVaR
57.3857053,0.2,17.53977488686742,0.1,21.405277822869134,21.405277822869134,4.347500810635136,8.76988744343371,21.405277822858313
24.1482494,0.2,39.50707291439727,0.09999999999999076,47.20366701499103,47.20366701499103,10.145990761939968,19.753536457198635,47.20366701508057
16.3889068,0.2,14.45809480246229,0.1,15.940637859485149,15.940637859485149,4.179990738344509,7.229047401231141,15.9406378666214
36.1523615,0.2,14.279280760738265,0.1,15.325320058649243,15.325320058649218,4.274652492971099,7.139640380369132,15.32532005864926
35.3500865,0.2,27.221487210243804,0.1,28.977834292116164,28.977834292116164,8.232261863602067,13.610743605121902,28.977834295178745
57.2652505,0.2,45.77175789279836,0.09999999999999432,48.57524580511975,48.57524580511975,13.894600548007183,22.885878946399156,48.575245798947805
