Time,Probability,RiskPremium,T0,T1,T2,Z,Expected,CVaR
46.7308535,0.1,10.241580195779273,0.1,18.558692954359582,18.558692954359582,1.26011224421161,4.876942950371052,18.558692954359582
31.5220431,0.1,16.68094642886117,0.1,30.061458143533976,30.061458143533976,2.1021935095139637,7.943307823267155,30.061458143533976
43.4363938,0.1,9.267488814750168,0.1,16.362587129244016,16.362587129244016,1.2695497377267375,4.413089911785822,16.362587129244456
11.3532107,0.1,9.173781494244942,0.1,16.226304031781073,16.226304031781073,1.247963118496889,4.368467378211875,16.226304036665734
46.1706406,0.1,16.441148620291205,0.1,29.060857237956544,29.060857237956544,2.2425085765734583,7.829118390614841,29.06085723429138
13.8598362,0.1,27.124460666171583,0.1,48.57513242886201,48.57513242886201,3.510434048870846,12.916409841034202,48.57513242858951
