Time,Probability,RiskPremium,T0,T1,T2,Z,Expected,CVaR
18.3256074,0.2,30.120385863424193,0.1,63.17809376188807,156.54192510569598,14.12014135411649,13.095819940619208,42.140065627504306
28.4313542,0.2,55.63316186162689,0.1,63.6545343968845,159.2186616820817,26.942593999570608,24.188331244185548,69.21069742289262
21.470055,0.2,23.91241610567753,0.1,36.7901540834119,70.95489073513308,11.452790267010561,10.396702654642404,31.02593449488825
32.7192626,0.2,23.917463009566774,0.1,36.81050410629964,70.1419294082679,11.484187760099076,10.3988969606812,30.742679848546288
21.8075672,0.2,39.984447110209516,0.1,38.121498083200855,91.54684087940345,19.56795761534001,17.384542221830234,47.70401495222346
16.0223604,0.2,68.83441381215601,0.1,63.62646810097078,169.065317266968,33.52765733279215,29.92800600528522,83.71551074607174
