Time,Probability,RiskPremium,T0,T1,T2,Z,Expected,CVaR
43.3739939,0.1,11.289180712909044,0.1,18.705676781122065,18.705676781122065,1.5517732032593767,4.908339440395241,18.705676781122076
43.6296406,0.1,18.359102840953977,0.1,30.243924276310345,30.24392427631035,2.585287236134461,7.982218626501747,30.243924278838506
15.494824,0.1,10.25621513484746,0.1,16.5791847719175,16.5791847719175,1.555004882559356,4.459223971672837,16.57918477343065
12.5385461,0.1,10.147578309172065,0.1,16.430255517431654,16.430255517431654,1.5291950080809318,4.411990569205277,16.430255517450593
23.2588286,0.1,18.029181668255184,0.1,29.10638671190537,29.10638671190537,2.746742805425114,7.838774638371764,29.106386708252423
24.7348765,0.1,29.714513888537237,0.09999999999998721,48.58915395625268,48.58915395625267,4.310729994594669,12.919353864581433,48.589153948470646
