Time,Probability,RiskPremium,T0,T1,T2,Z,Expected,CVaR
4.4158149,0.15,13.3046304645956,0.1,25.12003659775596,25.12003659775596,2.8843097416567787,7.826253214467942,25.120036604273853
12.1738576,0.15,26.713885900795262,0.09999999999999076,48.43709329347751,48.43709329347751,6.091378956328519,15.714050529879675,48.43709329379353
4.5925173,0.15,11.648568029675836,0.09999999999999609,20.352621574472185,20.352621572959183,2.771390778667145,6.85209884098577,20.352621574472185
5.5550949,0.15,11.762811105759138,0.1,20.567211194337116,20.567211194337116,2.7963238728376285,6.919300650446596,20.567211200279477
4.3513514,0.15,19.10576503179753,0.1,30.02879847911213,30.02879847911213,5.048562743572588,11.238685312822037,30.02879848217471
15.6463574,0.15,30.853105392149672,0.1,49.35159173262194,49.351591732621934,8.023813937107244,18.148885524793887,49.35159172644996
