Time,Probability,RiskPremium,T0,T1,T2,Z,Expected,CVaR
83.1053056,0.2,22.419691370748083,0.09999999999999432,25.41855906340074,25.41855906295087,7.187195963306665,9.747691900325302,25.41855906351418
33.3268055,0.2,45.97281951507126,0.09999999999999076,48.22104790029143,48.22104790029143,16.103134190919523,19.98818239785726,48.221047901555515
7.2557355,0.2,18.743681659735376,0.1,19.82365425938929,19.82365425938929,6.508275243371772,8.149426808580536,19.82365425938929
7.499863,0.2,18.804473314542314,0.1,19.666283532337722,19.666283532337722,6.606966402375205,8.175857962844496,19.666283532337722
30.8070881,0.2,31.742216751997823,0.1,29.805940705869205,29.805940705869205,12.33951103048095,13.800963805216465,29.805940708931786
18.1502273,0.2,52.82916528263908,0.1,48.939252369127864,48.939252369127864,20.77044546268473,22.969202296799544,48.93925236295591
