Time,Probability,RiskPremium,T0,T1,T2,Z,Expected,CVaR
4.9232005,0.2,18.331347277231846,0.09999999999999432,32.03161328935613,32.03161328935613,5.423355036498187,10.78314545719525,32.031613292579806
6.5941362,0.2,35.702388801492134,0.09999999999999432,54.92203472479544,54.92203472479544,11.308920669399155,21.00140517734827,54.92203472479544
5.2502105,0.2,15.830374228555712,0.09999999999999609,26.447226762443968,26.447226762443968,4.804865195838726,9.3119848403269,26.44722676422803
4.8561745,0.2,16.0006866400379,0.09999999999999432,26.71037076396596,26.71037076396596,4.858697812500997,9.412168611786994,26.710370769286435
4.8802657,0.2,25.398775441794015,0.1,36.703348957459646,36.703348957459646,8.282030017733248,14.940456142231758,36.703348960522206
4.6791377,0.2,42.94928130832079,0.1,62.957594238966536,62.957594238966536,13.915667075371124,25.264283122541663,62.957594226622646
