Time,Probability,RiskPremium,T0,T1,T2,Z,Expected,CVaR
18.5550338,0.2,10.68436723582928,0.1,14.289563547586852,14.289563547586852,1.723087505877901,6.677729522393451,14.289563547586852
21.7030708,0.2,25.434105235593893,0.1,35.179409588768735,35.179409588768735,3.752861318011834,15.896315772246028,35.17940959003282
127.0273673,0.2,10.590583075521298,0.1,13.759166352084609,13.759166352084609,1.8294530700735714,6.619114422200844,13.75916636635711
56.2468158,0.2,10.725488068467648,0.1,13.786763856756666,13.786763856756666,1.8970578810870187,6.70343004279223,13.786763858086788
22.7629069,0.2,21.035309149471352,0.1,27.4201849611261,27.4201849611261,3.606305908010043,13.14706821841974,27.420184961891746
15.9945722,0.2,36.04791085360916,0.1,47.3954005075222,47.395400509065176,6.058329702898206,22.529944283505962,47.3954005075222
