Time,Probability,RiskPremium,T0,T1,T2,Z,Expected,CVaR
10.7257613,0.1,13.0453335901823,0.1,22.959476699203602,22.959476699203602,3.05155128488913,5.671884169644461,22.959476712239333
14.2700121,0.1,21.664794409263934,0.1,38.01027979390076,38.01027979390076,5.0976175878866385,9.419475830114713,38.01027979516484
19.8209614,0.1,11.863154274096205,0.09999999999999609,20.273021526245742,20.273021526245742,2.9264790204523106,5.1578931626505415,20.273021526623992
17.3062535,0.1,11.86118971924403,0.09999999999999609,20.349924674723702,20.349924674723702,2.905929293982622,5.157039008366932,20.34992467594487
13.2780232,0.1,18.40469825939621,0.09999999999999076,30.02879848217471,30.02879848217471,4.895966598661303,8.002042721476608,30.028798478509547
29.5018794,0.1,29.860603876728472,0.1,48.933895188967746,48.933895188967746,7.889976641422888,12.982871250751572,48.933895188967746
