Time,Probability,RiskPremium,T0,T1,T2,Z,Expected,CVaR
35.4351793,0.25,19.525719288320634,0.1,25.910617543261473,25.910617543261473,5.155021996929221,11.485717228423955,25.910617543261473
8.2627817,0.25,40.756605593140264,0.09999999999999432,48.839013676705875,48.839013676705875,11.809223754892145,23.974473878317614,48.83901367796996
19.2921583,0.25,17.20452782153096,0.09999999999999609,22.452219711895538,22.452219711895538,4.617835492779408,10.120310483253437,22.45221971074419
10.5505065,0.25,17.53558625941721,0.09999999999999787,23.172877963157575,23.172877963157575,4.648970074118834,10.315050740833597,23.172877963157575
7.6786654,0.25,28.41646531326204,0.09999999999999076,32.6706004027979,32.6706004027979,8.50989096702535,16.71556783133071,32.67060040586048
8.1552339,0.25,47.914793734347626,0.09999999999999432,51.38622079910924,51.38622079910924,15.089411346906045,28.185172784910268,51.38622079756625
