Time,Probability,RiskPremium,T0,T1,T2,Z,Expected,CVaR
19.9210633,0.2,35.358713839671864,0.1,63.17809376188807,156.54192510569598,13.7631292516113,13.095819940619208,47.094878530384605
18.2344223,0.2,65.30849435930112,0.1,63.6545343968845,159.2186616820817,28.188611040868857,24.188331244185548,75.91453954117243
17.666358,0.2,28.071097167534447,0.1,36.7901540834119,70.95489073513308,11.872875969974963,10.396702654642404,33.602776826310794
23.0691489,0.2,28.077021793839272,0.1,36.81050410629964,70.1419294082679,11.985975963525787,10.3988969606812,33.16749243921033
18.6548429,0.2,46.93826399894163,0.1,38.121498083200855,91.54684087940345,20.706125697758335,17.384542221830234,52.774926539242415
18.0317465,0.2,80.80561621427013,0.1,63.62646810097078,169.065317266968,34.928136216216224,29.92800600528522,93.7259019763601
