Time,Probability,RiskPremium,T0,T1,T2,Z,Expected,CVaR
15.1504184,0.1,0.0,2.0,0.0,0.0,-0.0,0.0,0.0
12.2392905,0.1,0.0,2.0,0.0,0.0,-0.0,0.0,0.0
12.3823917,0.1,0.0,2.0,0.0,0.0,-0.0,0.0,0.0
20.0148966,0.1,0.0,2.0,0.0,0.0,-0.0,0.0,0.0
12.4172044,0.1,0.0,2.0,0.0,0.0,-0.0,0.0,0.0
13.5349775,0.1,0.0,2.0,0.0,0.0,-0.0,0.0,0.0
