Time,Probability,RiskPremium,T0,T1,T2,Z,Expected,CVaR
22.2418131,0.2,31.429967857486098,0.1,63.17809376188807,156.54192510569598,11.073086495145608,13.095819940619208,42.140065627504306
20.4538089,0.2,58.051994986045436,0.1,63.6545343968845,159.2186616820817,22.6080721971831,24.188331244185548,69.21069742289262
17.6699928,0.2,24.952086371141746,0.1,36.7901540834119,70.95489073513308,9.398075756437901,10.396702654642404,31.02593449488825
25.6677859,0.2,24.9573527056349,0.1,36.81050410629964,70.1419294082679,9.472510022987429,10.3988969606812,30.742679848546288
22.2516443,0.2,41.722901332392496,0.1,38.121498083200855,91.54684087940345,16.75849092796394,17.384542221830234,47.70401495222346
16.3145834,0.2,71.82721441268458,0.1,63.62646810097078,169.065317266968,28.45233222220277,29.92800600528522,83.71551074607174
