Time,Probability,RiskPremium,T0,T1,T2,Z,Expected,CVaR
30.8145709,0.1,14.003175728394352,0.1,20.119809599177813,20.119809599177813,2.8434350588876587,5.186361380886822,20.119809602436515
42.6299505,0.1,22.950534241967404,0.09999999999999432,32.78506414697372,32.78506414697372,4.736389862740653,8.500197867395407,32.78506414697372
28.0258902,0.1,13.19740538105679,0.1,18.70560430628659,18.705604306286588,2.7824069071961923,4.8879279189098845,18.70560430628659
16.6238111,0.1,13.163915562955951,0.1,18.725304054998887,18.725304054998887,2.7484793701356334,4.875524282576231,18.725304058186378
13.6161871,0.1,21.30562875243863,0.09999999999999076,29.372227868664563,29.372227868664563,4.822153439230318,7.890973612014374,29.3722278649994
33.4744457,0.1,34.962607600197835,0.1,48.737012447794974,48.737012447794974,7.698334265480313,12.94911392599917,48.737012447794974
