Time,Probability,RiskPremium,T0,T1,T2,Z,Expected,CVaR
18.1938359,0.15,31.127296787786555,0.1,63.178093761888086,109.79111751075698,16.647400442187223,10.375765595928852,37.736637260398794
14.6405978,0.15,55.63567676870356,0.1,63.6545343968845,159.2186616820817,30.490633700793033,18.54522558956784,62.54400877851889
16.3397626,0.15,25.58434110834659,0.1,36.7901540834119,61.68383187206888,14.040707780996488,8.528113702782191,28.631577866568378
16.8459369,0.15,25.591194378364673,0.1,36.81050410629964,59.60930820403673,14.062287124212386,8.530398126121549,28.520458979659754
13.7217338,0.15,40.7810114730092,0.1,38.121498083200855,91.54684087940345,22.963643355336284,13.59367049100308,41.75165466880207
17.351866,0.15,68.71687102314303,0.1,63.62646810097078,169.06531726696798,38.283404393503304,22.905623674380998,73.09124337610605
