Time,Probability,RiskPremium,T0,T1,T2,Z,Expected,CVaR
6.7178529,0.2,11.352140188068827,0.1,14.289563547586852,14.289563547586852,2.010268756857751,6.677729522393451,14.289563547586852
5.7532728,0.2,27.02373681281824,0.1,35.179409588768735,35.179409588768735,4.378338204346768,15.896315772246028,35.17940959003282
18.8669501,0.2,11.249894310259483,0.1,13.754577762595844,13.754577762595844,2.1343619152743254,6.617584888388022,13.754577764379906
19.7617041,0.2,11.395831073165986,0.09999999999999609,13.786763858086792,13.786763858086792,2.213234194394836,6.703430043038814,13.78676385941691
21.253571,0.2,22.35001597217915,0.1,27.420184961126083,27.420184961126083,4.207356892677282,13.147068218929217,27.420184963423036
13.6095811,0.2,38.300905281869206,0.1,47.395400501350466,47.395400501350466,7.068051319992044,22.529944283452497,47.39540050752241
