Time,Probability,RiskPremium,T0,T1,T2,Z,Expected,CVaR
5.717664,0.05,-8.255962787491929e-12,2.0,0.0,-3.1845320252129264e-9,-5.431571044785716e-12,-4.3452435723641734e-12,4.736951571734002e-17
4.6432721,0.05,4.958979597328531e-12,2.0,3.91497678720043e-9,3.91497678720043e-9,3.2624699978593215e-12,2.6099892617518586e-12,4.736951571734002e-17
4.3555053,0.05,-1.9164727878736205e-12,0.1,0.0,0.0,-1.260858084606298e-12,-1.0086698883545369e-12,5.921189464667503e-17
4.5415459,0.05,4.730068307405114e-12,2.0,3.7342573477872065e-9,3.7342573477872065e-9,3.111878754680219e-12,2.4895096354763763e-12,2.368475785867001e-17
4.2871884,0.05,4.642505283906455e-12,2.0,3.6651641721618944e-9,3.6651641721618944e-9,3.05427150237847e-12,2.4434238336349755e-12,2.368475785867001e-17
4.2442429,0.05,2.7000623958883807e-17,2.0,5.809681624668883e-9,5.809681624668883e-9,-2.368475785867001e-17,1.4210854715202004e-17,1.1842378929335005e-16
