Time,Probability,RiskPremium,T0,T1,T2,Z,Expected,CVaR
60.9300413,0.25,31.30486480953572,0.1,31.948596841227616,31.948596841227616,13.926256155562172,12.521945923814284,31.948596844451263
21.1655992,0.25,63.20934911987818,0.1,56.29084035375601,56.29084035375601,30.173834295475714,25.283739647951407,56.29084035375601
26.6269231,0.25,27.109436439320756,0.09999999999999609,26.29440009261078,26.29440009261078,12.403005484371876,10.843774575728247,26.29440009261078
19.8759327,0.25,27.34246439821576,0.1,26.60227629377116,26.60227629377116,12.489156005900128,10.936985759286324,26.602276291403435
14.9705616,0.25,49.560498111641735,0.1,38.12149808320086,50.906926778961875,21.965616983408662,19.824199244656786,50.906926778961875
11.6910472,0.25,88.02124132705947,0.1,63.62646810097078,93.15063864033213,38.327209268858596,35.20849653082364,93.15063864033213
