Time,Probability,RiskPremium,T0,T1,T2,Z,Expected,CVaR
43.7713734,0.15,8.44130763510179,0.1,13.093489190165059,13.093489190165059,0.22462691134846985,4.965475079471706,13.093489190175921
148.3878816,0.15,17.2739803001475,0.1,26.89744235799605,26.897442357996045,0.4183044274853166,10.161164882439616,26.897442357996045
23.2132901,0.15,8.882266868828758,0.09999999999999609,13.301218635697907,13.301218635697907,0.4268616955342306,5.224862864016867,13.301218637210916
69.0614114,0.15,8.911139957239614,0.1,13.298782062513888,13.298782062513888,0.4465189120318293,5.241847033670336,13.298782062513888
21.5817444,0.15,17.69566761206222,0.1,26.853502283973263,26.853502283973256,0.7087369530392414,10.409216242389684,26.853502283973263
11.1238567,0.15,29.92490827287772,0.09999999999999999,47.235695185302994,47.235695185302994,0.4688978671526902,17.602887219339742,47.235695185302994
