Time,Probability,RiskPremium,T0,T1,T2,Z,Expected,CVaR
12.9828807,0.15,0.0,2.0,0.0,0.0,-0.0,0.0,0.0
48.5139983,0.15,-2.205814966808074e-28,2.0,0.0,0.0,-1.3786343542550463e-28,-1.378634354255046e-28,0.0
10.4408609,0.15,0.0,2.0,0.0,0.0,-0.0,0.0,0.0
11.4448384,0.15,-6.338518687698525e-12,2.0,-2.6090279363840333e-9,-2.6090279363840333e-9,-3.961574179811579e-12,-3.961574179811578e-12,0.0
11.0120139,0.15,0.0,2.0,0.0,0.0,-0.0,0.0,0.0
32.5707093,0.15,0.0,0.1,6.171980260205601e-9,6.171980260205601e-9,-0.0,0.0,0.0
