Time,Probability,RiskPremium,T0,T1,T2,Z,Expected,CVaR
17.2610155,0.1,7.9790765909252395,0.1,17.716216784096456,17.716216784096467,0.6809736619058511,4.693574465250124,17.716216784096467
14.9569914,0.1,13.283286633424016,0.09999999999999076,29.466317411924585,29.466317411924585,1.1390647350574097,7.813698019661091,29.46631741318867
8.7155989,0.1,7.285752525811713,0.1,15.777620291317767,15.777620291317767,0.7016390439393294,4.285736779889262,15.777620289804764
9.8140611,0.1,7.155223227547223,0.1,15.494314666153027,15.494314666153027,0.6891964215527483,4.208954839733718,15.494314671037692
18.6043471,0.1,13.26904576550777,0.1,28.95201664912437,28.95201664912437,1.2343856055886722,7.805321038534014,28.952016645459207
7.8856633,0.1,21.957515300078118,0.1,48.57410577515166,48.57410577515166,1.9097457685404042,12.916185470634222,48.57410577515166
