Time,Probability,RiskPremium,T0,T1,T2,Z,Expected,CVaR
61.1952001,0.25,31.034442575449752,0.1,28.208977953929676,28.20897795392968,13.402689646583719,11.936324067480745,28.20897795715332
22.2828299,0.25,64.01376055865127,0.09999999999998366,52.16686019944892,52.16686019944892,29.751919349181517,24.62067713794265,52.16686019944892
120.7961059,0.25,27.61780323411308,0.09999999999999787,24.919781857763496,24.919781857763496,11.991428776168114,10.622232013120458,24.919781855476156
37.7876056,0.25,27.73326539002705,0.1,24.90561226424891,24.90561226424891,12.082984750240385,10.666640534625778,24.90561226365698
12.4859246,0.25,45.69570295935691,0.09999999999999432,37.04828335492413,37.04828335492413,21.304878044222505,17.575270368983297,37.04828335798671
9.7077099,0.25,78.09341623026394,0.1,60.71266936488506,60.71266936488506,37.320627894988206,30.035929319332528,60.71266936488506
