Time,Probability,RiskPremium,T0,T1,T2,Z,Expected,CVaR
13.3854534,0.2,14.67058657564876,0.1,20.868601085004723,20.868601085004723,2.9811186974937494,8.629756809205118,20.868601085004723
4.9681417,0.2,33.59344841185345,0.09999999999999432,47.23200136385249,47.23200136385249,6.964809065344898,19.760852006972318,47.232001365116574
5.1902128,0.2,12.075405566943262,0.1,15.45693914666979,15.45693914666979,2.883785971330281,7.103179745260654,15.45693914666979
12.18441,0.2,12.073085745093643,0.09999999999999609,15.179464386747838,15.179464386747838,2.9518582889469713,7.101815144172704,15.179464392068311
6.9648299,0.2,23.11373517486671,0.09999999999999076,28.922347172293268,28.922347172293268,5.6859122750431625,13.596314808745163,28.922347173058913
23.4522877,0.2,38.9058557806639,0.1,48.57492026735618,48.57492026735618,9.597777576839558,22.885797518037634,48.57492026118423
