Time,Probability,RiskPremium,T0,T1,T2,Z,Expected,CVaR
50.8735681,0.15,13.183776942461384,0.1,27.67882932613004,27.67882932613004,3.00001947906207,8.239860589038404,27.678829332647748
35.4193932,0.15,25.234443818338008,0.1,48.80312871378266,48.80312871378266,6.1597562990182375,15.771527386461239,48.803128715046746
16.5719134,0.15,11.622362858249684,0.1,22.97442640489606,22.97442640489606,2.7873411099946015,7.2639767864060465,22.97442640489606
9.065488,0.15,11.795636126789418,0.1,23.405686126503145,23.405686126503145,2.8200221916315944,7.37227257924337,23.405686138387868
6.1349161,0.15,18.61630570372873,0.1,32.581470638167026,32.581470638167026,4.886486681564624,11.635191064830455,32.581470638167026
5.6214559,0.15,29.976141428783,0.1,53.03288098592299,53.03288098592299,7.811273777117363,18.73508839298945,53.03288097975102
