Time,Probability,RiskPremium,T0,T1,T2,Z,Expected,CVaR
43.3431974,0.1,7.976713458169128,0.1,19.082707512553885,19.082707512553885,0.876678304678324,4.98544591135573,19.08270752558961
32.4823801,0.1,13.457095856915197,0.1,32.328616063207996,32.328616063207996,1.458721273447786,8.410684910572044,32.328616063207996
41.6713446,0.1,7.546549962420432,0.1,17.825273601509107,17.825273601509107,0.8636542546581734,4.716593726512766,17.82527360150947
9.0552907,0.1,7.519574621725846,0.1,17.825175507781243,17.825175507781243,0.85102427703412,4.699734138578629,17.825175512665904
12.318102,0.1,12.572619021925538,0.1,29.199675132007386,29.199675132007386,1.5134638968639824,7.857886888703482,29.199675131091098
7.9445465,0.1,20.701287240351277,0.09999999999998721,48.68183870060661,48.68183870060661,2.401452588823625,12.938304525219621,48.6818387006066
