Time,Probability,RiskPremium,T0,T1,T2,Z,Expected,CVaR
23.8996581,0.15,14.840638413139583,0.09999999999999609,22.95947671223933,22.95947671223933,3.535529828522974,7.420319206569792,22.959476718757223
57.8851131,0.15,31.19571870802226,0.1,47.80717760041986,47.80717760041986,7.545529792329951,15.597859354011124,47.80717760073589
28.9534695,0.15,13.129817505784153,0.09999999999999609,18.815553116815337,18.815553116815337,3.502247661816689,6.564908752892072,18.815553117193588
11.6819488,0.15,13.221987361543754,0.09999999999999609,18.924087456077523,18.924087456077523,3.5327202354598795,6.610993680771873,18.924087462019884
20.3226655,0.15,22.22908680043256,0.1,29.356019211826307,29.356019211826307,6.554174446548104,11.11454340021628,29.35601921488889
29.9426386,0.15,36.090859600453044,0.1,48.79028775883606,48.79028775883606,10.359215310574205,18.0454298002265,48.79028775883605
