Time,Probability,RiskPremium,T0,T1,T2,Z,Expected,CVaR
13.9316662,0.1,15.419884533412949,0.1,63.178093761888086,109.79111751075695,2.710892859587781,7.7099422667064745,32.70518930229992
13.5752044,0.1,25.570126988447374,0.1,63.6545343968845,159.2186616820817,4.5019743967751715,12.785063494223687,54.200508981466314
19.8757054,0.1,12.993983951119109,0.1,36.7901540834119,61.683831872068886,2.4509419668907118,6.496991975559554,26.727242018903787
22.6567989,0.1,12.998385162265834,0.1,36.81050410629964,58.73116960119909,2.4345375522720287,6.499192581132909,26.82246772543737
17.6672946,0.1,19.04978472834227,0.1,38.121498083200855,75.85949867597274,3.9229303353194567,9.524892364171135,37.5347025084296
17.8005318,0.1,31.532850097869254,0.1,63.62646810097078,121.6785427124816,6.3552268108224315,15.766425048934627,62.82241623949559
