Time,Probability,RiskPremium,T0,T1,T2,Z,Expected,CVaR
12.9805456,0.1,15.887718641818987,0.09999999999999609,22.973798652373947,22.973798652373947,4.158668712213167,5.674185229221038,22.973798658891813
10.216829,0.1,26.297476952884224,0.1,37.840075972766186,37.840075972766186,6.9486789269250835,9.391956054601613,37.840075972766186
43.9677748,0.1,14.39494836501927,0.1,20.169064693879427,20.169064693879427,3.9940912797524812,5.14105298750689,20.169064695392365
27.1166463,0.1,14.43612067212084,0.1,20.342004359151034,20.342004359151034,3.965176847532771,5.155757382900329,20.342004359151034
25.0078722,0.1,22.338738301482962,0.09999999999999076,29.88134302809933,29.88134302809933,6.694489707375331,7.978120821958221,29.88134302809933
18.9247196,0.1,36.322001365650294,0.09999999999998721,48.86761658353932,48.86761658353932,10.786442387242648,12.97214334487512,48.86761658353932
