Time,Probability,RiskPremium,T0,T1,T2,Z,Expected,CVaR
9.8482881,0.1,0.0,2.0,0.0,0.0,-0.0,0.0,0.0
8.0190802,0.1,0.0,2.0,0.0,0.0,-0.0,0.0,0.0
7.2560927,0.1,0.0,2.0,0.0,0.0,-0.0,0.0,0.0
9.1380317,0.1,0.0,2.0,0.0,0.0,-0.0,0.0,0.0
8.6686859,0.1,0.0,2.0,0.0,0.0,-0.0,0.0,0.0
7.7273535,0.1,0.0,2.0,0.0,0.0,-0.0,0.0,0.0
