Time,Probability,RiskPremium,T0,T1,T2,Z,Expected,CVaR
21.9769702,0.2,29.20051273019551,0.09999999999999432,46.75485523694657,46.75485523694657,13.57483493266892,12.166880304248167,46.75485523703253
18.0091125,0.2,52.518470656005704,0.1,63.6545343968845,63.97311888380935,26.426732271622765,21.88269610666901,63.97311888380935
31.6949017,0.2,23.57001978673322,0.1,32.25563674517375,32.25563674517375,11.505698692190908,9.820841577805528,32.25563674517375
20.2388102,0.2,23.481430471671178,0.1,30.99963148557621,30.99963148557621,11.575930895704841,9.78392936319632,30.999631490896682
20.6021034,0.2,40.59425062209033,0.1,38.121498083200855,55.919734399483715,19.779433198858158,16.91427109253762,55.919734399483715
16.7234962,0.2,69.93052072197905,0.1,63.62646810097078,96.72357354476631,34.03421809676028,29.137716967491205,96.72357354476631
