Time,Probability,RiskPremium,T0,T1,T2,Z,Expected,CVaR
16.3547731,0.1,7.800340005905259,0.1,14.341348289219775,14.341348289219775,0.24575760047789308,3.9001700029526294,14.34134829573764
22.2961217,0.1,15.181525638538817,0.1,28.54311825517156,28.54311825517156,0.25743841670366563,7.5907628192694085,28.54311825517156
17.5439859,0.1,7.890752839457884,0.10000000302601819,14.331739548696323,14.331739548696323,0.31014932406079476,3.945376419728942,14.331739550209331
18.02237,0.1,7.866784304572807,0.09999999999999609,14.322510319850448,14.322510319850448,0.29720079021975715,3.9333921522864017,14.322510329619773
33.7218868,0.1,15.397622702291306,0.1,28.5219254925604,28.5219254925604,0.41072140197117923,7.6988113511456495,28.5219254916441
23.9563422,0.1,25.759963200489928,0.09999999999999387,48.42217217508192,48.42217217508192,0.4402148990520889,12.879981600244964,48.42217217508192
