Time,Probability,RiskPremium,T0,T1,T2,Z,Expected,CVaR
57.4986303,0.15,16.324702257311817,0.09999999999999609,22.95947671223933,22.95947671223933,4.242635794220986,7.4203192078689595,22.959476725275117
53.4612196,0.15,34.317953234311425,0.09999999999999076,47.81323984242836,47.81323984242836,9.05463252483201,15.599069651959656,47.81323984369244
54.8977987,0.15,14.442799256395944,0.1,18.815553116815327,18.815553116815327,4.202697194202843,6.564908752907205,18.81555311719358
17.3257103,0.15,14.514979223971041,0.1,18.857057488498544,18.857057488498544,4.239459495284311,6.597717829077764,18.857057494440905
17.6749017,0.15,24.451995479132915,0.1,29.356019208763737,29.356019208763737,7.865009335860842,11.114543399605934,29.356019211826318
57.1884901,0.15,39.70281839455904,0.09999999382803537,48.79686903333981,48.79686903333981,12.43104274451239,18.04673563389045,48.796869021078145
