Time,Probability,RiskPremium,T0,T1,T2,Z,Expected,CVaR
21.1874625,0.1,16.043529931253737,0.1,32.245746510892154,32.245746510892154,6.802631555944363,6.6848041380223915,32.245746510892154
12.7622622,0.1,28.18927175354944,0.09999999999999076,56.522396936208466,56.522396936208466,11.966055152315985,11.745529897312224,56.52239693652449
18.2449785,0.1,14.210918908860505,0.09999999999999609,27.176782016349698,27.176782016349698,6.164146116402744,5.921216212025222,27.176782016350604
12.5152007,0.1,14.369793761240059,0.1,27.618534277654327,27.618534277654327,6.219267672521133,5.987414067183365,27.618534282538995
15.7779069,0.1,20.631168370149854,0.1,35.11100263337858,35.11100263337858,9.383379968372289,8.596320154229119,35.11100262971342
10.7987283,0.1,33.959185699415265,0.1,59.88044455831173,59.88044455831173,15.23644660688434,14.149660708089678,59.88044455250205
