Time,Probability,RiskPremium,T0,T1,T2,Z,Expected,CVaR
23.7177023,0.1,12.117415125420107,0.1,28.370046140812207,28.370046140812207,3.540582294034653,6.377586908115825,28.370046140812207
14.8822701,0.1,21.230945286496365,0.09999999999999076,49.30580925003508,49.30580925003508,6.243600804718373,11.174181729734936,49.3058092501657
16.0970605,0.1,10.840051046460875,0.1,24.549609140726705,24.549609140726705,3.2503291102291314,5.705290024453094,24.549609142239714
14.6748162,0.1,11.017912572202087,0.1,25.326523143326103,25.326523143326103,3.266249038969502,5.798901353790565,25.326523148210764
12.9695835,0.1,16.07815379465994,0.1,33.62743362969753,33.62743362969753,5.099442845112509,8.46218620771578,33.627433626032364
13.2294636,0.1,26.138017283269537,0.09999999999998721,55.271821672790026,55.271821672790026,8.229669035015025,13.756851201720881,55.27182166705781
