Time,Probability,RiskPremium,T0,T1,T2,Z,Expected,CVaR
38.2697327,0.05,6.101947481094661,0.1,24.384998130962206,24.384998130962206,0.61247392741742,3.389970822830384,24.384998131298946
18.7155157,0.05,8.763077996660028,0.09999999999999076,34.9590008836175,34.9590008836175,0.8856389099682539,4.868376664811128,34.9590008836175
11.5946045,0.05,5.887522708690924,0.1,23.18898542312519,23.18898542312519,0.6248628118816372,3.2708459492727493,23.188985424638204
14.9957565,0.05,5.962449473455886,0.1,23.39483036199371,23.39483036199371,0.6417417005285537,3.312471929697729,23.39483036199371
6.0803953,0.05,8.323574883597775,0.09999999999999432,32.657572648252845,32.657572648252845,0.8960301773401312,4.62420826866543,32.65757264458768
8.7529614,0.05,13.224607144611646,0.1,52.02450842275262,52.02450842275262,1.4098527300305645,7.347003969228684,52.02450842275262
