Time,Probability,RiskPremium,T0,T1,T2,Z,Expected,CVaR
10.4981612,0.05,2.4767888362475786e-11,2.0,0.0,0.0,-5.866078822691632e-12,1.303573071709252e-11,1.3035730717092522e-10
12.8172853,0.05,0.0,2.0,0.0,0.0,-0.0,0.0,0.0
12.0053834,0.05,5.749458864556799e-12,0.1,0.0,0.0,-1.361713941605559e-12,3.026030981345684e-12,3.0260309813456844e-11
11.7560273,0.05,5.656548466567987,0.09999999626573697,20.770679803799126,20.770679803799126,0.010385339901917812,2.9771307718778868,20.770679803799126
11.0590744,0.05,-4.6425412847383994e-12,2.0,0.0,0.0,-2.5656149205133263e-12,-2.443442781441263e-12,0.0
13.0641421,0.05,0.0,2.0,5.809681624668883e-9,5.809681624668883e-9,-0.0,0.0,0.0
