Time,Probability,RiskPremium,T0,T1,T2,Z,Expected,CVaR
12.4840087,0.05,10.677455845992906,0.09999999999999076,30.015207784347666,30.015207784347666,4.243895687837207,3.813377087854606,30.01520779086553
10.0146896,0.05,17.907091452900254,0.1,54.20485840112271,54.20485840112271,6.730754789032968,6.395389804607247,54.20485839720774
9.9768974,0.05,10.104115384233033,0.09999999999999076,27.26675445643442,27.26675445643442,4.129688564934813,3.608612637226088,27.266754457947435
15.6677413,0.05,10.198476843154685,0.09999999999999432,27.269950943434555,27.269950943434555,4.193399906742091,3.642313158269528,27.269950939700298
11.8514667,0.05,13.504447137022817,0.1,35.04411237426644,35.04411237426644,5.659320748771887,4.823016834651009,35.04411237065015
12.1944642,0.05,22.28807329050871,0.09999999999998721,59.509558710272685,59.509558710272685,9.173093862329189,7.960026175181677,59.50955870516016
