Time,Probability,RiskPremium,T0,T1,T2,Z,Expected,CVaR
41.1335959,0.1,7.646350584478838,0.09999999999999609,14.833684770059824,14.833684770059824,0.3791686223240858,4.024395044462542,14.833684770103277
58.0980874,0.1,14.569927072707108,0.1,28.84568337558981,28.84568337558981,0.5483541911235035,7.668382669845859,28.845683375638266
13.8249062,0.1,7.530505445729864,0.1,14.402889038012308,14.402889038012308,0.43524199070862907,3.963423918805225,14.402889039525316
24.566802,0.1,7.498199296254588,0.1,14.373900085405703,14.373900085405703,0.4235347930654074,3.946420682239225,14.373900085405703
33.8934967,0.1,14.755513513034106,0.1,28.78389659557591,28.78389659557591,0.6841027137698584,7.766059743702199,28.78389659557591
11.1363622,0.1,24.479355822447026,0.1,48.43744210259184,48.43744210259184,0.9294131518206208,12.883871485498418,48.43744210259184
