Time,Probability,RiskPremium,T0,T1,T2,Z,Expected,CVaR
21.6160533,0.05,10.452346772730685,0.1,63.178093761888086,109.79111751075692,4.090048737155486,4.544498596839426,22.722492984197146
12.7072039,0.05,15.96216740801135,0.1,63.6545343968845,119.67234110440711,6.2460655074827,6.940072786091891,34.700363930459446
12.3408752,0.05,9.092297768631118,0.1,36.7901540834119,61.68383187206887,3.5578556485947828,3.953172942883093,19.765864714415475
12.1856579,0.05,9.09708155295477,0.1,36.81050410629964,58.05967081709798,3.5597275641996937,3.9552528491107646,19.77626424555384
10.3595217,0.05,11.839804172878397,0.1,38.12149808320086,75.85949867597273,4.632966850256763,5.147740944729735,25.738704723648695
11.9944432,0.05,19.47018320923161,0.1,63.6264681009708,121.67854271248154,7.618767342742803,8.465297047492005,42.32648523746003
