Time,Probability,RiskPremium,T0,T1,T2,Z,Expected,CVaR
23.0092537,0.25,35.57125183381,0.1,63.17809376188807,156.54192510569595,17.074268169670226,15.46576166687393,45.77798163953224
26.3665865,0.25,67.94347661581133,0.1,63.6545343968845,159.2186616820817,33.69238022090906,29.540642006874442,76.6451858871527
21.4408953,0.25,27.919905786757884,0.1,36.7901540834119,70.95489073513308,13.749755611186634,12.139089472503418,32.44969650318193
22.62698,0.25,27.925151889198364,0.1,36.81050410629964,70.14192940826788,13.77397543162611,12.14137038660799,32.23943109625061
22.0305116,0.25,48.389569057984936,0.1,38.121498083200855,91.54684087940345,24.035605889151295,21.038943068689104,54.18914407013498
20.2858559,0.25,84.68691372010194,0.1,63.62646810097078,169.065317266968,42.11166993411456,36.820397269609536,94.36886243338787
