Time,Probability,RiskPremium,T0,T1,T2,Z,Expected,CVaR
13.8573837,0.1,20.81684412010748,0.1,63.178093761888086,109.79111751075695,4.358565390943302,7.7099422667064745,32.70518930229992
14.1560175,0.1,34.51967143440395,0.1,63.6545343968845,159.2186616820817,7.239202019645324,12.785063494223687,54.200508981466314
12.0131081,0.1,17.541878334010793,0.1,36.7901540834119,61.683831872068886,3.964298843280774,6.496991975559554,26.727242018903787
14.8095454,0.1,17.547819969058878,0.1,36.81050410629964,58.73116960119909,3.935481087419409,6.499192581132909,26.82246772543737
11.9534395,0.1,25.717209383262055,0.1,38.121498083200855,75.85949867597274,6.38888346860045,9.524892364171135,37.5347025084296
21.2872447,0.1,42.56934763212347,0.1,63.62646810097078,121.6785427124816,10.333325666492492,15.766425048934627,62.82241623949559
