Time,Probability,RiskPremium,T0,T1,T2,Z,Expected,CVaR
17.3819501,0.15,29.052143668600763,0.1,63.178093761888086,109.79111751075698,14.879593120999958,10.375765595928852,48.34361511264845
14.2202492,0.15,51.92663165079002,0.1,63.6545343968845,159.2186616820817,27.66745213935862,18.54522558956784,75.68476480820352
15.4651123,0.15,23.878718367790107,0.1,36.7901540834119,61.68383187206888,12.717847404805587,8.528113702782191,34.85568630480569
18.3299606,0.15,23.885114753140368,0.1,36.81050410629964,59.60930820403673,12.790383030925426,8.530398126121549,34.17373408705541
16.9689235,0.15,38.06227737480859,0.1,38.121498083200855,91.54684087940345,20.66209080291452,13.59367049100308,51.658831299913444
12.5415276,0.15,64.13574628826684,0.1,63.62646810097078,169.06531726696798,34.218107924772426,22.905623674380998,93.02577056551507
