Time,Probability,RiskPremium,T0,T1,T2,Z,Expected,CVaR
25.1803616,0.2,35.358713839671864,0.1,63.17809376188807,156.54192510569598,18.862988040076097,13.095819940619208,47.094878530384605
33.4243657,0.2,65.30849435930112,0.1,63.6545343968845,159.2186616820817,35.94754228541684,24.188331244185548,75.91453954117243
22.8539819,0.2,28.071097167534447,0.1,36.7901540834119,70.95489073513308,15.353787095725222,10.396702654642404,33.602776826310794
36.3305474,0.2,28.077021793839272,0.1,36.81050410629964,70.1419294082679,15.401265285305168,10.3988969606812,33.16749243921033
17.1782506,0.2,46.93826399894163,0.1,38.121498083200855,91.54684087940345,26.01468334537022,17.384542221830234,52.774926539242415
11.0673517,0.2,80.80561621427013,0.1,63.62646810097078,169.065317266968,44.49782061187742,29.92800600528522,93.7259019763601
