Time,Probability,RiskPremium,T0,T1,T2,Z,Expected,CVaR
14.990534,0.15,22.82668431104349,0.1,63.178093761888086,109.79111751075698,9.714831548667654,10.375765595928852,37.736637260398794
16.607367,0.15,40.79949629704927,0.1,63.6545343968845,159.2186616820817,17.854392388586334,18.54522558956784,62.54400877851889
15.7747111,0.15,18.761850146120807,0.1,36.7901540834119,61.68383187206888,8.223390026960017,8.528113702782191,28.631577866568378
14.5705096,0.15,18.766875877467445,0.1,36.81050410629964,59.60930820403673,8.237471665992064,8.530398126121549,28.520458979659754
15.0934748,0.15,29.906075080206772,0.1,38.121498083200855,91.54684087940345,13.496606171423794,13.59367049100308,41.75165466880207
12.6937374,0.15,50.3923720836382,0.1,63.62646810097078,169.06531726696798,22.468186439084693,22.905623674380998,73.09124337610605
