Time,Probability,RiskPremium,T0,T1,T2,Z,Expected,CVaR
10.9797529,0.05,11.361246492098571,0.1,63.178093761888086,109.79111751075692,1.666316152174452,4.544498596839426,30.29665731226287
14.1900531,0.05,17.35018196522973,0.1,63.6545343968845,119.67234110440711,2.544693354900361,6.940072786091891,46.267151907279256
11.1803241,0.05,9.882932357207741,0.1,36.7901540834119,61.68383187206887,1.4494967457238035,3.953172942883093,26.35448628588731
12.5301029,0.05,9.888132122776918,0.1,36.81050410629964,58.05967081709798,1.450259378007281,3.9552528491107646,26.3683523274051
12.6820243,0.05,12.869352361824347,0.1,38.12149808320086,75.85949867597273,1.8875050130675792,5.147740944729735,34.31827296486488
12.1367845,0.05,21.16324261873002,0.1,63.6264681009708,121.67854271248154,3.103942250747072,8.465297047492005,56.4353136499467
