Time,Probability,RiskPremium,T0,T1,T2,Z,Expected,CVaR
7.0536349,0.15,19.713954632264816,0.1,63.178093761888086,109.79111751075698,4.608336205179849,10.375765595928852,41.90811780363635
6.6745612,0.15,35.23592862017892,0.1,63.6545343968845,159.2186616820817,9.378736665529638,18.54522558956784,67.29166802344398
5.1262417,0.15,16.20341603528616,0.1,36.7901540834119,61.68383187206888,4.247100011011626,8.528113702782191,31.38279584606454
6.1639971,0.15,16.207756439630987,0.1,36.81050410629964,59.60930820403673,4.289346489079262,8.530398126121549,31.11714362232266
5.4733833,0.15,25.827973932905817,0.1,38.121498083200855,91.54684087940345,7.430411854863307,13.59367049100308,45.61961440459937
4.9582433,0.15,43.52068498132394,0.1,63.62646810097078,169.06531726696798,11.929351776732574,22.905623674380998,80.81035387578319
