Time,Probability,RiskPremium,T0,T1,T2,Z,Expected,CVaR
23.1331397,0.25,24.16719331173218,0.1,29.0622575457471,29.0622575457471,8.687864477889825,12.083596655866089,29.0622575457471
24.4099433,0.25,49.772773319826854,0.1,53.70344867446606,53.70344867446606,19.122974257002674,24.886386659913413,53.70344867446606
20.7874289,0.25,21.41136871089489,0.09999999999999432,25.405964924541784,25.405964924541784,7.765628241858934,10.705684355447445,25.405964923390435
39.5422847,0.25,21.516302250569538,0.09999999999999432,25.43652570671404,25.436525709081753,7.822476209459856,10.758151125284767,25.43652570440946
19.4306737,0.25,35.47516116075592,0.1,37.98344745853257,37.98344745853257,13.688407204746962,17.73758058037796,37.98344745853257
16.4574181,0.25,60.81354444286824,0.1,62.835361238828604,62.835361238828604,23.921054417955283,30.4067722214341,62.835361238828604
