Time,Probability,RiskPremium,T0,T1,T2,Z,Expected,CVaR
85.9505069,0.15,8.554571038257263,0.1,14.25555154877172,14.25555154877172,0.9807279768812389,5.3466068989107525,14.255551548771736
43.9611008,0.15,17.632626072851824,0.09999999999999076,29.496318548412695,29.496318548412695,1.993252963783362,11.020391295532255,29.49631854967691
9.4583589,0.15,8.756726356943169,0.1,14.066715978358461,14.06671597835846,1.135331882536452,5.472953973089474,14.066715978358465
15.9202123,0.15,8.80644596981465,0.1,14.105467882130768,14.105467882130768,1.1520574501885572,5.50402873113414,14.105467885101948
40.3829219,0.15,17.144651709571306,0.1,27.798130740103417,27.798130740103417,2.158563534915793,10.715407318482077,27.798130743176205
65.9056296,0.15,28.469590897701533,0.1,47.825156626321345,47.825156626321345,3.168181007823661,17.793494311063384,47.825156626321345
