Time,Probability,RiskPremium,T0,T1,T2,Z,Expected,CVaR
7.9327398,0.25,26.291794833685675,0.1,63.17809376188807,156.54192510569595,7.218862235503753,15.46576166687393,51.53747097995397
9.7982121,0.25,50.21909141168663,0.1,63.6545343968845,159.2186616820817,15.167430088849668,29.540642006874442,84.65083516649952
8.7661959,0.25,20.636452103255806,0.1,36.7901540834119,70.95489073513308,6.218873764037086,12.139089472503418,34.92397813965663
8.0490932,0.25,20.640329657233583,0.1,36.81050410629964,70.14192940826788,6.251218671505374,12.14137038660799,34.61877637781018
8.2008106,0.25,35.766203216771494,0.1,38.121498083200855,91.54684087940345,10.932439842607394,21.038943068689104,58.9871461234396
7.5466124,0.25,62.59467535833624,0.1,63.62646810097078,169.065317266968,19.068017533565186,36.820397269609536,103.88300282122408
