Time,Probability,RiskPremium,T0,T1,T2,Z,Expected,CVaR
16.717962,0.05,7.891361889191633,0.09999999999999432,21.493009316312072,21.493009316312072,0.24175516898977853,3.0351391881506347,21.493009316355526
11.0986064,0.05,11.63854896736982,0.1,31.689093676241164,31.689093676241164,0.3590018086371918,4.47636498744993,31.68909367258066
16.3237615,0.05,7.908186227925439,0.09999999999999432,21.331601772777187,21.331601772777187,0.29407821898342035,3.0416100876636176,21.331601772777187
34.9054639,0.05,7.98522064336167,0.1,21.446604319679924,21.446604319679924,0.32014053263631,3.071238708985244,21.446604315945663
18.7110452,0.05,11.420655322006517,0.1,30.797450210705765,30.797450210705765,0.42687296490510807,4.392559739233286,30.797450210705765
11.0912133,0.05,18.443823821757096,0.1,49.9726287668929,49.9726287668929,0.6303328356593655,7.093778392983514,49.97262876544048
