Time,Probability,RiskPremium,T0,T1,T2,Z,Expected,CVaR
23.1171844,0.05,9.997896913046745,0.1,63.178093761888086,109.79111751075695,2.3170271211366886,4.544498596839427,35.90821054754571
13.8405177,0.05,15.268160129402172,0.1,63.6545343968845,119.67234110440717,3.454950264784679,6.940072786091891,55.67144357134789
12.4855991,0.05,8.69698047434281,0.1,36.7901540834119,61.68383187206889,2.144584922366328,3.953172942883093,29.94539903381694
12.3231508,0.05,8.70155626804369,0.1,36.81050410629964,58.059670817097995,2.1667425785961063,3.9552528491107646,29.750861252478924
11.7515541,0.05,11.32503007840542,0.1,38.121498083200855,75.85949867597274,2.902847592977535,5.147740944729735,37.89215635171121
11.4813537,0.05,18.62365350448243,0.1,63.6264681009708,121.6785427124816,4.689446727909354,8.465297047492005,63.154394338302694
