Time,Probability,RiskPremium,T0,T1,T2,Z,Expected,CVaR
24.0410662,0.2,31.429967857486098,0.1,63.17809376188807,156.54192510569598,14.934242057890355,13.095819940619208,47.094878530384605
32.9401095,0.2,58.051994986045436,0.1,63.6545343968845,159.2186616820817,28.691042912161176,24.188331244185548,75.91453954117243
18.5929016,0.2,24.952086371141746,0.1,36.7901540834119,70.95489073513308,12.234776299332522,10.396702654642404,33.602776826310794
26.9655152,0.2,24.9573527056349,0.1,36.81050410629964,70.1419294082679,12.281596197100797,10.3988969606812,33.16749243921033
17.2579847,0.2,41.722901332392496,0.1,38.121498083200855,91.54684087940345,20.799320678821097,17.384542221830234,52.774926539242415
14.8343492,0.2,71.82721441268458,0.1,63.62646810097078,169.065317266968,35.519418810291874,29.92800600528522,93.7259019763601
