Time,Probability,RiskPremium,T0,T1,T2,Z,Expected,CVaR
18.3982459,0.15,15.394678452857264,0.09999999999999076,30.16932646503203,30.16932646503203,4.680406579273656,8.552599140476254,30.169326471549923
16.2363594,0.15,29.153681254540015,0.09999999999999076,52.33140063169799,52.33140063169799,9.343700563973874,16.196489585855524,52.33140063296207
13.3637862,0.15,13.66756755551754,0.1,25.549878727071114,25.549878727071114,4.278795905051675,7.593093086398583,25.549878727071114
19.4597235,0.15,13.889874959463203,0.09999999999999609,26.06910177035514,26.06910177035514,4.338027302101893,7.7165971997017095,26.0691017762975
16.9092238,0.15,21.464238885536886,0.1,34.97069271377454,34.97069271377454,7.235050171390969,11.924577158631674,34.97069271377454
16.251147,0.15,35.12355748703113,0.1,59.17013396520587,59.17013396520587,11.64476534761216,19.51308749279504,59.1701339590339
