Time,Probability,RiskPremium,T0,T1,T2,Z,Expected,CVaR
19.1177641,0.1,12.172863103196592,0.1,23.761486402575116,23.761486402575116,2.7832846392078614,5.796601477712664,23.76148640909298
29.2913729,0.1,23.256029372507548,0.09999999999999076,48.440355912203614,48.440355912203614,4.708518428858766,11.074299701194029,48.4403559134677
19.4197117,0.1,10.924285793270307,0.09999999999999609,20.55383749929364,20.55383749929364,2.651885610260986,5.202040853938253,20.55383749929364
9.93057,0.1,10.958043343162489,0.09999999999999609,20.739385668752078,20.739385668752078,2.635673506277991,5.218115877696423,20.73938567363674
11.6000981,0.1,16.906264940220893,0.09999999999999076,30.337772945255487,30.337772945255487,4.3982284699138265,8.05060235248621,30.337772941590323
14.7331582,0.1,27.348535506183588,0.09999999999998721,49.18986045906986,49.18986045906986,7.09207369889023,13.023112145801589,49.18986045326018
