Time,Probability,RiskPremium,T0,T1,T2,Z,Expected,CVaR
19.0327126,0.1,14.770515692450077,0.1,24.50499390753682,24.50499390753682,4.213112506201399,5.908206276980056,24.504993914054683
38.1260935,0.1,27.726113869356862,0.1,48.550564605025585,48.55056460502556,7.270638557293475,11.090445547742716,48.550564605025585
38.1377232,0.1,13.24101530169287,0.09999999999999609,21.19601497871591,21.19601497871591,3.9697069665060134,5.296406120677152,21.196014978715905
10.0488889,0.1,13.328123135009722,0.1,21.505283745913736,21.505283745913736,3.9533652568072273,5.331249254003854,21.505283750798398
26.6715863,0.1,20.2688464430317,0.1,30.723463252414255,30.723463252414255,6.507326697043753,8.107538577212695,30.72346325231373
9.9429697,0.1,32.9126929733829,0.09999999999998721,50.16639407030975,50.16639407030975,10.49728656524295,13.165077189353209,50.16639406450007
