Time,Probability,RiskPremium,T0,T1,T2,Z,Expected,CVaR
6.0861025,0.05,8.634547333994913,0.1,63.178093761888086,109.79111751075692,0.454449859683943,4.544498596839426,22.722492984197146
5.1178522,0.05,13.1861382935746,0.1,63.6545343968845,119.67234110440711,0.6940072786091913,6.940072786091891,34.700363930459446
5.1974959,0.05,7.511028591477883,0.1,36.7901540834119,61.68383187206887,0.395317294288308,3.953172942883093,19.765864714415475
5.2309584,0.05,7.514980413310466,0.1,36.81050410629964,58.05967081709798,0.39552528491108097,3.9552528491107646,19.77626424555384
4.742015,0.05,9.7807077949865,0.1,38.12149808320086,75.85949867597273,0.514774094472974,5.147740944729735,25.738704723648695
5.0937841,0.05,16.084064390234825,0.1,63.6264681009708,121.67854271248154,0.8465297047492082,8.465297047492005,42.32648523746003
