Time,Probability,RiskPremium,T0,T1,T2,Z,Expected,CVaR
13.0070254,0.05,1.8771452232613224e-10,2.0,6.51786535854626e-9,0.0,-6.462348535570529e-26,1.0428584573674016e-10,5.214292286837008e-10
10.2392952,0.05,-1.221472672341406e-10,2.0,0.0,0.0,-6.785959290785591e-11,-6.785959290785588e-11,0.0
14.1819772,0.05,5.8099807631606375e-11,0.1,0.0,0.0,-1.9387045606711586e-26,3.227767090644799e-11,1.6138835453223995e-10
17.2770256,0.05,-8.065995018569082e-11,2.0,0.0,0.0,-4.481108343649491e-11,-4.4811083436494915e-11,0.0
17.4124273,0.05,-9.67603682511253e-11,2.0,0.0,0.0,-5.375576013951405e-11,-5.375576013951408e-11,0.0
12.1194739,0.05,12.137949402589774,2.0,47.48806496084168,47.488064960841655,-3.5083047578154947e-14,6.743305223661014,33.716526118305076
