Time,Probability,RiskPremium,T0,T1,T2,Z,Expected,CVaR
26.5532924,0.1,12.91282845509515,0.09999999999999609,26.31175203056182,26.31175203056182,3.7394446091628546,6.148965930997728,26.31175203056182
28.2198864,0.1,23.3442375331601,0.1,48.75128089024698,48.75128089024698,6.582687350297277,11.11630358721906,48.751280891511065
20.9621262,0.1,11.624337968743301,0.1,23.02683277286778,23.02683277286778,3.4652238747614925,5.535399032734917,23.026832774380786
15.6235327,0.1,11.855126902106466,0.09999999999999609,23.91228749983886,23.91228749983886,3.4697800309691123,5.64529852481258,23.912287500311045
11.89451,0.1,17.56880089517359,0.09999999999999076,32.68675932081587,32.68675932081587,5.5546056828878765,8.366095664368386,32.6867593171507
14.2951575,0.1,28.165663601112538,0.1,52.055759769396175,52.055759769396175,8.95691198763377,13.412220762434492,52.055759769396175
