Time,Probability,RiskPremium,T0,T1,T2,Z,Expected,CVaR
16.8509586,0.1,7.800340005905259,0.1,14.341348289219775,14.341348289219775,0.24575760047789308,3.9001700029526294,14.34134829573764
22.1235386,0.1,15.181525638538817,0.1,28.54311825390748,28.54311825390748,0.25743841670366374,7.5907628192694085,28.543118255171564
15.7732463,0.1,7.890752841023434,0.09999999999999609,14.331739551722343,14.331739551722343,0.3101493240584329,3.945376420511717,14.331739553235352
15.2686146,0.1,7.866784302058804,0.09999999999999609,14.322510319850448,14.322510319850448,0.29720079023241947,3.9333921510293997,14.32251032473511
31.0577199,0.1,15.397622702214315,0.1,28.5219254925604,28.5219254925604,0.41072140191919415,7.698811351107157,28.521925491644108
20.9527644,0.1,25.76109229733979,0.1,48.42435918878445,48.42435918878445,0.4402115851381021,12.880546148669895,48.42435918733203
