Time,Probability,RiskPremium,T0,T1,T2,Z,Expected,CVaR
14.6093307,0.1,21.587838346778113,0.1,63.178093761888086,109.79111751075695,10.479530334070425,7.7099422667064745,41.693599726718645
13.0172342,0.1,35.79817778382633,0.1,63.6545343968845,159.2186616820817,17.750157949526223,12.785063494223687,65.414626894988
12.8487901,0.1,18.191577531566743,0.1,36.7901540834119,61.683831872068886,9.097621888232725,6.496991975559554,32.46662865330432
27.9490889,0.1,18.19773922717216,0.1,36.81050410629964,58.73116960119909,9.11552236200541,6.499192581132909,32.32943542147129
23.1050676,0.1,26.669698619679195,0.1,38.121498083200855,75.85949867597274,13.671939816016172,9.524892364171135,44.25355675909002
21.8599701,0.1,44.14599013701696,0.1,63.62646810097078,121.6785427124816,22.419764312784512,15.766425048934627,75.36443280191288
