Time,Probability,RiskPremium,T0,T1,T2,Z,Expected,CVaR
24.6115766,0.2,23.59646803839086,0.09999999999999432,28.2089779563474,28.2089779563474,8.849723101801121,10.259333929735186,28.20897795715332
19.6448118,0.2,46.46360851842785,0.09999999999999432,49.40388195562992,49.40388195562992,18.961461338728807,20.201568921055543,49.40388195562992
16.7438473,0.2,20.775721799612498,0.1,24.549605519258517,24.549605519258517,7.86362852683583,9.032922521570626,24.549605526394767
16.9410192,0.2,20.98700143066037,0.09999999999999432,24.695164817809,24.695164817809,7.969622803166751,9.124783230721846,24.695164817809
16.4499376,0.2,33.30998736610149,0.1,33.486668901646105,33.486668901646105,14.076367738700355,14.482603202652767,33.486668901646105
17.8279558,0.2,55.7970206055646,0.1,56.05931903558977,56.05931903558977,23.587510214417883,24.259574176332627,56.05931903558977
