Time,Probability,RiskPremium,T0,T1,T2,Z,Expected,CVaR
12.610959,0.05,10.906796632414629,0.1,63.178093761888086,109.79111751075692,3.7870821640328565,4.544498596839426,30.29665731226287
10.8910423,0.05,16.65617468662054,0.1,63.6545343968845,119.67234110440711,5.783393988409916,6.940072786091891,46.267151907279256
13.6516137,0.05,9.487615062919431,0.1,36.7901540834119,61.68383187206887,3.294310785735913,3.953172942883093,26.35448628588731
11.3376421,0.05,9.49260683786584,0.1,36.81050410629964,58.05967081709798,3.2960440409256346,3.9552528491107646,26.3683523274051
26.1146201,0.05,12.354578267351366,0.1,38.12149808320086,75.85949867597273,4.28978412060811,5.147740944729735,34.31827296486488
12.4934115,0.05,20.31671291398082,0.1,63.6264681009708,121.67854271248154,7.054414206243343,8.465297047492005,56.4353136499467
