Time,Probability,RiskPremium,T0,T1,T2,Z,Expected,CVaR
34.8005441,0.25,22.362421553916935,0.09999999999999787,24.62849670572856,24.62849670572856,6.474660701606938,11.181210776958467,24.62849670653447
67.5234731,0.25,47.54201505083838,0.1,48.00550962322977,48.00550962322973,15.28893179118549,23.771007525419172,48.00550962322978
34.4002046,0.25,18.522299092054258,0.09999999999999609,18.857653469645967,18.857653469645967,5.902373172861275,9.261149546027127,18.85765346935813
16.7256759,0.25,18.774104254803706,0.1,19.342528284414534,19.342528284414534,5.902635472447407,9.387052127401853,19.342528284414534
55.84801,0.25,31.98358512740184,0.1,29.6335089906022,29.6335089906022,11.21719181428561,15.99179256370092,29.63350899060222
63.8570713,0.25,55.154154270634045,0.10000000000002768,48.773603009782605,48.773603009782605,20.15829308141419,27.577077135316994,48.77360300361066
