Time,Probability,RiskPremium,T0,T1,T2,Z,Expected,CVaR
8.7927211,0.05,-7.386914073019094e-12,2.0,0.0,-3.1845320252129264e-9,-3.9107286890309e-12,-4.3452435723641734e-12,4.736951571734002e-17
4.7412577,0.05,4.436981744978159e-12,2.0,3.91497678720043e-9,3.91497678720043e-9,2.348980861673528e-12,2.6099892617518586e-12,4.736951571734002e-17
5.0880184,0.05,1.5432770084089496e-11,0.1,0.0,0.0,-9.078123734222331e-13,9.07810004946441e-12,4.539051208970098e-11
4.8838392,0.05,4.232166380309839e-12,2.0,3.7342573477872065e-9,3.7342573477872065e-9,2.2405539349771666e-12,2.4895096354763763e-12,2.368475785867001e-17
5.9705826,0.05,4.153820517179458e-12,2.0,3.6651641721618944e-9,3.6651641721618944e-9,2.1990767133199057e-12,2.4434238336349755e-12,2.368475785867001e-17
4.9879471,0.05,2.4158453015843405e-17,2.0,5.809681624668883e-9,5.809681624668883e-9,-1.089498861498821e-17,1.4210854715202004e-17,1.1842378929335005e-16
