Time,Probability,RiskPremium,T0,T1,T2,Z,Expected,CVaR
16.4019042,0.2,18.017413262260067,0.1,20.679352191923687,20.679352191923687,4.597840024844897,8.579720601076144,20.679352191923687
14.187347,0.2,41.477085113667066,0.1,47.1939715697678,47.19397157103188,10.748900738492306,19.75099291126998,47.19397157103188
39.1895896,0.2,14.74682609395002,0.09999999999999609,15.150860697245164,15.150860697245164,4.4731029282117065,7.02229813997622,15.150860704381415
7.6584913,0.2,14.784885275133139,0.09999999999999609,14.946166622979487,14.946166617659014,4.582165690189083,7.040421559587186,14.946166622979487
16.3470786,0.2,28.526705060776894,0.1,28.876409886131484,28.876409886131484,8.82565394610246,13.584145267036643,28.876409886131484
14.5899476,0.2,48.02587132140303,0.1,48.512927388964236,48.512927388964236,14.89902284788539,22.869462534001386,48.51292738279229
