Time,Probability,RiskPremium,T0,T1,T2,Z,Expected,CVaR
11.9283297,0.05,11.361246492098571,0.1,63.178093761888086,109.79111751075692,0.37870821640328933,4.544498596839426,30.29665731226287
11.6126528,0.05,17.35018196522973,0.1,63.6545343968845,119.67234110440711,0.5783393988409942,6.940072786091891,46.267151907279256
10.3025381,0.05,9.882932357207741,0.1,36.7901540834119,61.68383187206887,0.3294310785735921,3.953172942883093,26.35448628588731
14.5834858,0.05,9.888132122776918,0.1,36.81050410629964,58.05967081709798,0.3296044040925654,3.9552528491107646,26.3683523274051
43.8649721,0.05,12.869352361824347,0.1,38.12149808320086,75.85949867597273,0.42897841206081666,5.147740944729735,34.31827296486488
22.18552,0.05,21.16324261873002,0.1,63.6264681009708,121.67854271248154,0.7054414206243393,8.465297047492005,56.4353136499467
