Time,Probability,RiskPremium,T0,T1,T2,Z,Expected,CVaR
13.0705217,0.1,0.0,2.0,0.0,0.0,-0.0,0.0,0.0
12.8809418,0.1,0.0,2.0,0.0,0.0,-0.0,0.0,0.0
11.9031291,0.1,0.0,2.0,0.0,0.0,-0.0,0.0,0.0
11.7853513,0.1,0.0,2.0,0.0,0.0,-0.0,0.0,0.0
10.0934949,0.1,0.0,2.0,0.0,0.0,-0.0,0.0,0.0
10.9134769,0.1,0.0,2.0,0.0,0.0,-0.0,0.0,0.0
