Time,Probability,RiskPremium,T0,T1,T2,Z,Expected,CVaR
27.5935683,0.25,30.312544069565558,0.09999999999999609,26.74252728430627,26.74252728430627,12.620330677928736,11.658670795986659,26.742527285112182
15.1634191,0.25,62.9676585157094,0.0999999999999801,50.033626844529174,50.033626844529174,28.423209658887817,24.218330198349687,50.033626844529174
15.1186727,0.25,27.209451929206015,0.09999999999999609,24.080279006020376,24.080279006020376,11.298236035903098,10.465173818925381,24.080279004869027
35.8323641,0.25,27.39897474593692,0.1,24.222915215456837,24.222915215456837,11.386968334715915,10.538067209975695,24.22291521308912
21.7505035,0.25,44.737105528923685,0.09999999999999076,35.02804043343514,35.02804043343514,20.401941924572863,17.206579049586086,35.02804043649772
18.1689,0.25,75.62968764130673,0.1,55.70858308785318,55.70858308785318,35.893249565863684,29.08834140050245,55.70858308785318
