Time,Probability,RiskPremium,T0,T1,T2,Z,Expected,CVaR
21.3664029,0.25,20.370210527931448,0.09999999999999609,28.470077812925794,28.470077809702147,5.914593592026831,11.982476781136151,28.470077812925794
9.0130564,0.25,41.97375421484018,0.1,52.55912381941123,52.55912381941123,13.103008534318667,24.69044365578836,52.55912382067531
9.1691377,0.25,18.077803299730267,0.09999999999999787,24.986446081982315,24.986446081982315,5.290934737739738,10.634001941017823,24.98644608083608
7.931239,0.25,18.17552297959697,0.09999999999999787,25.044989163621366,25.044989163621366,5.331013115610432,10.691484105645245,25.044989161253653
6.7644035,0.25,29.884166246158493,0.1,37.06887821730653,37.06887821730653,9.381751390483268,17.57892132126967,37.06887821730653
5.3439115,0.25,51.29761585831395,0.1,61.494405681605606,61.494405681605606,16.424647076916024,30.17506815194951,61.494405681605606
