Time,Probability,RiskPremium,T0,T1,T2,Z,Expected,CVaR
15.6489071,0.15,23.86426087063637,0.1,63.178093761888086,109.79111751075698,5.280233775366535,10.375765595928852,37.736637260398794
18.6629529,0.15,42.65401885600606,0.1,63.6545343968845,159.2186616820817,10.909158309752907,18.54522558956784,62.54400877851889
17.6100533,0.15,19.614661516399025,0.1,36.7901540834119,61.68383187206888,5.055508564480984,8.528113702782191,28.631577866568378
14.7130676,0.15,19.619915690079598,0.1,36.81050410629964,59.60930820403673,5.092499307896582,8.530398126121549,28.520458979659754
16.4303524,0.15,31.26544212930706,0.1,38.121498083200855,91.54684087940345,9.224376384964286,13.59367049100308,41.75165466880207
14.2895607,0.15,52.68293445107631,0.1,63.62646810097078,169.06531726696798,14.721624866177795,22.905623674380998,73.09124337610605
