Time,Probability,RiskPremium,T0,T1,T2,Z,Expected,CVaR
20.4756311,0.2,30.036491167203213,0.1,35.040918090280954,35.040918090280954,14.1286064625683,11.124626358223473,35.040918090280954
17.3831806,0.2,57.720586091035074,0.1,58.25692620128486,58.25692620128486,28.966804971700075,21.377994848531554,58.25692620254895
18.6757614,0.2,25.438794518122236,0.09999999999999432,27.408539157884746,27.408539157884746,12.419666088269157,9.421775747452656,27.408539159454723
19.7494416,0.2,25.636434031219554,0.09999999999999432,27.425247981756804,27.425247981756804,12.555403980109478,9.494975567118297,27.425247987077277
17.1610276,0.2,44.23853610777607,0.1,38.121498083200855,50.00015756682758,21.13079019210646,16.38464300288008,50.00015756682758
16.6795998,0.2,78.19554344965702,0.1,63.62646810097078,94.69681401521272,36.08713073560493,28.961312388761794,94.69681401521272
