Time,Probability,RiskPremium,T0,T1,T2,Z,Expected,CVaR
31.0672989,0.2,21.106818916427777,0.1,30.224089257673935,30.224089257673935,7.6028074882948635,10.553409458213888,30.224089257673935
18.2953303,0.2,41.823401721104766,0.1,54.223161757336854,54.223161757336854,15.914981726034751,20.91170086055237,54.223161757336854
23.2414952,0.2,18.58493024842986,0.1,26.294067884362295,26.294067884362295,6.742224710192813,9.292465124214925,26.294067884362295
18.1456516,0.2,18.725332569430527,0.09999999999999609,26.32180967068591,26.32180967068591,6.818794776016252,9.362666284715253,26.321809676041852
22.6777659,0.2,29.66162069193534,0.1,35.8433202662464,35.8433202662464,11.678933857466392,14.830810345967667,35.84332026930898
12.6568243,0.2,50.41467429203229,0.09999999999998721,62.51035981909025,62.510359825262185,19.611883744129162,25.207337146016105,62.510359825262185
