Time,Probability,RiskPremium,T0,T1,T2,Z,Expected,CVaR
85.857811,0.25,14.760292373965816,0.1,18.11568288713889,18.11568288713889,2.867959593247048,9.22518273372853,18.11568289036254
85.8259098,0.25,37.364128715990034,0.1,46.579172731020016,46.579172731020016,7.043570583343417,23.352580447493793,46.57917273133604
14.0126132,0.25,12.649024450746447,0.1,14.12801923095381,14.12801923095381,2.8766704842587956,7.905640281716354,14.12801923095381
44.3633741,0.25,12.681349522713509,0.09999999818783674,14.230580271865023,14.230580271865023,2.864085025144457,7.925843451695973,14.230580271273094
35.7588092,0.25,24.77059424570093,0.09999999999999076,27.948737357558393,27.948737357558393,5.548838055709597,15.481621403563057,27.94873735832404
59.7749531,0.25,43.659183100474635,0.1,47.81975713852022,47.81975713852022,10.21236335431231,27.286989437796866,47.81975713234827
