Time,Probability,RiskPremium,T0,T1,T2,Z,Expected,CVaR
14.635361,0.1,20.81684412010748,0.1,63.178093761888086,109.79111751075695,10.607377149841664,7.7099422667064745,32.70518930229992
26.0459767,0.1,34.51967143440395,0.1,63.6545343968845,159.2186616820817,17.59306339145602,12.785063494223687,54.200508981466314
12.8760402,0.1,17.541878334010793,0.1,36.7901540834119,61.683831872068886,9.02186135411683,6.496991975559554,26.727242018903787
14.2063802,0.1,17.547819969058878,0.1,36.81050410629964,58.73116960119909,9.016299873495521,6.499192581132909,26.82246772543737
12.4409794,0.1,25.717209383262055,0.1,38.121498083200855,75.85949867597274,13.391336004665076,9.524892364171135,37.5347025084296
16.9479721,0.1,42.56934763212347,0.1,63.62646810097078,121.6785427124816,22.097323464132742,15.766425048934627,62.82241623949559
