Time,Probability,RiskPremium,T0,T1,T2,Z,Expected,CVaR
12.8714421,0.05,-9.559535859201181e-12,2.0,0.0,-3.1845320252129264e-9,-6.952408663588965e-12,-4.3452435723641734e-12,4.736951571734002e-17
10.745525,0.05,5.7419763758540895e-12,2.0,3.91497678720043e-9,3.91497678720043e-9,4.175963870996687e-12,2.6099892617518586e-12,4.736951571734002e-17
22.2761761,0.05,-2.2190737543799814e-12,0.1,0.0,0.0,-1.6138955061251178e-12,-1.0086698883545369e-12,5.921189464667503e-17
16.4658756,0.05,5.476921198048028e-12,2.0,3.7342573477872065e-9,3.7342573477872065e-9,3.983205942859059e-12,2.4895096354763763e-12,2.368475785867001e-17
14.582413,0.05,5.3755324339969475e-12,2.0,3.6651641721618944e-9,3.6651641721618944e-9,3.909468659912819e-12,2.4434238336349755e-12,2.368475785867001e-17
12.9524194,0.05,3.126388037344441e-17,2.0,5.809681624668883e-9,5.809681624668883e-9,-2.4632148173016818e-17,1.4210854715202004e-17,1.1842378929335005e-16
