Time,Probability,RiskPremium,T0,T1,T2,Z,Expected,CVaR
13.207499,0.05,11.815696351782517,0.1,63.178093761888086,109.79111751075692,4.695981883400744,4.544498596839426,30.29665731226287
12.3878295,0.05,18.044189243838925,0.1,63.6545343968845,119.67234110440711,7.171408545628295,6.940072786091891,46.267151907279256
12.0243184,0.05,10.278249651496049,0.1,36.7901540834119,61.68383187206887,4.084945374312531,3.953172942883093,26.35448628588731
11.2210825,0.05,10.283657407687999,0.1,36.81050410629964,58.05967081709798,4.087094610747794,3.9552528491107646,26.3683523274051
25.9595127,0.05,13.384126456297315,0.1,38.12149808320086,75.85949867597273,5.319332309554059,5.147740944729735,34.31827296486488
12.6773689,0.05,22.009772323479226,0.1,63.6264681009708,121.67854271248154,8.74747361574175,8.465297047492005,56.4353136499467
