Time,Probability,RiskPremium,T0,T1,T2,Z,Expected,CVaR
36.3038964,0.15,14.631491296385308,0.09999999999999076,26.930382945951656,26.930382945951656,3.6826185191107164,8.128606275769577,26.93038295246955
50.7372168,0.15,28.32722743823744,0.1,48.57535759816033,48.57535759816033,7.664177508234703,15.737348576798466,48.57535759816033
9.901304,0.15,12.686490920097109,0.09999999999999609,21.531929256062593,21.531929256062593,3.4658585971974185,7.048050511165066,21.531929256062593
8.5356678,0.15,12.958623549670696,0.1,22.262286486412496,22.262286486412496,3.4999305662507467,7.199235305372601,22.262286492354857
12.6258081,0.15,20.461341228380288,0.1,30.797450210705765,30.797450210705765,6.17942367226149,11.36741179354462,30.797450210705765
6.1273391,0.15,33.28065922884558,0.1,51.39012153644886,51.39012153644886,9.85627414123813,18.489255127136445,51.390121530276886
