Time,Probability,RiskPremium,T0,T1,T2,Z,Expected,CVaR
49.1504525,0.15,15.098075180593492,0.1,18.956852047775044,18.956852047775044,3.5767060535025315,6.564380513301506,18.956852047775044
37.568276,0.15,35.58374235559397,0.1,47.21159820582322,47.211598205823236,7.416387676153363,15.471192328519031,47.211598205823236
58.6073627,0.15,13.529640875234767,0.1,15.693383844489404,15.693383844489404,3.722815805172944,5.882452554449878,15.69338384347976
41.0230844,0.15,13.512116033620895,0.1,15.574826871594555,15.574826871594555,3.7572854477485143,5.87483305809601,15.574826877536916
32.7537051,0.15,25.360963967021842,0.1,28.95201665278953,28.95201665278953,7.164253662335175,11.026506072618197,28.95201665278953
47.4340708,0.15,41.39740280721183,0.1,48.57463287707926,48.57463287707926,11.168227187402536,17.99887078574427,48.57463287090729
