Time,Probability,RiskPremium,T0,T1,T2,Z,Expected,CVaR
9.0562609,0.2,27.50122187530035,0.1,63.17809376188807,156.54192510569598,11.005496075704606,13.095819940619208,47.094878530384605
8.0683357,0.2,50.79549561278972,0.1,63.6545343968845,159.2186616820817,21.43454353890547,24.188331244185548,75.91453954117243
7.5193558,0.2,21.833075574749035,0.1,36.7901540834119,70.95489073513308,9.11576550293981,10.396702654642404,33.602776826310794
7.5591139,0.2,21.83768361743051,0.1,36.81050410629964,70.1419294082679,9.161927108896407,10.3988969606812,33.16749243921033
7.3209638,0.2,36.507538665843455,0.1,38.121498083200855,91.54684087940345,15.583958012272053,17.384542221830234,52.774926539242415
6.4150648,0.2,62.84881261109902,0.1,63.62646810097078,169.065317266968,26.541017008706287,29.92800600528522,93.7259019763601
