Time,Probability,RiskPremium,T0,T1,T2,Z,Expected,CVaR
28.7616539,0.1,12.98335526103816,0.1,20.156674607774885,20.156674607774885,2.552846780447047,5.193342104415235,20.156674607774885
23.2951929,0.1,21.2504946684948,0.1,32.7850641482378,32.7850641482378,4.250593603245386,8.500197867397935,32.78506414697372
69.4025853,0.1,12.220462296994725,0.1,18.70696031642275,18.70696031642274,2.495705989028121,4.88818491879787,18.70696031642275
11.1875855,0.1,12.213524205965204,0.10000000366349227,18.77760398783817,18.77760398783817,2.465846516243486,4.885409682386085,18.777603989059337
24.0382684,0.1,19.70403976811669,0.1,29.322021345109274,29.322021345109274,4.318281957618112,7.881615907246645,29.322021345109274
21.62294,0.1,32.37559507011646,0.09999999416990457,48.74294471511379,48.74294471511379,6.89790970362977,12.95023802804664,48.742944709304105
