Time,Probability,RiskPremium,T0,T1,T2,Z,Expected,CVaR
107.1740076,0.25,12.665971683542537,0.09999999999999609,14.324102947785692,14.324102947785692,2.506984654250071,7.916232302214053,14.324102951009339
103.7082031,0.25,37.05867512678913,0.1,46.03295652010712,46.03295652010712,5.892053574493623,23.161671954243143,46.032956520107135
124.0442741,0.25,12.312645865180064,0.1,13.527567670962076,13.527567670962076,2.5759847980168993,7.695403665737491,13.527567669810733
30.0417483,0.25,12.407371651610772,0.1,13.738148750606715,13.738148748239002,2.5585248562602434,7.754607282256818,13.738148748239002
18.9702775,0.25,24.33778326151323,0.09999999999999076,27.178935961840406,27.178935961840406,4.937931223807298,15.211114538445873,27.178935964902987
97.9330255,0.25,43.407592788217634,0.1,47.36737717668441,47.36737717668441,9.194676208325067,27.129745492636047,47.36737717051246
