Time,Probability,RiskPremium,T0,T1,T2,Z,Expected,CVaR
16.7568778,0.15,24.901837430229225,0.1,63.178093761888086,109.79111751075698,11.78998466785339,10.375765595928852,37.736637260398794
16.8351376,0.15,44.50854141496288,0.1,63.6545343968845,159.2186616820817,21.563437506499945,18.54522558956784,62.54400877851889
14.955311,0.15,20.467472886677243,0.1,36.7901540834119,61.68383187206888,9.929012767516452,8.528113702782191,28.631577866568378
16.3129267,0.15,20.472955502691754,0.1,36.81050410629964,59.60930820403673,9.943551291216373,8.530398126121549,28.520458979659754
13.8798639,0.15,32.62480917840738,0.1,38.121498083200855,91.54684087940345,16.21534026962441,13.59367049100308,41.75165466880207
13.2337055,0.15,54.973496818514384,0.1,63.62646810097078,169.06531726696798,27.049311173960877,22.905623674380998,73.09124337610605
