Time,Probability,RiskPremium,T0,T1,T2,Z,Expected,CVaR
13.6159745,0.15,19.566261790106065,0.1,27.087573322115315,27.087573322115315,6.67991164853957,8.15260907921091,27.08757332863321
61.5301521,0.15,37.80366968207431,0.09999999999999076,48.66723537667492,48.66723537667492,13.823214062228535,15.751529034197596,48.667235376790345
11.5718321,0.15,17.110654937156006,0.09999999999999609,22.05895710271173,22.05895710271173,6.248835993616783,7.1294395571483395,22.05895710271173
29.6992965,0.15,17.564477736414158,0.09999999999999609,23.038038710080095,23.038038710080095,6.316068764779097,7.318532390172572,23.038038716022456
27.1923867,0.15,27.49874296520836,0.1,31.38320237860246,31.38320237860246,11.059585193164558,11.457809568836787,31.38320238166504
20.6755529,0.15,44.6103479034285,0.1,52.02450842275262,52.02450842275262,17.66348707791898,18.587644959761878,52.02450842275262
