Time,Probability,RiskPremium,T0,T1,T2,Z,Expected,CVaR
31.0833871,0.1,15.621344170688634,0.1,25.22524055517914,25.22524055517914,4.80887705957983,6.008209296418689,25.225240555179138
43.8766808,0.1,28.844217075966114,0.1,48.575129384565955,48.575129384565855,8.379987496372884,11.093929644602271,48.57512938456596
12.0797905,0.1,13.971822174899003,0.09999999999999609,21.75463247765646,21.75463247765646,4.502830735802491,5.373777759576551,21.75463247765646
13.0571434,0.1,14.153288953498253,0.1,22.314622491282766,22.314622491282766,4.491953823639578,5.4435726744223905,22.314622496167427
26.0031091,0.1,21.296604090502324,0.1,31.327320361422306,31.327320361422302,7.3215228211105075,8.191001573270137,31.327320357757127
10.2028041,0.1,34.451847345183005,0.09999999999998721,50.7881395725588,50.7881395725588,11.816779565462216,13.25071051737799,50.788139566749116
