Time,Probability,RiskPremium,T0,T1,T2,Z,Expected,CVaR
19.359081,0.2,39.287459821857674,0.1,63.17809376188807,156.54192510569598,15.99192230430883,13.095819940619208,47.094878530384605
17.8488055,0.2,72.56499373255677,0.1,63.6545343968845,159.2186616820817,32.85879999927513,24.188331244185548,75.91453954117243
19.1530005,0.2,31.19010796392723,0.1,36.7901540834119,70.95489073513308,13.831583057784322,10.396702654642404,33.602776826310794
14.9118288,0.2,31.196690882043598,0.1,36.81050410629964,70.1419294082679,13.967215277803659,10.3988969606812,33.16749243921033
17.4047604,0.2,52.1536266654907,0.1,38.121498083200855,91.54684087940345,24.151969148436873,17.384542221830234,52.774926539242415
16.8223483,0.2,89.78401801585576,0.1,63.62646810097078,169.065317266968,40.71664321924807,29.92800600528522,93.7259019763601
