Time,Probability,RiskPremium,T0,T1,T2,Z,Expected,CVaR
19.5972732,0.05,8.812100933135,0.1,24.378661687021847,24.378661687021847,1.22495292399677,3.3892695896673133,24.378661687021847
45.8936528,0.05,12.65777932855647,0.1,34.95900088753247,34.95900088361746,1.7712778199694492,4.868376664829397,34.959000883617485
20.5926667,0.05,8.504199468109139,0.1,23.18898542312519,23.18898542312519,1.2497256237633219,3.2708459492727493,23.188985424638204
13.4418612,0.05,8.612427017214086,0.1,23.39483036199371,23.394830365727966,1.2834834010571792,3.312471929697729,23.39483036199371
10.1543755,0.05,12.022941498530095,0.09999999999999432,32.657572648252845,32.657572648252845,1.7920603546801943,4.62420826866543,32.65757264458768
8.8663783,0.05,19.10221031999455,0.1,52.024508428562285,52.024508428562285,2.81970546006108,7.347003969228682,52.024508422752604
