Time,Probability,RiskPremium,T0,T1,T2,Z,Expected,CVaR
29.3254844,0.1,14.02034790073465,0.1,24.058034878616944,24.058034878616944,3.624480461286171,5.8418116253060965,24.05803488187564
36.8804537,0.1,26.579993126201998,0.09999999999999432,48.44493674242634,48.44493674242634,6.162511088650955,11.074997135917418,48.44493674245163
22.4691067,0.1,12.508652382185844,0.09999999999999609,20.618571384051297,20.618571384051297,3.4450556667399215,5.211938492577422,20.618571384051297
10.6062647,0.1,12.55945280597873,0.1,20.838297091948792,20.838297091948792,3.425049529902014,5.233105335824445,20.838297096833454
8.9740068,0.1,19.368882402369785,0.09999999999999076,30.468375362946887,30.468375362946887,5.699012811808762,8.07036766765407,30.468375359281723
10.0639794,0.1,31.34631008118081,0.09999999999998721,49.44174811282082,49.44174811282082,9.190151154058945,13.06096253382531,49.441748107011136
