Time,Probability,RiskPremium,T0,T1,T2,Z,Expected,CVaR
23.3540271,0.25,24.745218666998305,0.1,63.17809376188807,156.54192510569595,4.732624004225626,15.46576166687393,45.77798163953224
25.7031611,0.25,47.26502721099912,0.1,63.6545343968845,159.21866168208157,10.658703622082943,29.540642006874442,76.6451858871527
21.8798782,0.25,19.422543156005492,0.1,36.7901540834119,70.954890735133,4.236862628900318,12.139089472503418,32.44969650318193
21.0643628,0.25,19.42619261857276,0.1,36.81050410629964,70.14192940826788,4.270113125518384,12.14137038660799,32.23943109625061
22.5873987,0.25,33.66230890990257,0.1,38.121498083200855,91.54684087940345,7.650835690996569,21.038943068689104,54.18914407013498
17.2818941,0.25,58.91263563137533,0.1,63.62646810097078,169.065317266968,13.459968587199004,36.820397269609536,94.36886243338787
