Time,Probability,RiskPremium,T0,T1,T2,Z,Expected,CVaR
4.2517396,0.1,10.400745086059185,0.09999999999999609,26.05867546424151,26.05867546424151,2.2886007287166095,6.1180853447407,26.058675470759376
7.522162,0.1,18.893167612513974,0.09999999999999076,48.72951981495538,48.72951981495538,4.017950424361798,11.113628007361159,48.7295198152714
3.999292,0.1,9.289266125965815,0.1,22.45221971189554,22.45221971189554,2.126197382054835,5.464274191744567,22.45221971340855
6.6690988,0.1,9.443455548480916,0.1,23.16625356015936,23.16625356015936,2.1273537251347783,5.554973852047637,23.166253565032736
8.4208232,0.1,14.187337403995334,0.1,32.516914370808955,32.51691436714379,3.424702635754003,8.34549259058553,32.51691436714379
3.7438345,0.1,22.71617393767449,0.1,51.648862554741584,51.648862554741584,5.525077951071276,13.362455257455629,51.6488625489319
