Time,Probability,RiskPremium,T0,T1,T2,Z,Expected,CVaR
13.7106592,0.15,31.127296787786555,0.1,63.178093761888086,109.79111751075698,9.71520791916008,10.375765595928852,41.90811780363635
13.4480687,0.15,55.63567676870356,0.1,63.6545343968845,159.2186616820817,20.029196327279028,18.54522558956784,67.29166802344398
12.0614787,0.15,25.58434110834659,0.1,36.7901540834119,61.68383187206888,9.0570886554156,8.528113702782191,31.38279584606454
13.1102722,0.15,25.591194378364673,0.1,36.81050410629964,59.60930820403673,9.155435328572723,8.530398126121549,31.11714362232266
11.6739414,0.15,40.7810114730092,0.1,38.121498083200855,91.54684087940345,15.978260612247443,13.59367049100308,45.61961440459937
10.1262684,0.15,68.71687102314303,0.1,63.62646810097078,169.06531726696798,25.544591778271304,22.905623674380998,80.81035387578319
