Time,Probability,RiskPremium,T0,T1,T2,Z,Expected,CVaR
25.2284886,0.25,24.714430537161768,0.1,24.83479388241232,24.83479388241232,8.040213746789169,11.233832062346272,24.83479388241232
36.7788128,0.25,52.60611453798395,0.09999999999998721,48.56337324677501,48.56337324677501,18.83364309204441,23.911870244538093,48.5633732480411
18.0225722,0.25,20.805027671767498,0.1,19.627947493006275,19.627947494157624,7.279750218628333,9.45683075989427,19.627947493006275
21.1190447,0.25,21.209629347279062,0.1,20.342004359151026,20.342004359151026,7.288383236178894,9.640740612399581,20.342004359151026
20.2327991,0.25,35.41044955418866,0.1,30.042075856368673,30.042075856368673,13.736223877455505,16.095658888267423,30.042075859431254
17.0303448,0.25,60.71092300785179,0.1,48.847447667525294,48.847447667525294,24.614419484155004,27.595874094477733,48.847447667525294
