Time,Probability,RiskPremium,T0,T1,T2,Z,Expected,CVaR
25.9987119,0.25,19.0027791172288,0.1,20.53632294400439,20.53632294400439,4.787372323660134,10.001462693278407,20.53632294400439
22.1297861,0.25,44.72889577488778,0.1,47.17276708057469,47.17276708057469,11.734874487430437,23.541524092046217,47.17276708057469
36.783318,0.25,15.270184111585657,0.1,14.542016046264544,14.542016046264544,4.631214288960697,8.036939006097715,14.542016047415897
23.0736181,0.25,15.41198776932815,0.1,14.82320956628316,14.82320956628316,4.615760435764092,8.111572510172731,14.823209568650874
12.3843847,0.25,29.959300568972505,0.1,28.832315293777445,28.832315293777445,8.965542693177781,15.768052931038092,28.832315292929376
24.4590309,0.25,52.21398770761956,0.1,48.430176036965555,48.430176036965555,16.35328959815906,27.481046161904967,48.43017603079361
