Time,Probability,RiskPremium,T0,T1,T2,Z,Expected,CVaR
79.571688,0.25,21.344280918429384,0.09999999999999787,24.83479388160641,24.83479388160641,6.0301603100738115,11.233832062331222,24.83479388241232
43.528584,0.25,45.37552279789225,0.09999999999999432,48.440355912203614,48.440355912203614,14.126118151228685,23.88185410415382,48.440355912519635
18.7471353,0.25,17.96797844379946,0.1,19.627947493006275,19.627947493006275,5.459812663971576,9.45683075989427,19.627947493006275
19.2833177,0.25,18.309349658658032,0.1,20.325041190938062,20.325041190938062,5.466287427134131,9.636499820346392,20.325041190938062
17.349112,0.25,30.639014261291532,0.1,30.162857901305728,30.162857901305586,10.302099004471794,16.125796979627214,30.162857903602518
29.1230872,0.25,52.434262568724655,0.09999999999998721,48.85189211869032,48.85189211869032,18.460808725439023,27.596980299328546,48.85189211251837
