Time,Probability,RiskPremium,T0,T1,T2,Z,Expected,CVaR
21.6720271,0.2,14.682653161605433,0.1,23.002398954383978,23.002398954383978,2.7408467899259876,9.17665822600339,23.002398954383978
30.8885825,0.2,31.653963034759457,0.1,47.32203959971069,47.322039599710685,6.362573597437764,19.783726896724552,47.32203959971069
43.2775542,0.2,11.839762411781436,0.1,16.614745561879513,16.614745561879513,2.5969320935084084,7.399851507363406,16.614745561911228
32.1747418,0.2,11.788615375698258,0.1,16.226304036665727,16.226304036665727,2.649046880515981,7.367884609811432,16.226304036665727
18.7741466,0.2,21.86595449712619,0.09999999999999076,29.19967513109111,29.19967513109111,5.09304222173248,13.666221560703747,29.19967513415369
13.6933919,0.2,36.617410249710495,0.1,48.57525563762771,48.57525563762771,8.593653997329593,22.885881406069206,48.57525563762771
