Time,Probability,RiskPremium,T0,T1,T2,Z,Expected,CVaR
68.9566419,0.15,11.770305967199453,0.1,18.849373435046278,18.849373435046278,2.1536684570674947,6.539058870666436,18.849373428528462
30.0880058,0.15,27.842882390303842,0.1,47.1992096438851,47.1992096438851,4.441878983056626,15.468267994613193,47.19920964514918
49.3167974,0.15,10.488114498499051,0.1,15.456939146675591,15.456939146675591,2.253832004123677,5.826730276943866,15.45693914666979
20.1071954,0.15,10.468469220953798,0.1,15.325320052706898,15.325320052706898,2.275277030894046,5.815816233863181,15.32532005864926
29.5945203,0.15,19.83506901623898,0.1,28.922347172293268,28.922347172293268,4.339870131534866,11.019482786799392,28.92234717841843
24.3157223,0.15,32.39798798913663,0.09999999999998721,48.57468171081327,48.57468171081327,6.7551559008360975,17.998882216187003,48.57468170464129
