Time,Probability,RiskPremium,T0,T1,T2,Z,Expected,CVaR
26.4654917,0.2,13.285259963740712,0.1,16.531321083065084,16.531321083065084,2.701842597761497,7.38069997985594,16.53132108306508
33.0322668,0.2,35.24085551924889,0.1,46.591005612151264,46.591005612151264,6.208139061933829,19.57825306624929,46.591005612151264
62.2582575,0.2,12.140399510212474,0.1,14.155374371752146,14.155374371752146,2.8019853236335797,6.744666394562506,14.155374371752146
43.3133078,0.2,12.307725347594317,0.09999999999999609,14.214476502742642,14.214476502742642,2.888202194252082,6.837625193107907,14.214476508063115
39.1877369,0.2,23.95411412227571,0.1,27.923800408137467,27.923800408137467,5.530687213050227,13.307841179042079,27.923800408137467
18.6596565,0.2,40.81445385225081,0.1,47.842462272012625,47.8424622735556,9.331039277066987,22.674696584583756,47.842462272012625
