Time,Probability,RiskPremium,T0,T1,T2,Z,Expected,CVaR
11.9465422,0.05,-8.690487144728347e-12,2.0,0.0,-3.1845320252129264e-9,-5.431570255293788e-12,-4.3452435723641734e-12,6.315935428978667e-17
11.5787243,0.05,5.219978523503717e-12,2.0,3.91497678720043e-9,3.91497678720043e-9,3.2624707873512513e-12,2.6099892617518586e-12,6.315935428978667e-17
10.4678131,0.05,-2.0173397767090737e-12,0.1,0.0,0.0,-1.260857097741386e-12,-1.0086698883545369e-12,7.894919286223334e-17
28.0878091,0.05,4.9790192709527526e-12,2.0,3.7342573477872065e-9,3.7342573477872065e-9,3.1118791494261844e-12,2.4895096354763763e-12,3.1579677144893335e-17
30.7270013,0.05,4.8868476672699525e-12,2.0,3.6651641721618944e-9,3.6651641721618944e-9,3.0542718971244338e-12,2.4434238336349755e-12,3.1579677144893335e-17
22.2596483,0.05,2.842170943040401e-17,2.0,5.809681624668883e-9,5.809681624668883e-9,-2.1711028037114164e-17,1.4210854715202004e-17,1.578983857244667e-16
