Time,Probability,RiskPremium,T0,T1,T2,Z,Expected,CVaR
37.1379583,0.15,21.496940783736527,0.1,25.896386382771606,25.896386382771606,7.25801610068923,7.9618299199024705,25.896386386030546
14.6573157,0.15,42.49053024610805,0.09999999999999076,48.574633058270976,48.574633058270976,15.26020694935591,15.737233424484543,48.57463305953506
11.4553592,0.15,18.625782976155456,0.09999999999999609,20.618571384051297,20.618571384051297,6.9252982011815,6.898438139316822,20.618571384051297
50.1033886,0.15,18.777063099997456,0.1,20.770679794122508,20.770679794122508,6.9869210903457,6.954467814813848,20.77067980006487
37.7437771,0.15,30.46712215577785,0.1,30.290004689779533,30.290004689779533,12.530942957262564,11.28411931695486,30.290004692842114
9.1920416,0.15,49.21454883936596,0.09999999999998721,49.804178068662466,49.804178068662466,19.935139574684126,18.22761068124664,49.80417806249052
