Time,Probability,RiskPremium,T0,T1,T2,Z,Expected,CVaR
44.3527524,0.25,37.034949423966474,0.09999999999999787,30.732803192205996,30.732803192205996,18.254229264835026,12.344983141322205,30.732803192205996
19.669802,0.25,75.55392340467587,0.1,55.611704574513666,55.611704574513666,39.719810065916185,25.184641134891816,55.611704574513666
22.7105933,0.25,32.484042477976224,0.1,26.18511722075115,26.18511722075115,16.281042247554815,10.828014159325466,26.1851172195998
27.5105142,0.25,32.63546085718865,0.09999999999999609,26.19970735593841,26.19970735593841,16.394546763552686,10.878486952396132,26.19970735593841
16.7855056,0.25,59.16049803999782,0.1,38.12149808320086,50.19617025523341,28.773730541999978,19.72016601333257,50.19617025523341
18.2148858,0.25,105.4036152771507,0.1,63.62646810097078,92.64436513102383,50.140637504576276,35.13453842571699,92.64436513102383
