Time,Probability,RiskPremium,T0,T1,T2,Z,Expected,CVaR
25.4254952,0.25,46.397285000621814,0.1,63.17809376188807,156.54192510569595,27.324352402439864,15.46576166687393,51.53747097995397
23.7021323,0.25,88.62192602062345,0.1,63.6545343968845,159.2186616820817,53.5702646977865,29.540642006874442,84.65083516649952
22.7617354,0.25,36.41726841751025,0.1,36.7901540834119,70.95489073513308,21.99969007829152,12.139089472503418,34.92397813965663
21.2622109,0.25,36.424111159823994,0.1,36.81050410629964,70.14192940826788,22.035000174095785,12.14137038660799,34.61877637781018
23.0914574,0.25,63.11682920606738,0.1,38.121498083200855,91.54684087940345,38.28306583190327,21.038943068689104,58.9871461234396
20.0506727,0.25,110.46119180882881,0.1,63.62646810097078,169.065317266968,66.93453398405781,36.820397269609536,103.88300282122408
