Time,Probability,RiskPremium,T0,T1,T2,Z,Expected,CVaR
58.3144623,0.1,7.646350584468926,0.1,14.833684770056363,14.833684770056363,0.3791686223318575,4.024395044457338,14.833684770056363
45.1430393,0.1,14.569927072697908,0.09999999999999076,28.84568337558982,28.84568337558982,0.5483541911322295,7.6683826698410185,28.84568337558982
11.66393,0.1,7.530505445729862,0.1,14.402889038012304,14.402889038012304,0.4352419907086275,3.9634239188052236,14.402889039525313
22.0409681,0.1,7.499955175546686,0.09999999999999609,14.377613369954467,14.377613369954467,0.4235297826303548,3.947344829235151,14.377613374839129
22.2096774,0.1,14.75625962748031,0.1,28.785467362347244,28.785467362347244,0.6841027139149537,7.766452435515973,28.785467362347244
16.7190733,0.1,24.479355822555586,0.10000000000000764,48.43744210840152,48.43744210840152,0.9294131518892079,12.88387148555554,48.43744210259184
