Time,Probability,RiskPremium,T0,T1,T2,Z,Expected,CVaR
39.5693873,0.1,7.646350584807449,0.1,14.833684770056363,14.833684770056363,0.37916862254567474,4.0243950446354955,14.833684770056367
35.4770896,0.1,14.56992707272991,0.1,28.84568337558981,28.84568337558981,0.5483541911389558,7.668382669857859,28.845683375634756
6.6875237,0.1,7.530505445016919,0.1,14.402889038012304,14.402889038012304,0.43524199070821556,3.9634239184300144,14.402889038025753
13.687452,0.1,7.498199298841846,0.1,14.373902123093057,14.373902123093057,0.4235347919760352,3.94642068360094,14.373900094483805
21.2234691,0.1,14.756259627603368,0.1,28.785467362347244,28.785467362347244,0.6841027139926807,7.766452435580736,28.785467362347244
22.4004805,0.1,24.48012728325618,0.09999999999998721,48.43907057878032,48.43907057878032,0.9294118491127019,12.884277517503415,48.439070572970635
