Time,Probability,RiskPremium,T0,T1,T2,Z,Expected,CVaR
14.6453325,0.1,18.503861440095537,0.1,63.178093761888086,109.79111751075695,7.91374127297786,7.7099422667064745,36.51172127081854
23.3947258,0.1,30.684152386136848,0.1,63.6545343968845,159.2186616820817,13.193059412319487,12.785063494223687,59.84535829016043
17.6803189,0.1,15.592780741342924,0.1,36.7901540834119,61.683831872068886,6.826951477162188,6.496991975559554,29.185364861771397
19.5433772,0.1,15.598062194718992,0.1,36.81050410629964,58.73116960119909,6.820920817640165,6.499192581132909,29.278680540592017
21.2104396,0.1,22.859741674010706,0.1,38.121498083200855,75.85949867597274,10.270817879317132,9.524892364171135,40.16520666939552
17.5207959,0.1,37.83942011744311,0.1,63.62646810097078,121.6785427124816,16.901941729350057,15.766425048934627,67.47695844051894
