Time,Probability,RiskPremium,T0,T1,T2,Z,Expected,CVaR
24.1547072,0.2,31.96489806168431,0.09999999999998366,37.90633477997007,37.90633477997007,15.2508030874215,11.416035022030098,37.90633478319374
17.5850857,0.2,60.1092134754949,0.1,59.1255647581788,59.1255647581788,31.110039530860554,21.46757624124817,59.1255647581788
15.3206614,0.2,26.497236691061378,0.1,27.812464056357936,27.812464056357936,13.364104825200839,9.4632988182362,27.812464056357936
23.7470019,0.2,26.70549396157719,0.09999999999999609,27.843054112250584,27.843054112250584,13.506742007247855,9.537676414849004,27.843054112250584
16.087355,0.2,46.37471845968504,0.1,38.121498083200855,51.71944299240526,22.780910301293925,16.562399449887554,51.71944299240526
14.9090894,0.2,81.21953638324244,0.1,63.62646810097078,95.1426951488357,38.98541552969168,29.00697727972958,95.1426951488357
