Time,Probability,RiskPremium,T0,T1,T2,Z,Expected,CVaR
14.324148,0.1,0.0,2.0,0.0,0.0,-0.0,0.0,0.0
12.0366476,0.1,0.0,2.0,0.0,0.0,-0.0,0.0,0.0
10.4966698,0.1,0.0,2.0,0.0,0.0,-0.0,0.0,0.0
12.4994651,0.1,0.0,2.0,0.0,0.0,-0.0,0.0,0.0
11.6863416,0.1,0.0,2.0,0.0,0.0,-0.0,0.0,0.0
11.3642106,0.1,0.0,2.0,0.0,0.0,-0.0,0.0,0.0
