Time,Probability,RiskPremium,T0,T1,T2,Z,Expected,CVaR
18.5353779,0.1,10.268492250145288,0.09999999999999432,23.16561744870242,23.16561744870242,1.944639403360241,5.704717916747368,23.165617450331887
50.4007809,0.1,19.911351717906054,0.1,48.36140661116112,48.36140661116112,3.254557970538845,11.061862065503343,48.36140661126225
24.4752195,0.1,9.307062765156656,0.09999999999999609,20.35262157295918,20.35262157295918,1.8591676676618751,5.170590425087029,20.352621574472185
8.3783063,0.1,9.33926795622959,0.1,20.54756792280458,20.547567917919917,1.846922899589372,5.1884821979052935,20.54756792280458
8.2666601,0.1,14.44767875867424,0.09999999999999076,30.18252997373672,30.18252997373672,3.0977842937871323,8.026488199263431,30.182529970087845
7.0345868,0.1,23.42535912253883,0.09999999999998721,49.131611745262504,49.131611745262504,4.993642220421941,13.014088401410476,49.13161173945282
