Time,Probability,RiskPremium,T0,T1,T2,Z,Expected,CVaR
19.7811977,0.2,20.18864809720723,0.1,23.002398954383978,23.002398954383978,5.481693579851594,9.17665822600339,23.002398954383978
31.7444525,0.2,43.52419917279368,0.1,47.32203959971069,47.322039599710685,12.72514719487466,19.783726896724552,47.32203959971069
38.1014701,0.2,16.279673316285873,0.09999999999999609,16.614745561879513,16.614745561879513,5.193864187023485,7.399851507402654,16.614745562051972
29.3929386,0.2,16.257173637934123,0.1,16.313495626536387,16.313495626536387,5.298000756663874,7.389624380879033,16.31349563185686
24.6318249,0.2,30.006415596726818,0.09999999999999076,29.08978416994653,29.089784169946526,10.186934038695208,13.639279816693993,29.089784170038406
31.6399131,0.2,50.3489390933522,0.1,48.57525563762771,48.57525563762771,17.187307994659577,22.885881406069206,48.57525563762771
