Time,Probability,RiskPremium,T0,T1,T2,Z,Expected,CVaR
25.0218298,0.2,34.049131845609935,0.1,63.17809376188807,156.54192510569598,17.553406046014167,13.095819940619208,47.094878530384605
33.5800873,0.2,62.88966123488254,0.1,63.6545343968845,159.2186616820817,33.52870916099828,24.188331244185548,75.91453954117243
23.4745094,0.2,27.031426902070226,0.1,36.7901540834119,70.95489073513308,14.314116830261,10.396702654642404,33.602776826310794
32.3911904,0.2,27.037132097771124,0.1,36.81050410629964,70.1419294082679,14.36137558923702,10.3988969606812,33.16749243921033
17.013443,0.2,45.19980977675854,0.1,38.121498083200855,91.54684087940345,24.276229123187143,17.384542221830234,52.774926539242415
12.6585851,0.2,77.81281561374156,0.1,63.62646810097078,169.065317266968,41.505020011348854,29.92800600528522,93.7259019763601
