Time,Probability,RiskPremium,T0,T1,T2,Z,Expected,CVaR
13.7871329,0.15,18.78300771472305,0.1,25.12003659775596,25.12003659775596,5.768619483313294,7.826253214467942,25.120036604273853
56.5744509,0.15,37.71372127171272,0.09999999999999076,48.4370932934775,48.4370932934775,12.182757912658566,15.714050529880298,48.437093293793524
13.7217335,0.15,16.445037218365794,0.09999999999999609,20.352621574472185,20.352621572959183,5.542781557334126,6.85209884098577,20.352621574472185
19.9755004,0.15,16.606321561071844,0.1,20.567211194337116,20.567211194337116,5.592647745675391,6.919300650446596,20.567211200279477
16.300739,0.15,26.972844750773138,0.1,30.02879847911213,30.02879847911213,10.097125487145309,11.238685312822037,30.02879848217471
32.7588707,0.15,43.54382723717575,0.1,49.31986855718036,49.31986855718036,16.047583727696857,18.14326134882324,49.319868551008454
