Time,Probability,RiskPremium,T0,T1,T2,Z,Expected,CVaR
7.2853439,0.1,16.190878760083596,0.1,63.178093761888086,109.79111751075695,5.6007585929659145,7.7099422667064745,36.51172127081854
6.361837,0.1,26.84863333786975,0.1,63.6545343968845,159.2186616820817,9.35754036405239,12.785063494223687,59.84535829016043
5.7445457,0.1,13.643683148675057,0.1,36.7901540834119,61.683831872068886,4.877853884494321,6.496991975559554,29.185364861771397
5.7752188,0.1,13.648304420379128,0.1,36.81050410629964,58.73116960119909,4.871163043300301,6.499192581132909,29.278680540592017
7.6736022,0.1,20.002273964759375,0.1,38.121498083200855,75.85949867597274,7.413350170065801,9.524892364171135,40.16520666939552
5.977869,0.1,33.109492602762714,0.1,63.62646810097078,121.6785427124816,12.172014214669664,15.766425048934627,67.47695844051894
