Time,Probability,RiskPremium,T0,T1,T2,Z,Expected,CVaR
4.4994461,0.15,13.3046304645956,0.1,25.12003659775596,25.12003659775596,2.8843097416567787,7.826253214467942,25.120036604273853
15.3314764,0.15,26.713885900794196,0.09999999999999076,48.43709329347765,48.43709329347765,6.091378956327944,15.714050529879046,48.43709329379367
4.891294,0.15,11.648568029675836,0.09999999999999609,20.352621574472185,20.352621572959183,2.771390778667145,6.85209884098577,20.352621574472185
5.2676308,0.15,11.762811105759138,0.1,20.567211194337116,20.567211194337116,2.7963238728376285,6.919300650446596,20.567211200279477
4.2065807,0.15,19.10576503179753,0.1,30.02879847911213,30.02879847911213,5.048562743572588,11.238685312822037,30.02879848217471
13.2376681,0.15,30.85344115921466,0.1,49.352713948747706,49.352713948747706,8.023813488221053,18.149083034832213,49.35271394257573
