Time,Probability,RiskPremium,T0,T1,T2,Z,Expected,CVaR
12.2100787,0.05,-7.82143843025551e-12,2.0,-3.1845320252129264e-9,-3.1845320252129264e-9,-5.214292286837007e-12,-4.3452435723641734e-12,0.0
11.6648258,0.05,4.697972144640516e-12,2.0,3.91497678720043e-9,3.91497678720043e-9,3.1319814297603442e-12,2.6099845248002867e-12,0.0
15.8695028,0.05,-1.8156185888074103e-12,0.1,0.0,0.0,-1.2104123925382736e-12,-1.0086769937818947e-12,0.0
25.5986815,0.05,0.0,2.0,0.0,0.0,-0.0,0.0,0.0
22.7924465,0.05,4.398197006594273e-12,2.0,3.6651641721618944e-9,3.6651641721618944e-9,2.9321313377295155e-12,2.443442781441263e-12,0.0
22.6833986,0.05,0.0,2.0,5.809681624668883e-9,5.809681624668883e-9,-0.0,0.0,0.0
