Time,Probability,RiskPremium,T0,T1,T2,Z,Expected,CVaR
46.3351522,0.15,13.263440452304923,0.1000000032589412,19.245962844542078,19.245962844542078,2.8474474401374845,6.63172022615246,19.24596284620261
36.3165558,0.15,30.968489449875896,0.1,47.26761201064405,47.26761201064405,5.949234538846932,15.484244724937938,47.267612011908135
18.2224932,0.15,11.899732804275274,0.1,15.981460287432865,15.981460287432865,2.940388236549088,5.949866402137634,15.981460287432865
44.7459511,0.15,11.934484017449716,0.1,15.973115541912891,15.973115541912891,2.965479948768455,5.967242008724856,15.973115541912891
10.084069,0.15,22.080345695969754,0.1,29.010743728905187,29.010743728905187,5.649001583708762,11.040172847984877,29.010743728905187
24.1203672,0.15,35.997974021887245,0.09999999999998721,48.575132422103884,48.575132422103884,8.826143385567585,17.998987010943598,48.57513242886339
