Time,Probability,RiskPremium,T0,T1,T2,Z,Expected,CVaR
14.0526853,0.1,0.0,2.0,0.0,0.0,-0.0,0.0,0.0
11.2801701,0.1,0.0,2.0,0.0,0.0,-0.0,0.0,0.0
10.9896161,0.1,0.0,2.0,0.0,0.0,-0.0,0.0,0.0
11.7426405,0.1,0.0,2.0,0.0,0.0,-0.0,0.0,0.0
11.6246246,0.1,0.0,2.0,0.0,0.0,-0.0,0.0,0.0
10.9281875,0.1,0.0,2.0,0.0,0.0,-0.0,0.0,0.0
