Time,Probability,RiskPremium,T0,T1,T2,Z,Expected,CVaR
16.7499234,0.15,31.127296787786555,0.1,63.178093761888086,109.79111751075698,18.015444025410716,10.375765595928852,37.736637260398794
16.8318648,0.15,55.63567676870356,0.1,63.6545343968845,159.2186616820817,32.69057286024062,18.54522558956784,62.54400877851889
15.055136,0.15,25.58434110834659,0.1,36.7901540834119,61.68383187206888,15.045880989185799,8.528113702782191,28.631577866568378
16.2943285,0.15,25.591194378364673,0.1,36.81050410629964,59.60930820403673,15.061790166889292,8.530398126121549,28.520458979659754
13.8476845,0.15,40.7810114730092,0.1,38.121498083200855,91.54684087940345,24.37154256422627,13.59367049100308,41.75165466880207
13.4219014,0.15,68.71687102314303,0.1,63.62646810097078,169.06531726696798,40.79268537858955,22.905623674380998,73.09124337610605
