Time,Probability,RiskPremium,T0,T1,T2,Z,Expected,CVaR
14.5279856,0.1,16.46929102779607,0.1,25.913498749970863,25.913498749970863,5.4161132753971994,6.099737417702272,25.91349875648873
29.8582365,0.1,29.97151017142195,0.1,48.62572109831543,48.62572109831538,9.489660404781384,11.10055932274888,48.62572109831546
12.9985809,0.1,14.677387545386653,0.09999999999999432,22.229016724440648,22.229016724440648,5.043081267957493,5.436069461254315,22.229016725953652
13.2083521,0.1,14.936682228380572,0.1,22.986195516248582,22.986195516248582,5.041054951324846,5.532104529029875,22.986195521133244
31.5665447,0.1,22.392598922061595,0.1,32.10680144563114,32.10680144196596,8.14573219433072,8.29355515631907,32.10680144196596
17.1359786,0.1,35.95752327336449,0.1,51.294777290146754,51.294777290146754,13.145628043012245,13.317601212357273,51.29477728433707
