Time,Probability,RiskPremium,T0,T1,T2,Z,Expected,CVaR
15.6515356,0.1,6.439032071131748,0.09999999999999609,14.833684770056367,14.833684770056367,0.25277908155458173,4.024395044457338,14.833684770056367
19.2805159,0.1,12.27409438920626,0.09999999999999076,28.85744050756155,28.85744050756155,0.3655590928379784,7.671308993254025,28.857440508825633
86.5772186,0.1,6.340177228091461,0.1,14.39962773772009,14.399627737720088,0.2901630664996573,3.9626107675571642,14.399627737730365
5.7997114,0.1,6.316426577350552,0.09999999999999609,14.37931410226178,14.37931410226178,0.28235046724602747,3.9477666108440688,14.379314107146442
21.0552738,0.1,12.4263238954786,0.1,28.785467362347234,28.785467362347234,0.4560684760028675,7.766452434674197,28.78546735868207
14.2312017,0.1,20.61419437687353,0.1,48.437442102591845,48.43744210404425,0.6196087679185422,12.883871485545857,48.43744210259184
