Time,Probability,RiskPremium,T0,T1,T2,Z,Expected,CVaR
49.4241258,0.25,13.470664554157729,0.1,14.345192310544974,14.345192310544967,2.9782354343547235,7.923920325975059,14.34519231054499
74.4011802,0.25,39.38117201644215,0.10000000001540006,46.04313419696211,46.04313419696211,7.064681155377485,23.16539530378963,46.04313419697752
65.5055357,0.25,13.20436043174898,0.1,13.72500429652796,13.72500429652796,3.053996208275221,7.767270842205089,13.72500429537661
32.3835114,0.25,13.213116499703034,0.1,13.786763860454505,13.786763858086792,3.0349580742202154,7.7724214704135,13.786763858086792
24.5507389,0.25,25.9243646150824,0.1,27.284262219994947,27.284262219994947,5.860883979359821,15.249626244165906,27.28426222305753
82.5185802,0.25,46.125317554021585,0.1,47.3750543176421,47.3750543176421,10.895771986837907,27.13253973765944,47.37505431147016
