Time,Probability,RiskPremium,T0,T1,T2,Z,Expected,CVaR
12.8774311,0.05,2.7114319891552444e-10,2.0,6.51786535854626e-9,0.0,-1.9387045606711586e-26,1.0428584573674016e-10,5.214292286837008e-10
10.8150025,0.05,-1.764349415604253e-10,2.0,0.0,0.0,-9.285714285714281e-11,-6.785959290785588e-11,-1.0715510739642237e-10
22.314936,0.05,8.392194435676479e-11,0.1,0.0,0.0,-3.2311742677852644e-27,3.227767090644799e-11,1.6138835453223995e-10
16.5592162,0.05,-1.1650881693488672e-10,2.0,0.0,0.0,-8.268528758442032e-11,-4.4811083436494915e-11,-1.7342198221423626e-11
14.6259396,0.05,-1.3976497636273658e-10,2.0,0.0,0.0,-9.166666666666662e-11,-5.375576013951408e-11,-3.961213403090377e-11
13.8506885,0.05,17.532593581518626,2.0,47.48806496084168,47.488064960841655,6.505906924303417e-14,6.743305223661014,33.716526118305076
