Time,Probability,RiskPremium,T0,T1,T2,Z,Expected,CVaR
20.1666053,0.2,26.16140577638068,0.09999999999999432,29.57586259260376,29.575862589380083,10.919018395315543,10.464562310552324,29.57586259260376
20.1805111,0.2,51.78381090343406,0.1,52.77808920626828,52.77808920626828,23.054145330836683,20.713524361373743,52.77808920626828
17.0061339,0.2,23.09574834298325,0.09999999999999254,25.895514329318523,25.895514329318523,9.693145255974564,9.238299337193311,25.895514336454774
15.424936,0.2,23.263188000302055,0.10000001064089048,25.89802015613359,25.89802015613359,9.80972655984791,9.305275200120807,25.898020161454063
15.0250021,0.2,36.803199428602255,0.1,35.02081460309224,35.02081460309224,17.00703594924861,14.721279771440852,35.02081460309224
16.2735627,0.2,61.989288598347024,0.1,59.52498075468261,59.52498075468261,28.51125683017214,24.79571543933893,59.52498075468261
