Time,Probability,RiskPremium,T0,T1,T2,Z,Expected,CVaR
12.1126992,0.1,8.594920948535801,0.1,15.111363144232564,15.111363144232564,0.6456111735075722,4.092819499302765,15.111363144232564
77.1832893,0.1,16.185781735511576,0.1,29.00486175390221,29.00486175390221,1.0241952987493383,7.70751511214834,29.00486175390221
30.8670266,0.1,8.548664437567043,0.1,14.841586242657712,14.841586242657712,0.7080940694480068,4.070792589317675,14.841586243035964
28.925022,0.1,8.42019607322758,0.1,14.632289848393016,14.632289848393016,0.6926434590575736,4.00961717772743,14.632289853277678
16.4624667,0.1,16.32582820387076,0.1,28.81707281948307,28.81707281948307,1.1866201790412116,7.7742039066050665,28.817072815817905
14.0308377,0.1,27.07055965873794,0.1,48.46548656125966,48.46548656125966,1.7286566107829657,12.890742694637016,48.46548656125966
