Time,Probability,RiskPremium,T0,T1,T2,Z,Expected,CVaR
23.27715,0.2,27.18515004178064,0.09999999999999076,32.78397628183665,32.78397628183665,11.92910677199949,10.874060016712196,32.78397628205693
18.1275079,0.2,52.750666804607924,0.1,55.73750355948337,55.73750355948337,24.72295271498388,21.100266721843248,55.73750356074746
29.0151632,0.2,23.365351549642536,0.09999999999999609,26.72943138976307,26.72943138976307,10.542552775793213,9.34614061985706,26.729431389818608
14.9046403,0.2,23.62597932461327,0.09999999999999076,27.024221133829663,27.024221133829663,10.660821713971076,9.450391729845373,27.024221133829663
16.7138793,0.2,37.679703899282885,0.1,37.78035369253879,37.78035369253879,18.06612791239211,15.071881559713143,37.78035369560138
11.6920531,0.2,63.33043310811862,0.1,63.517520443138096,63.517520443138096,30.361190424893014,25.332173243247468,63.517520443138096
