Time,Probability,RiskPremium,T0,T1,T2,Z,Expected,CVaR
4.746819,0.05,-7.386914073019094e-12,2.0,-3.1845320252129264e-9,-3.1845320252129264e-9,-4.3452435723641734e-12,-4.3452435723641734e-12,0.0
3.8449775,0.05,4.436973692160487e-12,2.0,3.91497678720043e-9,3.91497678720043e-9,2.6099845248002863e-12,2.6099845248002867e-12,0.0
3.701338,0.05,-1.714750889429221e-12,0.1,0.0,0.0,-1.0086769937818947e-12,-1.0086769937818947e-12,0.0
3.653434,0.05,0.0,2.0,0.0,0.0,-0.0,0.0,0.0
3.9879055,0.05,4.153852728450146e-12,2.0,3.6651641721618944e-9,3.6651641721618944e-9,2.4434427814412622e-12,2.443442781441263e-12,0.0
3.4024171,0.05,0.0,2.0,5.809681624668883e-9,5.809681624668883e-9,-0.0,0.0,0.0
