Time,Probability,RiskPremium,T0,T1,T2,Z,Expected,CVaR
11.7226665,0.05,11.361246492098571,0.1,63.178093761888086,109.79111751075692,3.181149017787593,4.544498596839426,22.722492984197146
11.1414357,0.05,17.35018196522973,0.1,63.6545343968845,119.67234110440711,4.858050950264322,6.940072786091891,34.700363930459446
13.8903447,0.05,9.882932357207741,0.1,36.7901540834119,61.68383187206887,2.767221060018166,3.953172942883093,19.765864714415475
17.0042916,0.05,9.888132122776918,0.1,36.81050410629964,58.05967081709798,2.7686769943775364,3.9552528491107646,19.77626424555384
12.7437667,0.05,12.869352361824347,0.1,38.12149808320086,75.85949867597273,3.6034186613108217,5.147740944729735,25.738704723648695
15.0370404,0.05,21.16324261873002,0.1,63.6264681009708,121.67854271248154,5.925707933244402,8.465297047492005,42.32648523746003
