Time,Probability,RiskPremium,T0,T1,T2,Z,Expected,CVaR
16.8873978,0.15,20.751531191857705,0.1,63.178093761888086,109.79111751075698,7.639678429481869,10.375765595928852,37.736637260398794
15.2901682,0.15,37.09045117913568,0.1,63.6545343968845,159.2186616820817,14.145347270672746,18.54522558956784,62.54400877851889
15.8961382,0.15,17.056227405564382,0.1,36.7901540834119,61.68383187206888,6.517767286403595,8.528113702782191,28.631577866568378
15.0018806,0.15,17.06079625224313,0.1,36.81050410629964,59.60930820403673,6.531392040767748,8.530398126121549,28.520458979659754
15.8512402,0.15,27.18734098200616,0.1,38.121498083200855,91.54684087940345,10.777872073223183,13.59367049100308,41.75165466880207
13.4057156,0.15,45.811247348762045,0.1,63.62646810097078,169.06531726696798,17.887061704208538,22.905623674380998,73.09124337610605
