Time,Probability,RiskPremium,T0,T1,T2,Z,Expected,CVaR
109.1987991,0.25,16.771164917744347,0.09999999999999787,22.14460396774931,22.14460396774931,3.3735303698085133,10.481978073590287,22.144603970972966
42.3240097,0.25,37.681348793652354,0.1,47.20366701372694,47.20366701372694,8.217299792879793,23.5508429960327,47.20366701499103
31.6614465,0.25,13.297943636633397,0.1,15.456000712991074,15.456000712991074,3.2005323790016202,8.311214772895742,15.45600071183972
8.112589,0.25,13.29729261760324,0.1,15.488082330256178,15.488082330256178,3.1921661205375864,8.31080788600201,15.488082330256178
10.7567596,0.25,25.373900271404942,0.09999999999999076,29.13839825085831,29.13839825085831,6.195284955703618,15.858687669628294,29.13839825392089
16.3998404,0.25,44.00235498118901,0.1,48.498583330984,48.498583330984,11.25160525101051,27.501471863243363,48.498583330984
