Time,Probability,RiskPremium,T0,T1,T2,Z,Expected,CVaR
39.6781627,0.15,19.288644988682343,0.1,22.95137472777066,22.95137472777066,5.656869330953988,7.418709611031642,22.951374727773267
53.7280561,0.15,40.560118535751535,0.09999999999999076,47.81818102346817,47.81818102346817,12.072818771454502,15.600045590673771,47.818181024732255
44.9040789,0.15,17.062052368811102,0.1,18.802648522966543,18.802648522966543,5.60359625897831,6.562327834158148,18.802648523344793
38.5544949,0.15,17.15406635560231,0.1,18.857057488498544,18.857057488498544,5.652612660379225,6.597717829077764,18.857057494440905
30.7797605,0.15,28.897812838975135,0.1,29.35601920876374,29.35601920876374,10.486679114481012,11.114543399605934,29.356019211826318
25.9541004,0.15,46.91539398113596,0.1,48.78503650638581,48.78503650021383,16.574749998319373,18.044382300436965,48.78503650638581
