Time,Probability,RiskPremium,T0,T1,T2,Z,Expected,CVaR
7.1361834,0.05,-7.386914073019094e-12,2.0,-3.1845320252129264e-9,-3.1845320252129264e-9,-3.693457036509547e-12,-4.3452435723641734e-12,0.0
5.5748597,0.05,0.0,2.0,0.0,0.0,-0.0,0.0,0.0
3.9815005,0.05,-1.714750889429221e-12,0.1,0.0,0.0,-8.573754447146105e-13,-1.0086769937818947e-12,0.0
3.6595478,0.05,0.0,2.0,0.0,0.0,-0.0,0.0,0.0
4.3706311,0.05,0.0,2.0,0.0,0.0,-0.0,0.0,0.0
3.5573702,0.05,0.0,2.0,5.809681624668883e-9,5.809681624668883e-9,-0.0,0.0,0.0
