Time,Probability,RiskPremium,T0,T1,T2,Z,Expected,CVaR
11.8100895,0.05,11.361246492098571,0.1,63.178093761888086,109.79111751075692,2.272249298419717,4.544498596839426,22.722492984197146
13.0629045,0.05,17.35018196522973,0.1,63.6545343968845,119.67234110440711,3.470036393045945,6.940072786091891,34.700363930459446
11.952806,0.05,9.882932357207741,0.1,36.7901540834119,61.68383187206887,1.9765864714415464,3.953172942883093,19.765864714415475
14.003682,0.05,9.888132122776918,0.1,36.81050410629964,58.05967081709798,1.9776264245553827,3.9552528491107646,19.77626424555384
11.6146143,0.05,12.869352361824347,0.1,38.12149808320086,75.85949867597273,2.573870472364871,5.147740944729735,25.738704723648695
13.3043962,0.05,21.16324261873002,0.1,63.6264681009708,121.67854271248154,4.232648523746004,8.465297047492005,42.32648523746003
