Time,Probability,RiskPremium,T0,T1,T2,Z,Expected,CVaR
23.0826244,0.05,8.634547334001155,0.1,63.17809376188807,109.79111751075689,0.9536775420848578,4.544498596842711,35.90821054757855
13.5127167,0.05,12.748393015661556,0.1,63.13991010086548,63.13991010086548,1.3729284289571164,6.709680534558706,53.36752105601606
12.6633797,0.05,7.51102859147788,0.1,36.79015408341189,61.68383187206885,0.9586330395014022,3.953172942883093,29.945399033816926
12.3771671,0.05,7.514980413310463,0.1,36.81050410629963,58.05967081709797,0.980166723862881,3.9552528491107646,29.750861252478916
11.7415627,0.05,9.7807077949865,0.09999999999999076,38.12149808320086,75.85949867597273,1.3585253095586145,5.147740944729736,37.89215635171121
10.2506265,0.05,16.084064390234822,0.1,63.62646810097078,121.6785427124816,2.149857613661747,8.465297047492003,63.15439433830268
