Time,Probability,RiskPremium,T0,T1,T2,Z,Expected,CVaR
19.463412,0.2,19.858501388767873,0.1,24.142625253289772,24.142625253289772,5.261903548831204,9.456429232746709,24.142625253289772
31.586447,0.2,41.57447848173629,0.1,47.37750251951569,47.37750251951569,12.124061641273116,19.79737070558849,47.3775025195157
7.9979253,0.2,16.144730101390394,0.1,17.786691747071654,17.786691747071654,4.9222096251992795,7.687966714947738,17.786691747071654
8.2791523,0.2,16.197770362218357,0.1,17.639695431561737,17.639695431561737,5.010281371003964,7.713223982008687,17.63969543688221
45.9503788,0.2,28.69244858528271,0.1,29.186583143247443,29.186583143247443,9.596148494463463,13.66307075489656,29.186583143247443
30.2722827,0.2,48.09890795442332,0.09999999999998721,48.65030025339973,48.65030025339973,16.183545641757046,22.90424188305891,48.650300253365984
