Time,Probability,RiskPremium,T0,T1,T2,Z,Expected,CVaR
15.3304301,0.15,29.052143668600763,0.1,63.178093761888086,109.79111751075698,9.216672410359662,10.375765595928852,41.90811780363635
16.4116107,0.15,51.92663165079002,0.1,63.6545343968845,159.2186616820817,18.757473331059344,18.54522558956784,67.29166802344398
14.2557355,0.15,23.878718367790107,0.1,36.7901540834119,61.68383187206888,8.494200022023222,8.528113702782191,31.38279584606454
11.6095975,0.15,23.885114753140368,0.1,36.81050410629964,59.60930820403673,8.578692978158482,8.530398126121549,31.11714362232266
12.2243526,0.15,38.06227737480859,0.1,38.121498083200855,91.54684087940345,14.860823709726677,13.59367049100308,45.61961440459937
10.4804404,0.15,64.13574628826684,0.1,63.62646810097078,169.06531726696798,23.858703553465183,22.905623674380998,80.81035387578319
