Time,Probability,RiskPremium,T0,T1,T2,Z,Expected,CVaR
12.6868597,0.05,-9.559535859201181e-12,2.0,-3.1845320252129264e-9,-3.1845320252129264e-9,-6.0833410013098425e-12,-4.3452435723641734e-12,0.0
28.7657334,0.05,5.741965954560631e-12,2.0,3.91497678720043e-9,3.91497678720043e-9,3.653978334720401e-12,2.6099845248002867e-12,0.0
19.6472967,0.05,-2.2190893863201687e-12,0.1,0.0,0.0,-1.4121477912946528e-12,-1.0086769937818947e-12,0.0
20.4740077,0.05,6.549687698131346,0.09999999626573697,20.770679803799126,20.770679803799126,0.013847119869225377,2.9771307718778868,20.770679803799126
12.1730481,0.05,5.3755741191707785e-12,2.0,3.6651641721618944e-9,3.6651641721618944e-9,3.420819894017768e-12,2.443442781441263e-12,0.0
12.2373183,0.05,0.0,2.0,5.809681624668883e-9,5.809681624668883e-9,-0.0,0.0,0.0
