Time,Probability,RiskPremium,T0,T1,T2,Z,Expected,CVaR
11.0340838,0.05,9.997896913046745,0.1,63.178093761888086,109.79111751075692,0.3029665731226254,4.544498596839426,30.29665731226287
14.0393128,0.05,15.268160129402169,0.1,63.6545343968845,119.67234110440711,0.46267151907279813,6.940072786091891,46.267151907279256
11.0070141,0.05,8.69698047434281,0.1,36.7901540834119,61.68383187206887,0.26354486285887324,3.953172942883093,26.35448628588731
12.0269349,0.05,8.70155626804369,0.1,36.81050410629964,58.05967081709798,0.26368352327404987,3.9552528491107646,26.3683523274051
12.2231954,0.05,11.32503007840542,0.1,38.12149808320086,75.85949867597273,0.3431827296486527,5.147740944729735,34.31827296486488
10.6045083,0.05,18.62365350448243,0.1,63.6264681009708,121.67854271248154,0.5643531364994816,8.465297047492005,56.4353136499467
