Time,Probability,RiskPremium,T0,T1,T2,Z,Expected,CVaR
15.3178947,0.1,8.853669097896743,0.09999999999999609,14.83368477006055,14.83368477006055,0.5055581630935588,4.024395044498538,14.833684770260136
22.3049184,0.1,16.8704418736521,0.09999999999999076,28.84568337558981,28.84568337558981,0.7311389215093594,7.668382669841858,28.845683375594025
57.1686344,0.1,8.717743688623486,0.1,14.399627737720088,14.399627737720088,0.580326132999718,3.962610767556118,14.399627737725131
8.8989811,0.1,8.685086543857016,0.09999999999999609,14.37931410226178,14.37931410226178,0.5647009344920286,3.9477666108440688,14.379314107146442
34.3415683,0.1,17.0861953562775,0.1,28.785467362346875,28.785467362346875,0.9121369520018611,7.766452434671568,28.78546735868171
23.0764905,0.1,28.34451726830524,0.1,48.437442103318034,48.43744210477045,1.239217535863183,12.883871485593325,48.43744210271528
