Time,Probability,RiskPremium,T0,T1,T2,Z,Expected,CVaR
9.8503566,0.15,17.63880151307906,0.1,63.178093761888086,109.79111751075698,4.109800696379464,10.375765595928852,41.90811780363635
6.007337,0.15,31.526883502265346,0.1,63.6545343968845,159.2186616820817,8.107013669309882,18.54522558956784,67.29166802344398
5.8759039,0.15,14.497793294729714,0.1,36.7901540834119,61.68383187206888,3.684211377619301,8.528113702782191,31.38279584606454
6.7344902,0.15,14.501676814406657,0.1,36.81050410629964,59.60930820403673,3.712604138664987,8.530398126121549,31.11714362232266
5.8831138,0.15,23.10923983470523,0.1,38.121498083200855,91.54684087940345,6.312974952342523,13.59367049100308,45.61961440459937
6.2554197,0.15,38.9395602464477,0.1,63.62646810097078,169.06531726696798,10.243463551926471,22.905623674380998,80.81035387578319
