Time,Probability,RiskPremium,T0,T1,T2,Z,Expected,CVaR
13.5148808,0.1,0.0,2.0,0.0,0.0,-0.0,0.0,0.0
11.0564776,0.1,0.0,2.0,0.0,0.0,-0.0,0.0,0.0
11.4074432,0.1,7.065922588958578,0.10000109651372391,14.257370544304003,14.257370544304003,0.04085264107236647,3.9255125494214957,14.257370544304003
10.9062761,0.1,7.050490192396622,0.09999999999999609,14.260762739919508,14.260762739919508,0.03040407191222788,3.9169389957758844,14.26076274480417
10.8754267,0.1,0.0,2.0,0.0,0.0,-0.0,0.0,0.0
10.1378908,0.1,0.0,2.0,0.0,0.0,-0.0,0.0,0.0
