Time,Probability,RiskPremium,T0,T1,T2,Z,Expected,CVaR
61.2071468,0.2,16.20572796115253,0.09999999999999609,18.956852047775044,18.956852047775044,3.7612687511178193,8.102863980576265,18.956852054222395
57.7302287,0.2,39.31379111202746,0.1,46.8583186243842,46.8583186243842,8.776326328656488,19.65689555601373,46.85831862440667
37.1140838,0.2,13.613424029684737,0.09999999999999609,14.365636653385383,14.365636653385383,3.78314215657071,6.806712014842365,14.365636660521634
11.4728094,0.2,13.74468313350926,0.1,14.33235629383187,14.33235629383187,3.8883356759237175,6.87234156675463,14.33235629383187
63.4328568,0.2,27.0879078387451,0.09999999999999076,28.73101417275112,28.73101417275112,7.469129816796559,13.54395391937255,28.731014175812618
12.9655961,0.2,45.657514811471664,0.1,48.36584976992102,48.36584976992102,12.6139204625306,22.82875740573583,48.365849763749075
