Time,Probability,RiskPremium,T0,T1,T2,Z,Expected,CVaR
16.3727737,0.15,31.127296787786555,0.1,63.178093761888086,109.79111751075698,15.056353764349781,10.375765595928852,48.34361511264845
16.143515,0.15,55.63567676870356,0.1,63.6545343968845,159.2186616820817,28.519520296340346,18.54522558956784,75.68476480820352
15.5870045,0.15,25.58434110834659,0.1,36.7901540834119,61.68383187206888,13.107091515260894,8.528113702782191,34.85568630480569
15.1284946,0.15,25.591194378364673,0.1,36.81050410629964,59.60930820403673,13.214295858103041,8.530398126121549,34.17373408705541
15.4527909,0.15,40.7810114730092,0.1,38.121498083200855,91.54684087940345,21.477566860669587,13.59367049100308,51.658831299913444
16.7692313,0.15,68.71687102314303,0.1,63.62646810097078,169.06531726696798,35.29322531509196,22.905623674380998,93.02577056551507
