Time,Probability,RiskPremium,T0,T1,T2,Z,Expected,CVaR
14.3699872,0.1,6.617766932527633,0.1,14.31304043206722,14.313040432067218,0.11990376441328177,3.892804077957469,14.313040438585084
12.3148577,0.1,12.766921236627333,0.1,28.233624326229382,28.233624326229382,0.07604990330065198,7.509953668604414,28.233624327493466
26.2468779,0.1,6.699206165458531,0.10000000000025036,14.313852452326753,14.313852452326753,0.16521092017865774,3.940709509093221,14.313852453839761
10.3237677,0.1,6.680926941369816,0.09999999999999609,14.309335938756655,14.309335938756655,0.156125187208089,3.9299570243351676,14.309335943641317
10.6920536,0.1,13.03591957602821,0.09999999999999076,28.404629438124864,28.404629438124864,0.18362122707280093,7.668187985898879,28.404629438124864
11.0812325,0.1,21.87151397015742,0.09999999999999427,48.36716223838779,48.36716223838779,0.13052607223744084,12.865596453033838,48.36716223257811
