Time,Probability,RiskPremium,T0,T1,T2,Z,Expected,CVaR
68.300996,0.25,34.74918266368066,0.09999999999999787,28.470077809702143,28.470077809702143,16.17166547144639,11.98247678057954,28.47007780971647
19.3777923,0.25,71.75893616870887,0.1,52.86713639560959,52.86713639560959,35.76540516176682,24.74446074783067,52.86713639560959
40.4932328,0.25,30.88440355373029,0.1,25.076778079988433,25.076778079988433,14.463815724411447,10.649794328872469,25.076778079988433
19.2830173,0.25,31.043854876950835,0.1,25.12102057408736,25.12102057408736,14.572580121050144,10.704777543776196,25.12102057408736
16.0082954,0.25,51.25315090628823,0.1,37.60897562781254,37.60897562781254,25.605460467655256,17.673500312513262,37.60897562781254
10.1040859,0.25,87.80724135306046,0.1,62.08344767932654,62.08344767932654,44.806846828972176,30.278359087262533,62.08344767932654
