Time,Probability,RiskPremium,T0,T1,T2,Z,Expected,CVaR
24.5050771,0.1,13.637414922666961,0.1,29.638205388235097,29.638205388235097,4.828987988414767,6.494007106031872,29.638205388235097
10.4566406,0.1,23.94305899053754,0.09999999999999076,51.82147846464396,51.82147846464396,8.499600148002111,11.401456662160706,51.821478465908044
16.0061685,0.1,12.242186358715614,0.1,25.90935651961363,25.90935651961363,4.404599410010526,5.829612551769336,25.909356521126647
12.974447,0.1,12.368599547429772,0.09999999999999609,26.321673827670146,26.321673827670146,4.435603786704392,5.8898093082998715,26.321673832554808
16.3804425,0.1,18.042650769233397,0.09999999999999076,35.04164440920016,35.04164440920016,6.805921713294127,8.591738461539714,35.041644405534996
11.006458,0.1,29.49867471913374,0.1,58.49335662422203,58.49335662422203,11.007049891949505,14.04698796149228,58.49335661841235
