Time,Probability,RiskPremium,T0,T1,T2,Z,Expected,CVaR
22.8610565,0.2,22.256104873846667,0.09999999999999432,27.352728866862588,27.352728866862588,7.830614177360337,10.116411306293974,27.35272886706317
19.5690104,0.2,44.23167518237116,0.1,48.8178885528087,48.8178885528087,16.94822286836069,20.105306901077928,48.8178885528087
17.1281581,0.2,19.605242715110943,0.1,23.829911716978785,23.829911716978785,6.964159313021657,8.911473961414055,23.829911724115036
26.86553,0.2,19.84219785811805,0.1,24.06173153192051,24.06173153192051,7.062379340358536,9.01918084459908,24.061731537240984
18.0238284,0.2,31.564628474166877,0.1,32.66177332057337,32.66177332057337,12.638516345246343,14.347558397348585,32.66177332363595
20.9670223,0.2,52.65012302013151,0.09999999999999432,54.0753784345123,54.0753784345123,21.18237283800156,23.93187410005981,54.07537842834034
