Time,Probability,RiskPremium,T0,T1,T2,Z,Expected,CVaR
16.912253,0.15,25.93941398982213,0.1,63.178093761888086,109.79111751075698,10.833795562737162,10.375765595928852,41.90811780363635
15.3847485,0.15,46.36306397391959,0.1,63.6545343968845,159.2186616820817,20.505872019270306,18.54522558956784,67.29166802344398
16.3612322,0.15,21.320284256955453,0.1,36.7901540834119,61.68383187206888,9.363968232680932,8.528113702782191,31.38279584606454
17.7851609,0.15,21.325995315303892,0.1,36.81050410629964,59.60930820403673,9.407585364752169,8.530398126121549,31.11714362232266
13.6720999,0.15,33.98417622750768,0.1,38.121498083200855,91.54684087940345,15.586614149465172,13.59367049100308,45.61961440459937
14.0678883,0.15,57.26405918595251,0.1,63.62646810097078,169.06531726696798,25.672725981361154,22.905623674380998,80.81035387578319
