Time,Probability,RiskPremium,T0,T1,T2,Z,Expected,CVaR
17.5981095,0.1,8.160116000246063,0.09999999999999609,14.286333331832743,14.286333331832742,0.11412095315691995,3.885769523926702,14.286333331832742
10.8459652,0.1,0.0,2.0,0.0,0.0,-0.0,0.0,0.0
15.2548084,0.1,8.270562024820219,0.1,14.304983940820147,14.304983940820147,0.18555072711921844,3.938362868961943,14.304983940809448
17.1659539,0.1,8.246680659705225,0.09999999999999609,14.298085698545501,14.298085698545501,0.17125190413167818,3.926990790335756,14.298085703430162
14.590864,0.1,16.027183650224007,0.09999999999999076,28.267781803860785,28.267781803860785,0.1408756000442356,7.631992214392461,28.267781803860785
9.6937192,0.1,0.0,2.0,0.0,0.0,-0.0,0.0,0.0
