Time,Probability,RiskPremium,T0,T1,T2,Z,Expected,CVaR
23.8910568,0.25,38.664404167184834,0.1,63.17809376188807,156.54192510569595,16.57783139988382,15.46576166687393,59.60450233638771
26.0645818,0.25,73.8516050171862,0.1,63.6545343968845,159.2186616820817,34.16546727462845,29.540642006874442,97.1772802447629
21.4745873,0.25,30.34772368125852,0.1,36.7901540834119,70.95489073513308,14.207594412395544,12.139089472503418,38.81268811490056
21.8993942,0.25,30.353425966519957,0.1,36.81050410629964,70.14192940826788,14.298901086986913,12.14137038660799,38.22906700610842
21.881032,0.25,52.59735767172279,0.1,38.121498083200855,91.54684087940345,25.35443957909867,21.038943068689104,62.39877656158932
18.5559716,0.25,92.05099317402387,0.1,63.62646810097078,169.065317266968,44.44824903416354,36.820397269609536,108.70270973794835
