Time,Probability,RiskPremium,T0,T1,T2,Z,Expected,CVaR
18.5916125,0.05,7.973916418845324,0.1,26.930382945951656,26.930382945951656,2.0188214074488187,3.624507463111495,26.93038294596153
12.0055239,0.05,13.498197692885508,0.09999999999999432,50.00345197758944,50.00345197758944,2.9758625302467285,6.135544405857045,50.003451973674466
9.7477747,0.05,7.704704642446124,0.1,25.598018153728106,25.598018153728106,1.9929782006180758,3.50213847383915,25.598018153728106
16.3716511,0.05,7.818871973474308,0.09999999999999432,25.926271757281835,25.926271757281835,2.0276153544255147,3.554032715215606,25.926271753547578
17.149846,0.05,10.506260120429355,0.1,34.40093976499689,34.40093976499689,2.7681506401176375,4.775572782013338,34.40093976499689
8.2503368,0.05,17.06755169793129,0.1,56.50877618324143,56.50877618324143,4.4344938401253176,7.757978044514217,56.50877617743175
