Time,Probability,RiskPremium,T0,T1,T2,Z,Expected,CVaR
23.8051963,0.25,39.91953478235417,0.1,38.2044813300767,38.2044813300767,20.38853075424639,13.306511594118072,38.2044813300767
18.3930369,0.25,78.17576263524448,0.1,62.40498737425659,62.40498737425659,43.03057513286914,26.05858754508135,62.40498737425659
21.4241415,0.25,33.117878102684564,0.1,27.875907172808436,27.875907172808436,17.869431784099103,11.039292700894832,27.875907171657087
23.5972123,0.25,33.406903073620114,0.09999999999999432,28.19115654527126,28.19115654527126,18.0073881694892,11.13563435787342,28.191156542903546
21.5747006,0.25,60.339922254517546,0.1,38.121498083200855,53.185112418041854,31.9586635863778,20.11330741817247,53.185112418041854
20.6980118,0.25,106.38543118911153,0.1,63.6264681009708,95.1426951488357,56.00339960462484,35.46181039637041,95.1426951488357
