Time,Probability,RiskPremium,T0,T1,T2,Z,Expected,CVaR
20.6195924,0.2,35.358713839671864,0.1,63.17809376188807,156.54192510569598,18.102437288751215,13.095819940619208,54.70038604363338
18.5888959,0.2,65.30849435930112,0.1,63.6545343968845,159.2186616820817,34.90568476077885,24.188331244185548,86.3331147875522
18.6317199,0.2,28.071097167534447,0.1,36.7901540834119,70.95489073513308,14.999414536314328,10.396702654642404,37.14650242041974
18.0639784,0.2,28.077021793839272,0.1,36.81050410629964,70.1419294082679,15.07248857216896,10.3988969606812,36.45525957057242
19.4332626,0.2,46.93826399894163,0.1,38.121498083200855,91.54684087940345,25.298088928111223,17.384542221830234,59.9408707118324
18.0185064,0.2,80.80561621427013,0.1,63.62646810097078,169.065317266968,43.435112569074185,29.92800600528522,104.35298240439263
