Time,Probability,RiskPremium,T0,T1,T2,Z,Expected,CVaR
6.2344388,0.15,9.066445067108463,0.09999999999999609,14.210363463671452,14.210363463671452,1.0700939415473933,5.33320298065203,14.210363463682315
5.5250073,0.15,18.680779628519435,0.09999999999999076,29.388744986027255,29.388744986027255,2.1720704029417077,10.988693899129125,29.38874498729134
16.5259085,0.15,9.232579115393145,0.1,13.925308066106336,13.925308066106336,1.253336471462276,5.430928891407744,13.925308066484588
17.5515008,0.15,9.27804420023742,0.1,13.949545077889976,13.949545077889976,1.272809535150558,5.457673058963209,13.949545079375566
32.7212978,0.15,18.17413928051308,0.1,27.71469193936346,27.71469193936346,2.376262582969072,10.69067016500762,27.714691940129104
77.2631279,0.15,30.24735488468811,0.1,47.82199335098101,47.82199335098101,3.445963693432633,17.79256169687516,47.82199334480904
