Time,Probability,RiskPremium,T0,T1,T2,Z,Expected,CVaR
14.1543109,0.1,21.587838346778113,0.1,63.178093761888086,109.79111751075695,8.117540279249235,7.7099422667064745,36.51172127081854
14.671375,0.1,35.79817778382633,0.1,63.6545343968845,159.2186616820817,13.60105533041526,12.785063494223687,59.84535829016043
14.3931969,0.1,18.191577531566743,0.1,36.7901540834119,61.683831872068886,7.156910978764826,6.496991975559554,29.185364861771397
14.0165101,0.1,18.19773922717216,0.1,36.81050410629964,58.73116960119909,7.1426490541474275,6.499192581132909,29.278680540592017
12.1603958,0.1,26.669698619679195,0.1,38.121498083200855,75.85949867597274,11.016743394463198,9.524892364171135,40.16520666939552
12.9725513,0.1,44.14599013701696,0.1,63.62646810097078,121.6785427124816,18.03745840976547,15.766425048934627,67.47695844051894
