Time,Probability,RiskPremium,T0,T1,T2,Z,Expected,CVaR
64.4784359,0.25,33.32694695616756,0.1,28.021215984030043,28.021215987253683,14.976971926512105,11.902481055774036,28.021215990477323
20.6658922,0.25,68.76348350197442,0.09999999999998366,51.82147846464396,51.82147846464396,33.29985993661687,24.558386964990625,51.821478465908044
21.1593069,0.25,29.678546484870367,0.09999999999999254,24.79196654389039,24.79196654389039,13.402071335302502,10.599480887453621,24.79196654273904
21.7708841,0.25,29.823705077194482,0.09999999999999787,24.8206587990296,24.8206587990296,13.504647613416697,10.65132324185513,24.82065879666189
15.9764152,0.25,48.75962347159885,0.1,36.148331379838936,36.148331379838936,23.851800175749176,17.41415123985673,36.148331379838936
16.2319819,0.25,83.49318592154255,0.1,59.509558704463,59.509558704463,41.79796545656962,29.818994971979325,59.509558704463
