Time,Probability,RiskPremium,T0,T1,T2,Z,Expected,CVaR
6.4880163,0.05,-7.386914073019094e-12,2.0,0.0,-3.1845320252129264e-9,-3.693466510412692e-12,-4.3452435723641734e-12,6.315935428978667e-17
5.1216068,0.05,4.436981744978159e-12,2.0,3.91497678720043e-9,3.91497678720043e-9,2.2184813985859356e-12,2.6099892617518586e-12,6.315935428978667e-17
5.4592446,0.05,1.0288517415801833e-11,0.1,0.0,0.0,-9.078150971693811e-13,6.052069068118726e-12,4.034715870046865e-11
5.2553815,0.05,4.232166380309839e-12,2.0,3.7342573477872065e-9,3.7342573477872065e-9,2.116078453203348e-12,2.4895096354763763e-12,3.1579677144893335e-17
4.6974677,0.05,4.153820517179458e-12,2.0,3.6651641721618944e-9,3.6651641721618944e-9,2.076905521638157e-12,2.4434238336349755e-12,3.1579677144893335e-17
5.8543274,0.05,2.4158453015843405e-17,2.0,5.809681624668883e-9,5.809681624668883e-9,-1.16055313507483e-17,1.4210854715202004e-17,1.578983857244667e-16
