Time,Probability,RiskPremium,T0,T1,T2,Z,Expected,CVaR
25.4698907,0.25,32.47809950043526,0.1,63.17809376188807,156.54192510569595,12.598463766609953,15.46576166687393,59.60450233638771
24.2022034,0.25,62.0353482144364,0.1,63.6545343968845,159.2186616820817,25.731042383773097,29.540642006874442,97.1772802447629
22.8045525,0.25,25.492087892257153,0.1,36.7901540834119,70.95489073513308,10.685638555514036,12.139089472503418,38.81268811490056
25.5101282,0.25,25.496877811876768,0.1,36.81050410629964,70.14192940826788,10.746737763318736,12.14137038660799,38.22906700610842
24.9452067,0.25,44.181780444247075,0.1,38.121498083200855,91.54684087940345,19.006854026267998,21.038943068689104,62.39877656158932
23.9217797,0.25,77.32283426618021,0.1,63.62646810097078,169.065317266968,33.31420574973678,36.820397269609536,108.70270973794835
