Time,Probability,RiskPremium,T0,T1,T2,Z,Expected,CVaR
66.1906596,0.15,11.770305967199453,0.1,18.849373428528423,18.849373428528423,2.1536684570674964,6.539058870666436,18.849373428528462
33.761528,0.15,27.84288239024013,0.1,47.1992096438851,47.199209643885105,4.441878983019464,15.468267994577817,47.19920964514918
53.6384241,0.15,10.498561398474132,0.1,15.48137983880979,15.48137983880979,2.2538158556958754,5.832534110263333,15.481379840322791
25.7290662,0.15,10.468469219955482,0.1,15.325320046764533,15.325320046764533,2.275277030311708,5.815816233308569,15.32532005864926
48.0991211,0.15,19.835069014927047,0.1,28.922347172293268,28.922347172293268,4.33987013153524,11.019482786070524,28.92234717535585
44.8646991,0.15,32.3977231000731,0.09999999999999432,48.57406015174286,48.574060153285856,6.755156770440362,17.99873505559605,48.574060151742856
