Time,Probability,RiskPremium,T0,T1,T2,Z,Expected,CVaR
21.2026178,0.25,46.397285000621814,0.1,63.17809376188807,156.54192510569595,18.80663534468455,15.46576166687393,45.77798163953224
18.5716896,0.25,88.62192602062345,0.1,63.6545343968845,159.2186616820817,40.23946646163769,29.540642006874442,76.6451858871527
18.6011295,0.25,36.41726841751025,0.1,36.7901540834119,70.95489073513308,16.153936132735474,12.139089472503418,32.44969650318193
20.8004025,0.25,36.424111159823994,0.1,36.81050410629964,70.14192940826788,16.243516489358974,12.14137038660799,32.23943109625061
20.5468888,0.25,63.11682920606738,0.1,38.121498083200855,91.54684087940345,28.817805736799915,21.038943068689104,54.18914407013498
22.0976258,0.25,110.46119180882881,0.1,63.62646810097078,169.065317266968,50.6214084737079,36.820397269609536,94.36886243338787
