Time,Probability,RiskPremium,T0,T1,T2,Z,Expected,CVaR
10.9480389,0.05,11.815696351782517,0.1,63.178093761888086,109.79111751075692,2.1207660118583975,4.544498596839426,30.29665731226287
14.1074012,0.05,18.044189243838925,0.1,63.6545343968845,119.67234110440711,3.23870063350956,6.940072786091891,46.267151907279256
11.1291336,0.05,10.278249651496049,0.1,36.7901540834119,61.68383187206887,1.8448140400121114,3.953172942883093,26.35448628588731
12.3631975,0.05,10.283657407687999,0.1,36.81050410629964,58.05967081709798,1.8457846629183616,3.9552528491107646,26.3683523274051
12.4757417,0.05,13.384126456297315,0.1,38.12149808320086,75.85949867597273,2.4022791075405463,5.147740944729735,34.31827296486488
12.3218043,0.05,22.009772323479226,0.1,63.6264681009708,121.67854271248154,3.950471955496276,8.465297047492005,56.4353136499467
