Time,Probability,RiskPremium,T0,T1,T2,Z,Expected,CVaR
14.6666413,0.1,7.9790765909252395,0.1,17.716216784096446,17.716216784096446,0.6809736619058511,4.693574465250124,17.716216784096467
7.8748853,0.1,13.269931013820571,0.09999999999999076,29.430822320844637,29.430822320844637,1.1390931311302257,7.805841772835589,29.430822322109496
12.7841946,0.1,7.285752525811713,0.1,15.777620289804766,15.777620289804766,0.7016390439393294,4.285736779889262,15.777620289804764
9.5333073,0.1,7.152871141848413,0.1,15.48808232537152,15.48808232537152,0.6891976678685097,4.20757125991083,15.488082330256178
8.0201072,0.1,13.2690457682743,0.1,28.952016656454695,28.952016656454695,1.2343856055873434,7.805321040161321,28.95201665278953
14.4487933,0.1,21.95859200325311,0.09999999999998721,48.577071811912205,48.577071811912205,1.9097225808718663,12.91681882544304,48.57707181013434
