Time,Probability,RiskPremium,T0,T1,T2,Z,Expected,CVaR
20.3214767,0.2,10.68436723582928,0.1,14.289563547586852,14.289563547586852,1.723087505877901,6.677729522393451,14.289563547586852
18.8641027,0.2,25.434105235593893,0.1,35.179409588768735,35.179409588768735,3.752861318011834,15.896315772246028,35.17940959003282
85.2887684,0.2,10.588135821420748,0.1,13.754577762595844,13.754577762595844,1.8294530702351766,6.617584888388022,13.754577764379908
89.9994911,0.2,10.725488068467648,0.1,13.78676385675667,13.78676385675667,1.8970578810870187,6.70343004279223,13.786763858086788
30.175257,0.2,21.03530915028667,0.1,27.420184961126083,27.420184961126083,3.6063059080094204,13.147068218929217,27.420184963423036
18.6279447,0.2,36.04565417772238,0.1,47.391169240233644,47.391169240233644,6.058329702898974,22.528533861076447,47.391169240233644
