Time,Probability,RiskPremium,T0,T1,T2,Z,Expected,CVaR
24.9887115,0.1,14.731776311423632,0.1,20.524659615826906,20.524659615826906,3.3651032555020923,5.261348682651308,20.524659615826902
19.1485324,0.1,24.947222356631798,0.09999999999999076,34.98580799498021,34.98580799498021,5.607065796377945,8.909722270225624,34.985807995296234
10.179459,0.1,13.784536383096459,0.09999999999999609,18.89552399111593,18.89552399111593,3.27249756109562,4.923048708248742,18.895523992628938
24.8703554,0.1,13.754483414619303,0.1,18.924087456077523,18.924087456077523,3.2374591285670946,4.912315505221212,18.924087457298693
34.1025176,0.1,22.09949392143705,0.1,29.381561524897275,29.38156152489728,5.611263472636189,7.8926764005132215,29.381561521232115
52.2423519,0.1,36.276560213722256,0.09999999999998721,48.77360300978265,48.77360300978265,8.993570392582951,12.955914362043563,48.77360300978265
