Time,Probability,RiskPremium,T0,T1,T2,Z,Expected,CVaR
36.4013838,0.25,32.649773503780736,0.1,47.393488603512715,47.393488603512715,15.134426315540704,14.195553697296006,47.39348860673636
33.0888833,0.25,66.18395232026107,0.1,63.6545343968845,93.29295437926699,30.95658858310177,28.775631443591767,93.29295437926699
23.6604861,0.25,26.444081455435796,0.1,32.978856233568166,32.978856233568166,12.798511784414918,11.497426719754676,32.9788562324168
22.1631148,0.25,26.581945359033167,0.09999999999999076,33.11424505402664,33.11424505402664,12.868890061198954,11.557367547405754,33.114245051690496
20.7809271,0.25,46.99633067821137,0.1,38.121498083200855,56.75473870323452,22.930988281631276,20.433187251396298,56.75473870323452
19.2758178,0.25,81.96926877437402,0.1,63.62646810097078,97.09456733618859,40.18488078121748,35.63881251059733,97.09456733618859
