Time,Probability,RiskPremium,T0,T1,T2,Z,Expected,CVaR
38.5948875,0.15,16.318873070887978,0.1,22.946157163551472,22.946157163551472,4.242657215493204,7.417669577676411,22.946157170071093
56.0849539,0.15,34.32428118578602,0.09999999999999076,47.82789117514753,47.82789117514753,9.054551637734573,15.60194599353909,47.82789117524725
35.8303186,0.15,14.437121234594294,0.1,18.802648521453552,18.802648521453552,4.2026971939697795,6.562327833906493,18.802648522966546
28.398343,0.15,14.514979223968863,0.1,18.857057492955303,18.857057492955303,4.239459495282831,6.597717829076773,18.857057494440898
19.076834,0.15,24.451995479137405,0.1,29.356019211826318,29.356019211826318,7.865009335863901,11.114543399607976,29.356019211826318
50.2019295,0.15,39.69813616052933,0.1,48.78616173271813,48.78616173271813,12.431062498727197,18.044607345695194,48.78616173271813
