Time,Probability,RiskPremium,T0,T1,T2,Z,Expected,CVaR
13.7974648,0.05,8.390272947725684,0.1,27.245644033409093,27.245644033409093,2.3825582598403434,3.6479447598807164,27.245644039926955
9.4535201,0.05,14.199648923975591,0.09999999999998721,50.532525377671455,50.532525377671455,3.590012025044305,6.173760401728502,50.53252537375648
16.664038,0.05,8.113582252779254,0.09999999999999076,25.936128828694503,25.936128828694503,2.3450893579511907,3.5276444577301125,25.936128828709634
17.1434508,0.05,8.220439782288391,0.09999999999999076,26.19970735593841,26.19970735593841,2.383775219216008,3.574104253168865,26.199707352204157
11.7315389,0.05,11.08910947168461,0.09999999999999076,35.01441855290731,35.01441855290731,3.2484508669304475,4.8213519442107025,35.01441854964531
11.0699292,0.05,18.03454016997749,0.1,57.629432051348125,57.629432051348125,5.214602985867232,7.84110442172933,57.629432045538444
