Time,Probability,RiskPremium,T0,T1,T2,Z,Expected,CVaR
12.020487,0.05,-7.82143843025551e-12,2.0,0.0,-3.1845320252129264e-9,-4.56251759336131e-12,-4.3452435723641734e-12,4.736951571734002e-17
14.3506557,0.05,4.697980671153346e-12,2.0,3.91497678720043e-9,3.91497678720043e-9,2.740476882460522e-12,2.6099892617518586e-12,4.736951571734002e-17
13.0671919,0.05,1.0893724322613706e-11,0.1,0.0,0.0,-1.2104197348132122e-12,6.052069068118726e-12,3.0260369025351497e-11
11.8581496,0.05,4.481117343857477e-12,2.0,3.7342573477872065e-9,3.7342573477872065e-9,2.6139791960607305e-12,2.4895096354763763e-12,2.368475785867001e-17
11.8197798,0.05,4.398162900542956e-12,2.0,3.6651641721618944e-9,3.6651641721618944e-9,2.565589104127259e-12,2.4434238336349755e-12,2.368475785867001e-17
13.1121944,0.05,2.5579538487363606e-17,2.0,5.809681624668883e-9,5.809681624668883e-9,-1.468454987237541e-17,1.4210854715202004e-17,1.1842378929335005e-16
