Time,Probability,RiskPremium,T0,T1,T2,Z,Expected,CVaR
11.4462513,0.1,13.10690185340101,0.1,63.178093761888086,109.79111751075695,2.897434883135191,7.7099422667064745,32.70518930229992
6.6570511,0.1,21.734607940180254,0.1,63.6545343968845,159.2186616820817,4.807999897232309,12.785063494223687,54.200508981466314
4.8322012,0.1,11.044886358451237,0.1,36.7901540834119,61.683831872068886,2.5248693785572622,6.496991975559554,26.727242018903787
4.7885389,0.1,11.04862738792596,0.1,36.81050410629964,58.73116960119909,2.5171072923625974,6.499192581132909,26.82246772543737
4.6709515,0.1,16.19231701909093,0.1,38.121498083200855,75.85949867597274,3.8664436404939546,9.524892364171135,37.5347025084296
4.9245092,0.1,26.80292258318887,0.1,63.62646810097078,121.6785427124816,6.330898415198153,15.766425048934627,62.82241623949559
