Time,Probability,RiskPremium,T0,T1,T2,Z,Expected,CVaR
5.3504894,0.05,-9.125011501964763e-12,2.0,0.0,-3.1845320252129264e-9,-6.517884306352547e-12,-4.3452435723641734e-12,4.736951571734002e-17
4.5611052,0.05,5.480977449678903e-12,2.0,3.91497678720043e-9,3.91497678720043e-9,3.9149649448215005e-12,2.6099892617518586e-12,4.736951571734002e-17
4.2465941,0.05,-2.118206765544528e-12,0.1,0.0,0.0,-1.5130285172896645e-12,-1.0086698883545369e-12,5.921189464667503e-17
4.6608204,0.05,5.22797023450039e-12,2.0,3.7342573477872065e-9,3.7342573477872065e-9,3.7342549793114215e-12,2.4895096354763763e-12,2.368475785867001e-17
4.099647,0.05,5.13119005063345e-12,2.0,3.6651641721618944e-9,3.6651641721618944e-9,3.665126276549321e-12,2.4434238336349755e-12,2.368475785867001e-17
4.6014099,0.05,2.984279490192421e-17,2.0,5.809681624668883e-9,5.809681624668883e-9,-2.6053233644537016e-17,1.4210854715202004e-17,1.1842378929335005e-16
