Time,Probability,RiskPremium,T0,T1,T2,Z,Expected,CVaR
41.813072,0.15,11.868271324382611,0.09999999999999609,22.946157168439882,22.946157168439882,2.1213286077939295,7.417669577739158,22.946157170069355
56.2047561,0.15,24.958929200789093,0.1,47.814558521898554,47.81455852189855,4.5273142843955325,15.599330750493058,47.81455852316263
21.3749922,0.15,10.529073745500611,0.09999999999999609,18.89552399111593,18.89552399111593,2.1011747193090935,6.580671090937833,18.89552399262893
8.9979423,0.15,10.556348526524443,0.1,18.857057488498544,18.857057488498544,2.119729747642168,6.597717829077764,18.857057494440905
9.0565928,0.15,17.783269439369377,0.1,29.356019208763737,29.356019208763737,3.9325046679304743,11.114543399605934,29.356019211826318
13.7456284,0.15,28.871624627136875,0.09999999999998721,48.78695461308991,48.78695461308991,6.2155308529326945,18.044765391960535,48.78695460691794
