Time,Probability,RiskPremium,T0,T1,T2,Z,Expected,CVaR
13.9100909,0.15,0.0,2.0,0.0,0.0,-0.0,0.0,0.0
44.2710663,0.15,0.0,0.1,0.0,-2.8209454963899614e-9,-0.0,0.0,0.0
11.7822259,0.15,0.0,2.0,0.0,0.0,-0.0,0.0,0.0
10.5076978,0.15,-6.338518687698525e-12,2.0,-2.6090279363840333e-9,-2.6090279363840333e-9,-3.961574179811579e-12,-3.961574179811578e-12,0.0
12.142805,0.15,0.0,2.0,0.0,0.0,-0.0,0.0,0.0
25.4706355,0.15,0.0,0.1,6.171980260205601e-9,6.171980260205601e-9,-0.0,0.0,0.0
