Time,Probability,RiskPremium,T0,T1,T2,Z,Expected,CVaR
14.3237702,0.2,19.85850138876336,0.1,24.142625253289772,24.142625253289772,5.261903548828088,9.45642923274456,24.142625253289772
53.8808485,0.2,41.579837342047675,0.09999999999999432,47.38812452136388,47.38812452136388,12.124044105968615,19.79992254383225,47.3881245216799
6.3416141,0.2,16.144730101390394,0.1,17.786691747071654,17.786691747071654,4.9222096251992795,7.687966714947738,17.786691747071654
6.7050269,0.2,16.197770362218357,0.1,17.639695431561737,17.639695431561737,5.010281371003964,7.713223982008687,17.63969543688221
16.8849466,0.2,28.69082371532906,0.1,29.183377006821036,29.183377006821004,9.596148708197125,13.662297007299363,29.183377006821058
34.2786174,0.2,48.09653712810632,0.1,48.645622221957545,48.64562222812945,16.183545953626396,22.903112918145535,48.645622221957545
