Time,Probability,RiskPremium,T0,T1,T2,Z,Expected,CVaR
88.6984459,0.25,20.346656216031302,0.1,25.120036604310787,25.120036604310787,5.58887364161497,11.303697897795153,25.120036604280337
30.7263701,0.25,43.04604029349715,0.09999999999998366,48.57512938456597,48.57512938456597,12.966651349140639,23.914466829720723,48.57415528826338
34.3293158,0.25,17.475246658841048,0.1,20.65344044870102,20.65344044870102,5.0305337721486145,9.708470366022803,20.65344044870102
14.780067,0.25,17.980649575008144,0.1,21.77487612902585,21.77487612902585,5.044993219979627,9.98924976389349,21.77487612843392
20.7649224,0.25,29.302059246034887,0.1,30.79107755939613,30.79107755939613,9.395098502905647,16.27892180335258,30.791077562458714
25.6162141,0.25,49.82209279403718,0.1,49.18986045788914,49.18986045943211,16.765422348716235,27.678940441131754,49.189860457889125
