Time,Probability,RiskPremium,T0,T1,T2,Z,Expected,CVaR
35.096334,0.25,19.528608152567436,0.1,25.918309735359827,25.918309735359827,5.155012956583758,11.487416560333742,25.918309738583474
9.6591086,0.25,40.756605593140264,0.09999999999998721,48.83901367670588,48.83901367670588,11.809223754892145,23.974473878317614,48.839013677969966
15.8736553,0.25,17.1556628920492,0.1,22.32216037401212,22.32216037401212,4.617977691576501,10.091566407087834,22.32216037401212
12.6293575,0.25,17.54072632650389,0.1,23.1864976451401,23.1864976451401,4.648967350182898,10.318074309708138,23.186497642772387
12.4187147,0.25,28.416211892970416,0.09999999999999432,32.66991659196362,32.66991659196362,8.509893565508476,16.715418760570834,32.6699165950262
9.7680079,0.25,47.91479373486365,0.1,51.386220805281205,51.386220805281205,15.089411346870971,28.18517278521392,51.38622079910923
