Time,Probability,RiskPremium,T0,T1,T2,Z,Expected,CVaR
46.0063035,0.15,16.04062493603188,0.1,20.776237040110047,20.776237040110047,4.2357218813756425,6.974184754796473,20.776237040110047
35.4026196,0.15,35.6755482990863,0.09999999999999076,47.38812452136388,47.38812452136388,9.0074845446857,15.511107956124397,47.388124522627955
54.5688597,0.15,14.626153212058254,0.1,17.825273601509114,17.825273601509114,4.253829369861447,6.359197048721,17.825273601509114
11.6674232,0.15,14.811731830860259,0.1,18.103821256680614,18.103821256680614,4.289470175872997,6.439883404721827,18.103821262622976
79.163281,0.15,25.504094310988314,0.1,29.23014353906575,29.23014353906575,8.065865243153047,11.088736656951383,29.230143545190906
84.6610871,0.15,41.47484598707373,0.1,48.7276525469595,48.7276525469595,12.69901547101627,18.03254173351028,48.727652540787524
