Time,Probability,RiskPremium,T0,T1,T2,Z,Expected,CVaR
23.3501655,0.25,41.757556500559694,0.1,63.17809376188807,156.54192510569595,17.27386750541574,15.46576166687393,51.53747097995397
19.3611525,0.25,79.75973341856117,0.1,63.6545343968845,159.2186616820817,36.441543121780406,29.540642006874442,84.65083516649952
19.9976187,0.25,32.77554157575918,0.1,36.7901540834119,70.95489073513308,14.940229936467478,12.139089472503418,34.92397813965663
23.6556032,0.25,32.78170004384159,0.1,36.81050410629964,70.14192940826788,15.020978159433062,12.14137038660799,34.61877637781018
20.8999739,0.25,56.8051462854606,0.1,38.121498083200855,91.54684087940345,26.279152453083842,21.038943068689104,58.9871461234396
21.2443507,0.25,99.4150726279459,0.1,63.62646810097078,169.065317266968,45.829023970432765,36.820397269609536,103.88300282122408
