Time,Probability,RiskPremium,T0,T1,T2,Z,Expected,CVaR
14.0930004,0.1,22.358832573448773,0.1,63.178093761888086,109.79111751075695,8.888534505919894,7.7099422667064745,36.51172127081854
14.9272265,0.1,37.07668413324868,0.1,63.6545343968845,159.2186616820817,14.879561679837611,12.785063494223687,59.84535829016043
15.7868169,0.1,18.84127672912269,0.1,36.7901540834119,61.683831872068886,7.806610176320773,6.496991975559554,29.185364861771397
12.7198427,0.1,18.84765848528547,0.1,36.81050410629964,58.73116960119909,7.792568312260738,6.499192581132909,29.278680540592017
12.5128554,0.1,27.62218785609629,0.1,38.121498083200855,75.85949867597274,11.969232630880292,9.524892364171135,40.16520666939552
12.7314627,0.1,45.722632641910415,0.1,63.62646810097078,121.6785427124816,19.614100914658927,15.766425048934627,67.47695844051894
