Time,Probability,RiskPremium,T0,T1,T2,Z,Expected,CVaR
36.4454013,0.2,15.787795233022566,0.1,25.997826027604088,25.997826027604088,3.500855111338659,9.867372020639156,25.997826027604088
70.2355884,0.2,32.08096740430157,0.09999999999999432,48.52217790475155,48.52217790475155,7.759626784864087,20.050604627688312,48.522177906015635
15.422809,0.2,13.324557685990003,0.1,20.6816639903851,20.6816639903851,3.1436368167480593,8.32784855374374,20.681663990398317
8.5706426,0.2,13.556512878571144,0.1,21.11436362354905,21.114363623548776,3.1874608677979097,8.472820549106943,21.114363626882106
23.320963,0.2,22.29986288589303,0.1,30.468375359884295,30.468375359884295,5.882804423319591,13.93741430368313,30.468375362951992
17.8938896,0.2,37.024403844891594,0.1,49.776742734890725,49.77674274106267,9.888677892055114,23.140252403057154,49.77674273491816
