Time,Probability,RiskPremium,T0,T1,T2,Z,Expected,CVaR
171.7345023,0.15,10.048384329562161,0.09999999999999609,15.103304338980088,15.103304338980088,1.6096880069054336,5.582435738645665,15.10330435201587
43.1588131,0.15,21.432663945815648,0.1,32.64039824218703,32.640398242187,3.30561960534227,11.907035525453104,32.64039824218704
16.2786799,0.15,9.972156976819317,0.09999999999999609,14.30181659306408,14.30181659306408,1.803550952359267,5.540087209344122,14.30181659306408
25.7063733,0.15,10.01148193698414,0.1,14.30933593875659,14.30933593875659,1.825327068752217,5.561934409435631,14.30933593875659
14.9080455,0.15,19.547468132451435,0.1,28.313513297830625,28.313513297830603,3.4516209804822298,10.859704518028684,28.313513297830625
48.2991326,0.15,32.29154495319691,0.1,48.34463161795519,48.34463161795519,5.230332432307547,17.93974719622068,48.344631611783214
