Time,Probability,RiskPremium,T0,T1,T2,Z,Expected,CVaR
5.7712185,0.1,16.190878760083596,0.1,63.178093761888086,109.79111751075695,5.981411789817778,7.7099422667064745,32.70518930229992
5.2379368,0.1,26.84863333786975,0.1,63.6545343968845,159.2186616820817,9.922025294921804,12.785063494223687,54.200508981466314
4.9597595,0.1,13.643683148675057,0.1,36.7901540834119,61.683831872068886,5.123666168781084,6.496991975559554,26.727242018903787
4.6670195,0.1,13.648304420379128,0.1,36.81050410629964,58.73116960119909,5.116784324815766,6.499192581132909,26.82246772543737
5.023022,0.1,20.002273964759375,0.1,38.121498083200855,75.85949867597274,7.676400586162396,9.524892364171135,37.5347025084296
4.2474507,0.1,33.109492602762714,0.1,63.62646810097078,121.6785427124816,12.63746843477199,15.766425048934627,62.82241623949559
