Time,Probability,RiskPremium,T0,T1,T2,Z,Expected,CVaR
104.7468158,0.25,21.617685015860236,0.09999999999999787,23.269152165900135,23.269152165900135,5.824718643453868,10.808842507930118,23.269152169121053
37.5077876,0.25,47.170452796584186,0.1,47.32203959844746,47.32203959844662,14.090501117724646,23.585226398292093,47.32203959971069
25.9193193,0.25,17.14764634606763,0.1,16.36258712924402,16.362587129531853,5.45831759054971,8.573823173033809,16.362587129244016
11.0800601,0.25,17.19168322161442,0.1,16.4709258504558,16.4709258504558,5.445807914947789,8.59584161080721,16.4709258504558
11.2015536,0.25,31.706389639257097,0.1,29.119097673115498,29.119097673115498,10.546833678233885,15.853194819628548,29.119097673115498
44.7076378,0.25,55.046944577224956,0.1,48.57403115764871,48.57403115764871,19.103248743466697,27.523472288612464,48.57403115147677
