Time,Probability,RiskPremium,T0,T1,T2,Z,Expected,CVaR
12.6108756,0.1,0.0,2.0,0.0,0.0,-0.0,0.0,0.0
13.6434265,0.1,0.0,2.0,0.0,0.0,-0.0,0.0,0.0
10.3911731,0.1,0.0,2.0,0.0,0.0,-0.0,0.0,0.0
12.5984773,0.1,0.0,2.0,0.0,0.0,-0.0,0.0,0.0
12.4327063,0.1,0.0,2.0,0.0,0.0,-0.0,0.0,0.0
11.5842972,0.1,0.0,2.0,0.0,0.0,-0.0,0.0,0.0
