Time,Probability,RiskPremium,T0,T1,T2,Z,Expected,CVaR
18.5043835,0.15,18.67637807271587,0.1,63.17809376188807,109.79111751075689,2.828438143849112,10.375765595953256,37.73663726052081
14.1259066,0.15,33.3814060612221,0.1,63.6545343968845,159.21866168208157,6.036423833864035,18.545225589567835,62.54400877851886
17.6249356,0.15,15.350604665007934,0.1,36.79015408341189,61.68383187206885,2.8017981294685113,8.528113702782187,28.63157786656837
20.7930791,0.15,15.354716627018814,0.1,36.81050410629964,59.60930820403673,2.826306330189621,8.530398126121549,28.52045897965975
14.6331138,0.15,24.46860688381799,0.1,38.121498083200855,91.54684087940338,5.243339557242683,13.593670491009997,41.751654668836665
13.8280284,0.15,41.23012261388579,0.1,63.62646810097078,169.06531726696798,8.287374999159804,22.905623674380994,73.09124337610604
