Time,Probability,RiskPremium,T0,T1,T2,Z,Expected,CVaR
15.6625818,0.15,28.014567109007896,0.1,63.178093761888086,109.79111751075698,6.694452847291081,10.375765595928852,37.736637260398794
12.0912734,0.15,50.0721090918332,0.1,63.6545343968845,159.2186616820817,13.927370226684939,18.54522558956784,62.54400877851889
13.2973315,0.15,23.025906997511896,0.1,36.7901540834119,61.68383187206888,6.4564076292152235,8.528113702782191,28.631577866568378
14.0696059,0.15,23.03207494052824,0.1,36.81050410629964,59.60930820403673,6.505652472991395,8.530398126121549,28.520458979659754
10.8184878,0.15,36.702910325708295,0.1,38.121498083200855,91.54684087940345,11.846046163585607,13.59367049100308,41.75165466880207
12.4739147,0.15,61.84518392082874,0.1,63.62646810097078,169.06531726696798,18.865312365757735,22.905623674380998,73.09124337610605
