Time,Probability,RiskPremium,T0,T1,T2,Z,Expected,CVaR
41.6210961,0.1,15.807360233665348,0.1,24.142625253289765,24.142625253289765,4.466368152165245,5.854577864320512,24.14262525491923
37.6313625,0.1,29.908278493975185,0.1,48.45922206935491,48.45922206935491,7.616513745101069,11.077140182953777,48.45922206935491
12.322349,0.1,14.135437405798996,0.09999999999999609,20.77568887736612,20.77568887736612,4.237987711002169,5.235347187332955,20.77568887887913
18.3994235,0.1,14.195408587365293,0.09999999999999609,21.001121572437818,21.001121572437818,4.214781000024765,5.257558736061228,21.001121573658985
11.8624209,0.1,21.789992704150393,0.09999999999999076,30.46837536661205,30.46837536661205,7.000222727523583,8.070367668203836,30.468375362946887
11.1000797,0.1,35.26405714846721,0.09999999999998721,49.440392525079886,49.440392525079886,11.289406057898441,13.06076190683966,49.440392519270205
