Time,Probability,RiskPremium,T0,T1,T2,Z,Expected,CVaR
37.9939672,0.1,12.280286189884048,0.1,18.72356147322694,18.72356147322694,1.843592915009506,4.912114475953615,18.72356147325591
76.4071279,0.1,19.999131268641026,0.1,30.32640878871992,30.32640878871992,3.0687762481735823,7.9996525074564335,30.326408789984182
10.7637938,0.1,11.195769208479403,0.1,16.66965947846685,16.66965947846685,1.8409208070575938,4.478307683391772,16.66965947846685
23.0768884,0.1,11.062402842425767,0.1,16.491571259243553,16.491571259243553,1.810797656543194,4.4249611369703015,16.49157125925102
47.3262165,0.1,19.59470275258818,0.1,29.10213176840787,29.10213176840787,3.2511213845453675,7.837881101035235,29.102131768554003
19.7030074,0.1,32.29664968046759,0.1,48.58583870277417,48.58583870277417,5.111118278369608,12.918659872187039,48.585838696964494
