Time,Probability,RiskPremium,T0,T1,T2,Z,Expected,CVaR
10.0731423,0.1,0.0,2.0,0.0,0.0,-0.0,0.0,0.0
11.5298096,0.1,0.0,2.0,0.0,0.0,-0.0,0.0,0.0
10.0194169,0.1,0.0,2.0,0.0,0.0,-0.0,0.0,0.0
10.103612,0.1,0.0,2.0,0.0,0.0,-0.0,0.0,0.0
10.3038366,0.1,0.0,2.0,0.0,0.0,-0.0,0.0,0.0
11.0628058,0.1,0.0,2.0,0.0,0.0,-0.0,0.0,0.0
