Time,Probability,RiskPremium,T0,T1,T2,Z,Expected,CVaR
37.242249,0.25,28.10082772146422,0.1,45.60884022458885,45.60884022458885,10.894571224024055,14.05041386073211,45.6088402278125
33.5598348,0.25,53.541064743623394,0.1,63.6545343968845,69.92276449917854,22.4553091590751,26.77053237181165,69.92276449917854
23.9644331,0.25,22.539278780474238,0.09999999999999076,30.180466892357416,30.180466892357416,9.378556640140273,11.269639390237119,30.180466891206066
23.8061789,0.25,22.592003008528778,0.1,29.840211023410276,29.840211023410276,9.441580552349837,11.296001504264389,29.840211023410276
21.5459435,0.25,40.539563861768926,0.1,38.121498083200855,54.740130820649824,16.822747041907967,20.269781930884456,54.740130820649824
20.0834601,0.25,71.11974571693115,0.1,63.62646810097078,96.11834974632191,29.50402516967998,35.55987285846557,96.11834974632191
