Time,Probability,RiskPremium,T0,T1,T2,Z,Expected,CVaR
11.9296368,0.15,13.097642441161671,0.09999999999999609,20.402144286585983,20.402144286585983,2.826984352859782,6.893496021664039,20.402144288215457
8.9078228,0.15,29.46268270137212,0.1,47.36744396447266,47.36744396447266,5.990815380764813,15.50667510598543,47.36744396447266
11.9317496,0.15,11.939887366657567,0.1,17.478596434905448,17.478596434905448,2.8571248237242957,6.284151245609167,17.478596434905448
10.4535867,0.15,12.106910066894969,0.1,17.787093477841225,17.787093477841225,2.88109324997611,6.372057929944712,17.787093477841225
7.1061168,0.15,21.04024720470312,0.1,29.160461172564506,29.160461172564506,5.44477117286331,11.07381431826481,29.160461172564506
10.5936678,0.15,34.27012707085652,0.09999999999999432,48.74843748119532,48.74843748119532,8.555335963604676,18.0369089846612,48.748437475023344
