Time,Probability,RiskPremium,T0,T1,T2,Z,Expected,CVaR
13.4111608,0.1,21.587838346778113,0.1,63.178093761888086,109.79111751075695,5.237362378838021,7.7099422667064745,36.51172127081854
12.0431084,0.1,35.79817778382633,0.1,63.6545343968845,159.2186616820817,8.895025850821618,12.785063494223687,59.84535829016043
18.836766,0.1,18.191577531566743,0.1,36.7901540834119,61.683831872068886,4.888073690143642,6.496991975559554,29.185364861771397
12.3563169,0.1,18.19773922717216,0.1,36.81050410629964,58.73116960119909,4.864700258201513,6.499192581132909,29.278680540592017
13.1308036,0.1,26.669698619679195,0.1,38.121498083200855,75.85949867597274,7.952711963940738,9.524892364171135,40.16520666939552
10.6576397,0.1,44.14599013701696,0.1,63.62646810097078,121.6785427124816,12.866405070607037,15.766425048934627,67.47695844051894
