Time,Probability,RiskPremium,T0,T1,T2,Z,Expected,CVaR
17.1886635,0.15,31.127296787786555,0.1,63.178093761888086,109.79111751075698,15.279356858963718,10.375765595928852,37.736637260398794
14.9163468,0.15,55.63567676870356,0.1,63.6545343968845,159.2186616820817,28.29069454134547,18.54522558956784,62.54400877851889
16.6938652,0.15,25.58434110834659,0.1,36.7901540834119,61.68383187206888,13.035534572807164,8.528113702782191,28.631577866568378
17.8851868,0.15,25.591194378364673,0.1,36.81050410629964,59.60930820403673,13.062784081535472,8.530398126121549,28.520458979659754
18.3252518,0.15,40.7810114730092,0.1,38.121498083200855,91.54684087940345,21.55574414644631,13.59367049100308,41.75165466880207
14.0663002,0.15,68.71687102314303,0.1,63.62646810097078,169.06531726696798,35.77412340841695,22.905623674380998,73.09124337610605
