Time,Probability,RiskPremium,T0,T1,T2,Z,Expected,CVaR
13.2440786,0.1,16.961872986754244,0.1,63.17809376188807,109.79111751075689,1.7533566093697392,7.709942266706473,32.705189302299914
13.1508123,0.1,26.483788016121146,0.1,61.86776984682865,61.86776984682865,2.9174425468956517,12.038085461873232,50.465618819714095
13.9754349,0.1,14.293382346231018,0.1,36.79015408341189,61.68383187206885,1.7273153576681965,6.496991975559552,26.72724201890378
13.1009538,0.1,14.298223678492418,0.09999999999999609,36.81050410629964,58.73116960119909,1.7020485540681727,6.499192581132909,26.822467725437367
13.3327955,0.1,20.954763201176497,0.09999999999999076,38.12149808320086,75.85949867597273,3.026927793727821,9.524892364171135,37.5347025084296
11.6963588,0.1,31.567221354823314,0.1,63.48656264156092,63.48656264156092,4.8029127015533035,14.34873697946514,55.73397589214812
