Time,Probability,RiskPremium,T0,T1,T2,Z,Expected,CVaR
35.4558567,0.1,11.965070181017499,0.1,19.082707506036016,19.082707506036016,2.045582710931397,4.9854459087572724,19.08270751255388
49.2250494,0.1,20.185643785373113,0.1,32.328616063207996,32.328616063207996,3.403682971377949,8.410684910572165,32.328616063209196
13.8642083,0.1,11.316548692355521,0.1,17.818425249706017,17.818425249706017,2.015201250646406,4.715228621814802,17.81842525008427
14.9818197,0.1,11.279361932588643,0.09999999999999609,17.825175512665908,17.825175512665908,1.985723313079486,4.699734138578629,17.825175512665908
45.7627345,0.1,18.85892853288817,0.1,29.199675134756273,29.199675134756273,3.5314157593491236,7.857886888703482,29.19967513109111
23.8665715,0.1,31.048331423957666,0.1,48.67431479618631,48.67431479618631,5.603398151812339,12.936804759982191,48.67431479473389
