Time,Probability,RiskPremium,T0,T1,T2,Z,Expected,CVaR
13.6118402,0.1,0.0,2.0,0.0,0.0,-0.0,0.0,0.0
12.5199153,0.1,0.0,2.0,0.0,0.0,-0.0,0.0,0.0
10.3851983,0.1,7.065922589981792,0.10000109651376174,14.257370544879304,14.257370544879304,0.04085264107121622,3.925512549989816,14.257370546392313
10.0701543,0.1,7.050490192396622,0.09999999999999609,14.260762739919508,14.260762739919508,0.03040407191222788,3.9169389957758844,14.26076274480417
9.8165933,0.1,0.0,2.0,0.0,0.0,-0.0,0.0,0.0
10.9162029,0.1,0.0,2.0,0.0,0.0,-0.0,0.0,0.0
