Time,Probability,RiskPremium,T0,T1,T2,Z,Expected,CVaR
15.1891746,0.1,16.102138964404446,0.1,29.029773456225012,29.029773456225012,6.272945696117825,6.44085558576177,29.029773469260746
16.2745365,0.1,28.181573217356185,0.09999999999999076,50.34512247418717,50.34512247418717,11.04806995232698,11.272629286942495,50.34512247418717
18.2886913,0.1,14.444722219414073,0.1,25.312113870501467,25.31211387050147,5.736699584238101,5.77788888776562,25.312113870501467
35.7025216,0.1,14.670573158270484,0.09999999999999432,26.065928860761797,26.065928860761797,5.772688954611569,5.868229263308187,26.06592886564646
14.8291638,0.1,21.33946881057497,0.1,34.400939764668095,34.400939764668095,8.92390845082904,8.535787524229988,34.40093976100293
9.4605696,0.1,34.75936069720402,0.09999999999998721,56.833161849766064,56.833161849766064,14.416203782689763,13.903744278881637,56.833161849766064
