Time,Probability,RiskPremium,T0,T1,T2,Z,Expected,CVaR
21.5637473,0.25,20.694693635308397,0.1,23.564145152204603,23.5641451522046,5.367479219957596,10.891944018583292,23.5641451522046
54.6837052,0.25,44.851547157362624,0.09999999999999432,47.39577760706939,47.39577760706939,12.919074651137098,23.606077451243166,47.39577760833537
9.011068,0.25,16.71480721450909,0.09999999999999609,17.155610734953893,17.155610734953893,4.9921199366974305,8.797266955004787,17.155610734453056
26.0665143,0.25,16.958413308422966,0.09999999999999609,17.63969543045085,17.63969543045085,4.982957459762508,8.925480688643745,17.639695431548642
6.5784787,0.25,30.195659532393556,0.09999999999999076,29.259028686918107,29.259028686918107,9.624905440344687,15.89245238547025,29.25902868998069
51.6715163,0.25,52.295061012687,0.09999999999999432,48.5748944535866,48.5748944535866,17.403432344868218,27.523716322466797,48.574894452043615
