Time,Probability,RiskPremium,T0,T1,T2,Z,Expected,CVaR
25.3506323,0.25,35.57125183381,0.1,63.17809376188807,156.54192510569595,15.691616099984685,15.46576166687393,59.60450233638771
24.023346,0.25,67.94347661581133,0.1,63.6545343968845,159.2186616820817,31.639170785148057,29.540642006874442,97.1772802447629
23.3865049,0.25,27.919905786757884,0.1,36.7901540834119,70.95489073513308,13.113456450014768,12.139089472503418,38.81268811490056
26.1578572,0.25,27.925151889198364,0.1,36.81050410629964,70.14192940826788,13.175011840640334,12.14137038660799,38.22906700610842
26.0407319,0.25,48.389569057984936,0.1,38.121498083200855,91.54684087940345,23.21464264000586,21.038943068689104,62.39877656158932
21.9235863,0.25,84.68691372010194,0.1,63.62646810097078,169.065317266968,40.678285203658525,36.820397269609536,108.70270973794835
