Time,Probability,RiskPremium,T0,T1,T2,Z,Expected,CVaR
11.3084136,0.05,-9.559535859201181e-12,2.0,0.0,-3.1845320252129264e-9,-6.300618969766623e-12,-4.3452435723641734e-12,6.315935428978667e-17
10.1209293,0.05,5.7419763758540895e-12,2.0,3.91497678720043e-9,3.91497678720043e-9,3.784468639701624e-12,2.6099892617518586e-12,6.315935428978667e-17
11.4465425,0.05,1.5533641336181367e-11,0.1,0.0,0.0,-1.529836208331085e-12,7.06074606190062e-12,4.707167199234795e-11
13.3686888,0.05,5.476921198048028e-12,2.0,3.7342573477872065e-9,3.7342573477872065e-9,3.60978107652146e-12,2.4895096354763763e-12,3.1579677144893335e-17
45.688358,0.05,5.3755324339969475e-12,2.0,3.6651641721618944e-9,3.6651641721618944e-9,3.5429566638514287e-12,2.4434238336349755e-12,3.1579677144893335e-17
22.2328151,0.05,3.126388037344441e-17,2.0,5.809681624668883e-9,5.809681624668883e-9,-1.8868857094073762e-17,1.4210854715202004e-17,1.578983857244667e-16
