Time,Probability,RiskPremium,T0,T1,T2,Z,Expected,CVaR
22.3323997,0.25,30.28430090024639,0.1,29.245265308074472,29.245265308074472,13.031117054788034,12.113720360098611,29.24526531129812
11.3116385,0.25,62.21596664978364,0.1,53.70344867446606,53.70344867446606,28.684461385504335,24.886386659913413,53.70344867446606
21.6033295,0.25,26.747613266409527,0.1,25.365820978102178,25.365820978102178,11.648535258729629,10.699045306563896,25.36582097695083
28.3286296,0.25,26.876941954388215,0.09999999999999432,25.392041461541552,25.392041461541552,11.73378576887463,10.750776781755295,25.392041460949624
19.8854444,0.25,44.35527888496494,0.1,38.01063329713089,38.01063329713089,20.532610807116683,17.742111553985975,38.01063330019347
17.2914568,0.25,76.01693055101366,0.1,62.83536123882864,62.83536123265668,35.88158162693266,30.406772220405543,62.83536123265668
