Time,Probability,RiskPremium,T0,T1,T2,Z,Expected,CVaR
16.1783262,0.15,17.084923248414352,0.1,26.976411123705347,26.976411123705347,5.1810988324975344,8.135677737340188,26.97641113022324
32.5368696,0.15,33.07050425987246,0.09999999999998721,48.6431746261509,48.6431746261509,10.7435819972952,15.747859171367812,48.643174627414986
37.6101025,0.15,14.903836647203969,0.1,21.84645887491104,21.84645887491104,4.856892815841449,7.097065070097121,21.846458876424037
12.1009107,0.15,15.274902697490425,0.1,22.7437316266292,22.7437316266292,4.907145818362762,7.273763189281123,22.743731638513925
9.2326568,0.15,23.991638939352033,0.1,31.165738817747076,31.165738817747076,8.618819198906612,11.424589971120065,31.165738817747076
7.3136127,0.15,38.96345679080344,0.1,51.80466309904646,51.80466309904646,13.759302536402297,18.554027043239845,51.80466309904646
