Time,Probability,RiskPremium,T0,T1,T2,Z,Expected,CVaR
28.005362,0.25,21.33657133563563,0.1,24.818563184957355,24.818563181733694,6.030160310091842,11.229774387176475,24.818563181733694
14.6208341,0.25,45.375522797811165,0.09999999999999076,48.44035591188759,48.44035591188759,14.12611815127223,23.88185410411138,48.440355912203614
6.9057535,0.25,17.96797844379946,0.1,19.627947493006275,19.627947493006275,5.459812663971576,9.45683075989427,19.627947493006275
7.6766749,0.25,18.309349658658032,0.1,20.325041190938062,20.325041190938062,5.466287427134131,9.636499820346392,20.325041190938062
9.3391265,0.25,30.639014261291532,0.1,30.162857901305728,30.162857901305586,10.302099004471794,16.125796979627214,30.162857903602518
18.3011901,0.25,52.43216077950827,0.1,48.84744766752531,48.84744766752531,18.46081461311612,27.595874094477733,48.84744766752531
