Time,Probability,RiskPremium,T0,T1,T2,Z,Expected,CVaR
21.5779172,0.25,44.850708833934355,0.1,63.17809376188807,156.54192510569595,17.260059177997093,15.46576166687393,45.77798163953224
17.9621625,0.25,85.66786181993596,0.1,63.6545343968845,159.2186616820817,37.28540226095021,29.540642006874442,76.6451858871527
17.4852924,0.25,35.203359470259855,0.1,36.7901540834119,70.95489073513308,14.940027185485079,12.139089472503418,32.44969650318193
21.5495209,0.25,35.20997412116312,0.1,36.81050410629964,70.14192940826788,15.029379450698102,12.14137038660799,32.23943109625061
20.3531782,0.25,61.01293489919847,0.1,38.121498083200855,91.54684087940345,26.713911429931006,21.038943068689104,54.18914407013498
20.598988,0.25,106.77915208186772,0.1,63.62646810097078,169.065317266968,46.93936874674681,36.820397269609536,94.36886243338787
