Time,Probability,RiskPremium,T0,T1,T2,Z,Expected,CVaR
38.2652346,0.15,22.652376938850313,0.1,28.78864534506958,28.78864534506958,9.162888675124549,8.38976923661123,28.78864534506958
14.0305854,0.15,42.76108876300491,0.09999999999999076,49.305809248771,49.305809248771,18.55655623855042,15.837440282594493,49.30580925003508
13.066943,0.15,20.130425217961168,0.1,24.387988042214918,24.387988042214918,8.441643424640473,7.455713043689341,24.387988042214918
39.1041425,0.15,20.42924086911302,0.09999999999999432,24.8206587951763,24.8206587951763,8.54928703963835,7.566385507078864,24.82065879666189
11.5861244,0.15,31.453346400142,0.1,32.683026041527704,32.683026041527704,14.545549222288383,11.64938755560808,32.683026044590285
16.5795462,0.15,51.746000200557944,0.09999999999998721,56.26509832762224,56.26509832762224,23.305836675596016,19.16518525946588,56.26509832145027
