Time,Probability,RiskPremium,T0,T1,T2,Z,Expected,CVaR
31.8371981,0.2,31.66022837464164,0.1,30.224089257673935,30.224089257673935,15.205614976589782,10.553409458213888,30.224089257673935
17.8007935,0.2,62.73510258165751,0.1,54.223161757336854,54.223161757336854,31.829963452069787,20.91170086055237,54.223161757336854
20.6431209,0.2,27.877395372644973,0.1,26.294067884362295,26.294067884362295,13.484449420385829,9.292465124214925,26.294067884362295
24.8580458,0.2,28.09849353579426,0.09999999999999609,26.348731327855468,26.348731327855468,13.637558977489466,9.366164511931407,26.34873133317594
16.1299249,0.2,44.49243103790317,0.1,35.8433202662464,35.8433202662464,23.35786771493319,14.830810345967667,35.84332026930898
14.6769512,0.2,75.62201143775204,0.09999999999998721,62.51035981909025,62.51035982526219,39.22376748803108,25.207337145917347,62.51035982526219
