Time,Probability,RiskPremium,T0,T1,T2,Z,Expected,CVaR
10.8156649,0.15,9.806948438799434,0.1,15.803318988803516,15.803318988803516,1.529523792128184,5.768793199293748,15.803318988803516
5.3268803,0.15,21.05070007256557,0.09999999999999076,34.440020964109216,34.440020964109216,3.153621269796348,12.382764748567945,34.4400209653733
16.3858315,0.15,9.440600311868927,0.1,14.351180666841127,14.351180666841127,1.6878344189558745,5.553294301099348,14.351180668354028
9.3352246,0.15,9.486826153956253,0.09999999999999609,14.37931410226178,14.37931410226178,1.7066331472186165,5.5804859729154845,14.379314108204142
20.0570615,0.15,18.651606259332418,0.1,28.731014172751102,28.731014172751095,3.2402028958509623,10.971533093725052,28.73101417275111
22.8963679,0.15,30.53745167235043,0.1,48.431641130145806,48.431641123973776,4.95713624179057,17.96320686608856,48.431641123973776
