Time,Probability,RiskPremium,T0,T1,T2,Z,Expected,CVaR
14.1274461,0.05,11.361246492098571,0.1,63.178093761888086,109.79111751075692,2.953924087945632,4.544498596839426,30.29665731226287
36.2108114,0.05,17.35018196522973,0.1,63.6545343968845,119.67234110440711,4.511047310959733,6.940072786091891,46.267151907279256
25.9868393,0.05,9.882932357207741,0.1,36.7901540834119,61.68383187206887,2.569562412874014,3.953172942883093,26.35448628588731
26.9544508,0.05,9.888132122776918,0.1,36.81050410629964,58.05967081709798,2.5709143519220023,3.9552528491107646,26.3683523274051
37.6675792,0.05,12.869352361824347,0.1,38.12149808320086,75.85949867597273,3.3460316140743407,5.147740944729735,34.31827296486488
10.8676087,0.05,21.16324261873002,0.1,63.6264681009708,121.67854271248154,5.502443080869805,8.465297047492005,56.4353136499467
