Time,Probability,RiskPremium,T0,T1,T2,Z,Expected,CVaR
26.1034055,0.1,13.923274541131907,0.1,25.56338277834362,25.563382778343627,3.967719882896338,6.053597626579094,25.563382784861492
37.2090281,0.1,25.522516272969252,0.09999999999999076,48.596462367935274,48.596462367935274,6.92582683480798,11.096746205638752,48.596462368251295
20.443783,0.1,12.399430527313559,0.1,21.883604830182506,21.883604830182506,3.7098641601697793,5.3910567510058645,21.883604831695514
10.7604075,0.1,12.56283561783873,0.1,22.453552098519477,22.453552098519477,3.70244324312702,5.4621024425385665,22.45355210340414
8.8662603,0.1,18.907863566688818,0.1,31.549759523674886,31.549759523674886,6.021263464844667,8.220810246386465,31.549759523674886
14.1947941,0.1,30.560275170437073,0.1,51.060388474255966,51.060388474255966,9.718536546745671,13.287076161059677,51.0603884742185
