Time,Probability,RiskPremium,T0,T1,T2,Z,Expected,CVaR
22.7401758,0.25,32.96526884377595,0.1,33.07694926485005,33.07694926485005,15.18681936028367,12.678949555298361,33.0769492680737
18.1927603,0.25,66.44944248607567,0.09999999999998366,58.27326486862595,58.27326486736187,32.71301785947426,25.55747787925984,58.27326486862595
18.9963964,0.25,28.268881473726058,0.1,26.502358600510668,26.502358601662017,13.48880678310052,10.872646720663852,26.502358600510668
21.0449293,0.25,28.57388469764942,0.09999999999999609,26.984827206898295,26.984827206898295,13.585211156810264,10.989955652942012,26.984827204530582
21.1118318,0.25,51.7732513554416,0.1,38.121498083200855,51.5441957506593,23.952610680629995,19.91278898286215,51.5441957506593
19.7824704,0.25,91.69434162751543,0.1,63.62646810097078,93.57222882971276,41.85099356599631,35.26705447212134,93.57222882971276
