Time,Probability,RiskPremium,T0,T1,T2,Z,Expected,CVaR
16.7505924,0.15,29.052143668600763,0.1,63.178093761888086,109.79111751075698,12.98120064516399,10.375765595928852,48.34361511264845
14.090858,0.15,51.92663165079002,0.1,63.6545343968845,159.2186616820817,24.8104751784268,18.54522558956784,75.68476480820352
15.2201154,0.15,23.878718367790107,0.1,36.7901540834119,61.68383187206888,11.401468774704412,8.528113702782191,34.85568630480569
14.9002268,0.15,23.885114753140368,0.1,36.81050410629964,59.60930820403673,11.508216232878736,8.530398126121549,34.17373408705541
14.1134467,0.15,38.06227737480859,0.1,38.121498083200855,91.54684087940345,18.758832762468973,13.59367049100308,51.658831299913444
15.5582764,0.15,64.13574628826684,0.1,63.62646810097078,169.06531726696798,30.712100580215708,22.905623674380998,93.02577056551507
