Time,Probability,RiskPremium,T0,T1,T2,Z,Expected,CVaR
17.6036355,0.15,22.82668431104349,0.1,63.178093761888086,109.79111751075698,8.654133763442687,10.375765595928852,48.34361511264845
14.3641979,0.15,40.79949629704927,0.1,63.6545343968845,159.2186616820817,16.54031678561787,18.54522558956784,75.68476480820352
15.1065899,0.15,18.761850146120807,0.1,36.7901540834119,61.68383187206888,7.600979183136285,8.528113702782191,34.85568630480569
18.5570423,0.15,18.766875877467445,0.1,36.81050410629964,59.60930820403673,7.672144155252504,8.530398126121549,34.17373408705541
17.1121233,0.15,29.906075080206772,0.1,38.121498083200855,91.54684087940345,12.505888508312662,13.59367049100308,51.658831299913444
12.3660665,0.15,50.3923720836382,0.1,63.62646810097078,169.06531726696798,20.474733720143785,22.905623674380998,93.02577056551507
