Time,Probability,RiskPremium,T0,T1,T2,Z,Expected,CVaR
12.1781203,0.05,-1.0863108930910432e-11,2.0,-3.1845320252129264e-9,-3.1845320252129264e-9,-8.03870060887372e-12,-4.3452435723641734e-12,0.0
10.6247289,0.05,0.0,2.0,0.0,0.0,-0.0,0.0,0.0
17.0316217,0.05,-2.5216924844547367e-12,0.1,0.0,0.0,-1.866052438496505e-12,-1.0086769937818947e-12,0.0
12.7115179,0.05,0.0,2.0,0.0,0.0,-0.0,0.0,0.0
10.5294405,0.05,0.0,2.0,0.0,0.0,-0.0,0.0,0.0
11.5341323,0.05,0.0,2.0,5.809681624668883e-9,5.809681624668883e-9,-0.0,0.0,0.0
