Time,Probability,RiskPremium,T0,T1,T2,Z,Expected,CVaR
5.2533446,0.2,11.054191899507483,0.1,13.787546898215021,13.787546898215021,1.6376936462776426,6.502465823239679,13.787546898215021
14.4384244,0.2,24.019185860272668,0.1,30.137043406418247,30.137043406418247,3.487008781809518,14.128932858983879,30.137043407682327
16.9624068,0.2,10.995123790096882,0.1,13.321708965428687,13.321708965428677,1.7858082780088425,6.4677198765275685,13.321708965428714
17.8748601,0.2,11.13923902511103,0.1,13.351799323388978,13.35179932338896,1.8670231692456871,6.552493544182853,13.351799323389
32.5825612,0.2,22.067198887229026,0.1,26.940394532211076,26.940394532211076,3.5026179364504255,12.980705227781863,26.940394535273658
55.643398,0.2,38.23268223092843,0.1,47.281178386368055,47.28117838019611,5.8263230351087465,22.489813077016564,47.281178374024165
