Time,Probability,RiskPremium,T0,T1,T2,Z,Expected,CVaR
7.3379688,0.2,11.352140188068827,0.1,14.289563547586852,14.289563547586852,2.010268756857751,6.677729522393451,14.289563547586852
6.8141451,0.2,27.02373681281824,0.1,35.179409588768735,35.179409588768735,4.378338204346768,15.896315772246028,35.17940959003282
25.0775387,0.2,11.249894310261505,0.1,13.754577762595844,13.754577762595844,2.134361915275571,6.617584888389211,13.75457776437991
28.1310027,0.2,11.396104690276111,0.1,13.787248112956068,13.787248112956068,2.213233702597228,6.703590994280028,13.787248118276539
13.1857658,0.2,22.350015971313397,0.1,27.42018496112607,27.42018496112607,4.207356892678647,13.147068218419738,27.420184961891714
36.6749567,0.2,38.298507574319046,0.09999999999999432,47.39116925257767,47.39116925257767,7.068051320048082,22.528533867246384,47.391169258745386
