Time,Probability,RiskPremium,T0,T1,T2,Z,Expected,CVaR
16.415408,0.25,21.34428091844981,0.1,24.834793879188673,24.834793879188673,6.030160310086716,11.233832062341973,24.83479388241232
15.0571001,0.25,45.37552279783035,0.09999999999999432,48.440355911887586,48.440355911887586,14.126118151284338,23.881854104121484,48.44035591220361
6.1489961,0.25,17.96797844379946,0.1,19.627947493006275,19.627947493006275,5.459812663971576,9.45683075989427,19.627947493006275
6.1734037,0.25,18.309349658658032,0.1,20.325041190938062,20.325041190938062,5.466287427134131,9.636499820346392,20.325041190938062
6.7654286,0.25,30.639014261291532,0.1,30.162857901305728,30.162857901305586,10.302099004471794,16.125796979627214,30.162857903602518
19.2494156,0.25,52.43288525691857,0.1,48.84897696741428,48.84897696741428,18.46081338968115,27.59625539837817,48.848976961242336
