Time,Probability,RiskPremium,T0,T1,T2,Z,Expected,CVaR
21.7326032,0.05,8.18009747431097,0.1,63.178093761888086,109.79111751075692,1.8177994387357699,4.544498596839426,22.722492984197146
13.1100061,0.05,12.492131014965414,0.1,63.6545343968845,119.67234110440711,2.7760291144367653,6.940072786091891,34.700363930459446
13.0207085,0.05,7.1157112971895735,0.1,36.7901540834119,61.68383187206887,1.5812691771532403,3.953172942883093,19.765864714415475
12.7720133,0.05,7.119455128399386,0.1,36.81050410629964,58.05967081709798,1.5821011396443099,3.9552528491107646,19.77626424555384
12.2917379,0.05,9.265933700513527,0.1,38.12149808320086,75.85949867597273,2.0590963778918936,5.147740944729735,25.738704723648695
12.5932356,0.05,15.237534685485615,0.1,63.6264681009708,121.67854271248154,3.3861188189968026,8.465297047492005,42.32648523746003
