Time,Probability,RiskPremium,T0,T1,T2,Z,Expected,CVaR
40.771814,0.15,24.1742887052323,0.09999999999999609,28.375024697328804,28.375024697328804,9.826608157673478,8.335961622493894,28.37502470604383
11.6850479,0.15,45.752199164079,0.1,48.83997574456578,48.83997574456578,20.056572159724812,15.776620401406488,48.83997574456578
11.5972276,0.15,21.292034747049183,0.1,23.53611859246866,23.53611859246866,9.091742506227734,7.342080947258308,23.53611859246866
14.2037326,0.15,21.72327224380166,0.1,24.246030903938745,24.246030903938745,9.205914498195538,7.490783532345398,24.246030909881107
15.6278695,0.15,33.77501072626581,0.1,32.66177332057337,32.66177332057337,15.823889933179915,11.646555422850204,32.66177332363595
15.0605691,0.15,54.8987427220072,0.09999999999999432,54.456100584328325,54.456100584328325,25.310491891523977,18.930600938623158,54.45610057815635
