Time,Probability,RiskPremium,T0,T1,T2,Z,Expected,CVaR
10.3341698,0.05,11.815696351782517,0.1,63.178093761888086,109.79111751075695,2.5666409623371482,4.544498596839427,35.90821054754571
10.9083067,0.05,18.044189243838925,0.1,63.6545343968845,119.67234110440717,3.7944108399586387,6.940072786091891,55.67144357134789
11.5083945,0.05,10.278249651496049,0.1,36.7901540834119,61.68383187206889,2.426242794972879,3.953172942883093,29.94539903381694
12.2397792,0.05,10.283657407688,0.1,36.81050410629964,58.059670817097995,2.4590632980720115,3.9552528491107646,29.750861252478924
12.6774646,0.05,13.384126456297315,0.1,38.121498083200855,75.85949867597274,3.3247232005203626,5.147740944729735,37.89215635171121
11.2045128,0.05,22.009772323479226,0.1,63.6264681009708,121.6785427124816,5.34111068236561,8.465297047492005,63.154394338302694
