Time,Probability,RiskPremium,T0,T1,T2,Z,Expected,CVaR
13.2725979,0.05,8.720761025037662,0.09999999999999432,21.286842385840732,21.286842385840732,0.22969702542446307,3.0071589741509186,21.286842392358597
15.430643,0.05,12.947652611824347,0.09999999999999076,31.603142214599842,31.603142215578586,0.34141448955192377,4.464707797180836,31.603142214152882
15.8915637,0.05,8.798121937603947,0.1,21.274268848014675,21.274268848014675,0.29215667757101377,3.033835150897894,21.274268848014675
13.6280921,0.05,8.827377715529074,0.09999999999999432,21.245234986211,21.245234986211,0.32306087453806137,3.0439233501824368,21.245234986211
13.2221522,0.05,12.733283885387566,0.09999999999999076,30.784388144675678,30.78438814559197,0.42441615930511367,4.3907875466853525,30.784388144675678
9.3585363,0.05,20.495025562836492,0.09999999999999998,49.77674274687237,49.77674274687237,0.6149276046605676,7.067250194081536,49.7767427410627
