Time,Probability,RiskPremium,T0,T1,T2,Z,Expected,CVaR
15.4287177,0.15,22.826684311045724,0.1,63.17809376188807,109.79111751075698,4.242657215773661,10.375765595929865,37.73663726040386
18.6843478,0.15,40.79949629705437,0.1,63.6545343968845,159.2186616821565,9.054635750796098,18.545225589570165,62.54400877853051
17.6130447,0.15,18.761850146120803,0.1,36.79015408341189,61.68383187206888,4.202697194202765,8.528113702782187,28.63157786656837
17.4270345,0.15,14.517244568173584,0.1,18.862238220086816,18.862238220086816,4.239459495284349,6.598747530987986,18.86220600399203
16.2407879,0.15,29.906075080214617,0.1,38.121498083200855,91.54684087940345,7.865009335863994,13.593670491006643,41.7516546688199
12.6039408,0.15,50.35446567159503,0.1,63.62646810097078,145.36969018800173,12.431062498739683,22.888393487088646,73.0050924396443
