Time,Probability,RiskPremium,T0,T1,T2,Z,Expected,CVaR
5.1697667,0.2,11.054191899507483,0.1,13.787546898215021,13.787546898215021,1.6376936462776426,6.502465823239679,13.787546898215021
16.8828886,0.2,24.08520261092503,0.1,30.243924276310334,30.243924276310334,3.4869731548628575,14.167766241720335,30.24392427757442
51.5282425,0.2,11.003926280752795,0.1,13.336010408145928,13.336010408145928,1.785783427329586,6.472897812207574,13.336010415246605
19.0262093,0.2,11.13923902511103,0.1,13.351799323388978,13.35179932338896,1.8670231692456871,6.552493544182853,13.351799323389
29.6045671,0.2,22.065577142716208,0.1,26.937768937033955,26.937768937033944,3.5026188116499055,12.97975126042148,26.937768937033955
55.1008086,0.2,38.232682230991394,0.1,47.281178392540006,47.28117838636806,5.826323035100117,22.4898130770536,47.2811783741476
