Time,Probability,RiskPremium,T0,T1,T2,Z,Expected,CVaR
20.4521777,0.2,35.358713839671864,0.1,63.17809376188807,156.54192510569598,17.906257046019874,13.095819940619208,42.140065627504306
19.6372964,0.2,65.30849435930112,0.1,63.6545343968845,159.2186616820817,34.36680818830942,24.188331244185548,69.21069742289262
18.1027085,0.2,28.071097167534447,0.1,36.7901540834119,70.95489073513308,14.580009736855178,10.396702654642404,31.02593449488825
19.5259685,0.2,28.077021793839272,0.1,36.81050410629964,70.1419294082679,14.626557399978314,10.3988969606812,30.742679848546288
19.3681044,0.2,46.93826399894163,0.1,38.121498083200855,91.54684087940345,25.00580086755244,17.384542221830234,47.70401495222346
17.2343367,0.2,80.80561621427013,0.1,63.62646810097078,169.065317266968,42.80948449786699,29.92800600528522,83.71551074607174
