Time,Probability,RiskPremium,T0,T1,T2,Z,Expected,CVaR
38.6863256,0.1,12.983355261039238,0.1,20.15667460777488,20.15667460777488,2.552846780446335,5.193342104415666,20.156674607779202
23.77895,0.1,21.250494668378927,0.1,32.78506414444555,32.78506414444555,4.2505936031596345,8.500197867351584,32.78506414697372
53.4787666,0.1,12.220462297022468,0.09999999999999609,18.70696031642275,18.70696031642275,2.4957059890371847,4.888184918808967,18.706960316455532
11.7111559,0.1,12.213524205965204,0.10000000366349227,18.77760398783817,18.77760398783817,2.465846516243486,4.885409682386085,18.777603989059337
25.4026064,0.1,19.70403976811669,0.1,29.322021345109277,29.32202134510928,4.318281957618107,7.881615907246646,29.32202134510928
19.3631027,0.1,32.375595067298825,0.1,48.742944703473995,48.742944703473995,6.897909703585306,12.95023802691958,48.742944703473995
