Time,Probability,RiskPremium,T0,T1,T2,Z,Expected,CVaR
23.5219515,0.1,14.731776311423632,0.1,20.524659615826902,20.524659615826902,3.3651032555020923,5.261348682651308,20.524659615826902
18.7784784,0.1,24.94722235669903,0.09999999999999076,34.98580799498021,34.98580799498021,5.607065796430739,8.909722270249658,34.985807995296234
12.5430092,0.1,13.784536383096459,0.09999999999999609,18.89552399111593,18.89552399111593,3.27249756109562,4.923048708248742,18.895523992628938
22.0627492,0.1,13.723080495790256,0.1,18.862238220086475,18.862238220086475,3.2375251011653052,4.90110017706797,18.862238220960386
48.2671637,0.1,22.09949392143705,0.1,29.381561517566954,29.381561517566954,5.611263472636189,7.892676400513222,29.381561521232115
41.0172168,0.1,36.27578932835106,0.1,48.7720847218291,48.7720847218291,8.993572012115752,12.955639045839606,48.7720847218291
