Time,Probability,RiskPremium,T0,T1,T2,Z,Expected,CVaR
34.1206492,0.15,7.9155658159804005,0.09999999999999609,13.043547650290215,13.043547650290215,0.13462552562915336,4.947228634987748,13.043547650311941
51.0913373,0.15,16.15387292891885,0.1,26.720375420249475,26.720375420249475,0.2392306543476811,10.0961705805743,26.720375420565496
92.3590614,0.15,8.257164514245996,0.1,13.125857001713257,13.125857001713257,0.30864148026346255,5.160727821403746,13.12585700020026
60.0515576,0.15,8.344309777694535,0.1,13.226240099944878,13.226240099944878,0.325249895005494,5.215193611059003,13.226240101430472
49.1237588,0.15,16.640019887746952,0.1,26.82832350621281,26.828323506212797,0.49009858117521077,10.400012429841881,26.82832350621282
7.863406,0.15,28.143365637980626,0.09999999999999432,47.199293891972715,47.199293891972715,0.1903704853606587,17.58960352373763,47.199293891972715
