Time,Probability,RiskPremium,T0,T1,T2,Z,Expected,CVaR
17.1465142,0.15,28.014567109007896,0.1,63.178093761888086,109.79111751075698,14.902714346632058,10.375765595928852,37.736637260398794
16.2876878,0.15,50.0721090918332,0.1,63.6545343968845,159.2186616820817,27.127005183370265,18.54522558956784,62.54400877851889
14.4884015,0.15,23.025906997511896,0.1,36.7901540834119,61.68383187206888,12.487446878351106,8.528113702782191,28.631577866568378
15.0443035,0.15,23.03207494052824,0.1,36.81050410629964,59.60930820403673,12.50267072905286,8.530398126121549,28.520458979659754
16.0583114,0.15,36.702910325708295,0.1,38.121498083200855,91.54684087940345,20.293441416925365,13.59367049100308,41.75165466880207
13.2676786,0.15,61.84518392082874,0.1,63.62646810097078,169.06531726696798,33.920998276275235,22.905623674380998,73.09124337610605
