Time,Probability,RiskPremium,T0,T1,T2,Z,Expected,CVaR
6.2098209,0.05,-8.255962787491929e-12,2.0,0.0,-3.1845320252129264e-9,-5.2143112346432955e-12,-4.3452435723641734e-12,6.315935428978667e-17
6.3540086,0.05,4.958979597328531e-12,2.0,3.91497678720043e-9,3.91497678720043e-9,3.1319681662959433e-12,2.6099892617518586e-12,6.315935428978667e-17
5.3824653,0.05,-1.9164727878736205e-12,0.1,0.0,0.0,-1.2104275507833034e-12,-1.0086698883545369e-12,7.894919286223334e-17
5.9939318,0.05,4.730068307405114e-12,2.0,3.7342573477872065e-9,3.7342573477872065e-9,2.9874020886685073e-12,2.4895096354763763e-12,3.1579677144893335e-17
5.4005792,0.05,4.642505283906455e-12,2.0,3.6651641721618944e-9,3.6651641721618944e-9,2.932099126458828e-12,2.4434238336349755e-12,3.1579677144893335e-17
5.271043,0.05,2.7000623958883807e-17,2.0,5.809681624668883e-9,5.809681624668883e-9,-3.03164900590976e-17,1.4210854715202004e-17,1.578983857244667e-16
