Time,Probability,RiskPremium,T0,T1,T2,Z,Expected,CVaR
43.4883125,0.15,16.318873071298565,0.1,22.94615717006936,22.946157170069352,4.242657215773501,7.4176695778630455,22.946157170069895
44.3432238,0.15,34.31795323431328,0.1,47.813239842428345,47.813239842428345,9.054632524833282,15.599069651960498,47.81323984369243
30.137257,0.15,14.477476400063367,0.09999999999999609,18.89552399111593,18.89552399111593,4.202349438618171,6.580671090937833,18.89552399262893
30.2871934,0.15,14.514979223971041,0.1,18.857057488498544,18.857057488498544,4.239459495284311,6.597717829077764,18.857057494440905
22.0483623,0.15,24.451995478760125,0.1,29.356019208763733,29.356019208763733,7.865009335606712,11.11454339943644,29.356019211826318
37.1851446,0.15,39.698136160547435,0.1,48.786161732718114,48.78616173426109,12.431062498739564,18.044607345703422,48.786161732718114
