Time,Probability,RiskPremium,T0,T1,T2,Z,Expected,CVaR
21.6807605,0.25,44.850708833934355,0.1,63.17809376188807,156.54192510569595,18.563434373136396,15.46576166687393,51.53747097995397
15.9060893,0.25,85.66786181993596,0.1,63.6545343968845,159.2186616820817,39.594161865173916,29.540642006874442,84.65083516649952
18.6164201,0.25,35.203359470259855,0.1,36.7901540834119,70.95489073513308,16.228803397610474,12.139089472503418,34.92397813965663
22.6572044,0.25,35.20997412116312,0.1,36.81050410629964,70.14192940826788,16.32538193719444,12.14137038660799,34.61877637781018
20.763953,0.25,61.01293489919847,0.1,38.121498083200855,91.54684087940345,28.58953091408426,21.038943068689104,58.9871461234396
19.3573171,0.25,106.77915208186772,0.1,63.62646810097078,169.065317266968,49.83997314677381,36.820397269609536,103.88300282122408
