Time,Probability,RiskPremium,T0,T1,T2,Z,Expected,CVaR
13.2633645,0.1,0.0,2.0,0.0,0.0,-0.0,0.0,0.0
14.8745251,0.1,0.0,2.0,0.0,0.0,-0.0,0.0,0.0
12.7541644,0.1,0.0,2.0,0.0,0.0,-0.0,0.0,0.0
15.4171132,0.1,0.0,2.0,0.0,0.0,-0.0,0.0,0.0
11.9204816,0.1,0.0,2.0,0.0,0.0,-0.0,0.0,0.0
11.788009,0.1,0.0,2.0,0.0,0.0,-0.0,0.0,0.0
