Time,Probability,RiskPremium,T0,T1,T2,Z,Expected,CVaR
20.2411499,0.2,18.453833642987846,0.09999999999999432,25.254152941303623,25.254152941303623,4.855887389887126,9.712544022625217,25.2541529445273
65.7927573,0.2,37.87777616183195,0.1,47.975702373396146,47.975702373396146,10.9320968203914,19.935671664122097,47.97570237339618
49.551105,0.2,15.255550157248733,0.09999999999999432,19.264632204106704,19.264632204106704,4.417464412553439,8.02923692486771,19.264632204178067
19.6025548,0.2,15.414111643766772,0.09999999999999609,19.371589304789588,19.371589304789588,4.48669656212079,8.112690338824597,19.37158931011006
10.3026471,0.2,26.143310592723456,0.1,29.612986832102468,29.612986832102468,8.420336019148976,13.759637154065029,29.612986832102468
7.0332601,0.2,43.604205817325344,0.1,48.84744766752531,48.84744766752531,14.18015739360504,22.949582009118437,48.84744766752531
