Time,Probability,RiskPremium,T0,T1,T2,Z,Expected,CVaR
64.4117312,0.15,7.915565815912612,0.09999999999999609,13.043547650290215,13.043547650290215,0.1346255255946059,4.947228634945384,13.043547650295647
62.9766148,0.15,16.157480215042714,0.1,26.726501925296002,26.726501925296002,0.23922820371742726,10.09842513440167,26.726501925612023
47.2778919,0.15,8.257164514245996,0.1,13.12585700020026,13.12585700020026,0.30864148026346255,5.160727821403746,13.12585700020026
52.5202801,0.15,8.344309777209663,0.09999999999999609,13.226240099944878,13.226240099944878,0.325249895235866,5.215193610755949,13.22624009994983
56.9210052,0.15,16.601863994631696,0.1,26.7637054464343,26.76370544337172,0.4900598405626351,10.376164996644766,26.76370544642833
4.8501166,0.15,28.143365637980626,0.09999999999999432,47.199293891972715,47.199293891972715,0.1903704853606587,17.58960352373763,47.199293891972715
