Time,Probability,RiskPremium,T0,T1,T2,Z,Expected,CVaR
55.9446229,0.15,20.65326678798519,0.09999999999999609,27.830338033820034,27.830338033820034,7.499702241505136,8.261306715194104,27.83033804033794
24.8044622,0.15,39.433971831614656,0.09999999999998721,48.81785499969683,48.81785499969683,15.399316531890033,15.7735887326458,48.81785500096091
13.770563,0.15,18.15994196601517,0.1,22.97442640489606,22.97442640489606,6.968352774986653,7.2639767864060465,22.97442640489606
12.4759125,0.15,18.430681448108363,0.1,23.405686126503145,23.405686126503145,7.050055479078864,7.37227257924337,23.405686138387868
11.2941227,0.15,29.08797766207627,0.1,32.581470638167026,32.581470638167026,12.216216703911709,11.635191064830455,32.581470638167026
13.3952765,0.15,46.83772098247361,0.1,53.03288098592299,53.03288098592299,19.528184442793677,18.73508839298945,53.03288097975102
