Time,Probability,RiskPremium,T0,T1,T2,Z,Expected,CVaR
11.9668309,0.05,-1.0863108930910432e-11,2.0,-3.1845320252129264e-9,-3.1845320252129264e-9,-7.821438430255512e-12,-4.3452435723641734e-12,0.0
11.8237826,0.05,0.0,2.0,0.0,0.0,-0.0,0.0,0.0
16.7202416,0.05,-2.5216924844547367e-12,0.1,0.0,0.0,-1.8156185888074105e-12,-1.0086769937818947e-12,0.0
23.1965734,0.05,0.0,2.0,0.0,0.0,-0.0,0.0,0.0
28.3029516,0.05,0.0,2.0,0.0,0.0,-0.0,0.0,0.0
30.3652177,0.05,0.0,2.0,5.809681624668883e-9,5.809681624668883e-9,-0.0,0.0,0.0
