Time,Probability,RiskPremium,T0,T1,T2,Z,Expected,CVaR
49.0592199,0.15,19.988491871881113,0.09999999999999609,26.0960658598937,26.0960658598937,6.5628943895907526,7.99539674875241,26.096065860545487
23.3351959,0.15,39.34102642524663,0.1,48.56963216259812,48.56963216259812,13.75464937701893,15.73641057009862,48.5696321638622
13.5513333,0.15,17.34869175059844,0.1,20.863191676792134,20.863191676792134,6.232100557393295,6.9394767002393385,20.863191676792134
12.0639603,0.15,17.586055905941457,0.1,21.243098384324817,21.243098384324817,6.289030736980451,7.034422362376554,21.243098384324824
14.6293511,0.15,28.285534468713738,0.1,30.468375362946876,30.468375362946876,11.225072208589765,11.314213787485501,30.468375362946876
14.1065878,0.15,45.88370322790515,0.09999999999998721,50.550959534276906,50.550959534276906,17.8709784656603,18.353481291161938,50.55095952810493
