Time,Probability,RiskPremium,T0,T1,T2,Z,Expected,CVaR
14.9597928,0.1,21.587838346778113,0.1,63.178093761888086,109.79111751075695,5.129559617613936,7.7099422667064745,32.70518930229992
13.0066941,0.1,35.79817778382633,0.1,63.6545343968845,159.2186616820817,8.517708369067703,12.785063494223687,54.200508981466314
12.0501814,0.1,18.191577531566743,0.1,36.7901540834119,61.683831872068886,4.613998040836725,6.496991975559554,26.727242018903787
14.8711518,0.1,18.19773922717216,0.1,36.81050410629964,58.73116960119909,4.585400345532691,6.499192581132909,26.82246772543737
11.9269292,0.1,26.669698619679195,0.1,38.121498083200855,75.85949867597274,7.34137270501759,9.524892364171135,37.5347025084296
21.1237456,0.1,44.14599013701696,0.1,63.62646810097078,121.6785427124816,11.909968171385984,15.766425048934627,62.82241623949559
