Time,Probability,RiskPremium,T0,T1,T2,Z,Expected,CVaR
7.4149602,0.2,27.50122187530035,0.1,63.17809376188807,156.54192510569598,8.596552797304131,13.095819940619208,42.140065627504306
7.4186034,0.2,50.79549561278972,0.1,63.6545343968845,159.2186616820817,17.602691132862695,24.188331244185548,69.21069742289262
6.9769805,0.2,21.833075574749035,0.1,36.7901540834119,70.95489073513308,7.310526552057473,10.396702654642404,31.02593449488825
5.5243966,0.2,21.83768361743051,0.1,36.81050410629964,70.1419294082679,7.370030079176294,10.3988969606812,30.742679848546288
7.3198623,0.2,36.507538665843455,0.1,38.121498083200855,91.54684087940345,13.059101897934568,17.384542221830234,47.70401495222346
6.3348914,0.2,62.84881261109902,0.1,63.62646810097078,169.065317266968,22.163305657656508,29.92800600528522,83.71551074607174
