Time,Probability,RiskPremium,T0,T1,T2,Z,Expected,CVaR
18.5808437,0.05,7.735491602205458,0.1,22.951374721252815,22.951374721252815,0.5667194559150326,3.223121500918954,22.951374727776336
11.2658685,0.05,11.049019149415951,0.1,32.650317431033585,32.650317431033585,0.8359492800967638,4.603757978923337,32.65031743090271
15.9623198,0.05,7.55387024619406,0.09999999999999432,22.144400422164672,22.144400422164672,0.6070334127271628,3.1474459359142073,22.144400423677688
12.8866169,0.05,7.6326897163387075,0.09999999999999432,22.28454170986886,22.28454170986886,0.6315514696655505,3.1802873818077937,22.284541706134604
13.5615182,0.05,10.82489796165452,0.1,31.707654917044838,31.707654917044838,0.8750676584270691,4.510374150689358,31.707654913379674
9.6699986,0.05,17.296066657029268,0.09999999999998721,50.84151186668958,50.84151186668958,1.3624087325101573,7.206694440428904,50.8415118608799
