Time,Probability,RiskPremium,T0,T1,T2,Z,Expected,CVaR
14.1658528,0.05,1.0950014655008997e-10,2.0,6.51786535854626e-9,0.0,-3.0416707375025077e-12,6.083341475004998e-11,4.0555609833366646e-10
36.3584847,0.05,-6.107362935381389e-11,2.0,0.0,0.0,-3.2233304381179576e-11,-3.3929794085452155e-11,0.0
25.4424416,0.05,-1.8156057990381666e-12,0.1,0.0,0.0,-9.582482363157396e-13,-1.0086698883545369e-12,7.894919286223334e-17
26.9663776,0.05,-4.481107964693364e-11,2.0,0.0,0.0,-2.3650292035881645e-11,-2.4895044248296476e-11,0.0
38.1771418,0.05,-4.838020117858832e-11,2.0,0.0,0.0,-2.5533995066477172e-11,-2.687788954366018e-11,0.0
10.8857385,0.05,2.5579538487363606e-17,2.0,5.809681624668883e-9,5.809681624668883e-9,-1.01844458792281e-17,1.4210854715202004e-17,1.578983857244667e-16
