Time,Probability,RiskPremium,T0,T1,T2,Z,Expected,CVaR
41.4425214,0.15,10.74861112039257,0.09999999999999609,14.351486380137592,14.351486380137592,1.7834332296125335,5.374305560196285,14.351486386655584
45.6385559,0.15,22.508709345175024,0.1,30.302802925790147,30.302802925790147,3.6349753713064645,11.254354672587482,30.302802925790147
57.1173282,0.15,11.01758020995283,0.1,14.190064416755384,14.190064416755384,2.03628037964468,5.508790104976415,14.190064418305651
29.3661994,0.15,11.049051964243363,0.1,14.176055002132571,14.176055002132575,2.06391437411735,5.5245259821216814,14.176055002132602
79.7426872,0.15,21.50346021749231,0.1,27.923800411200027,27.923800411200027,3.882901986546413,10.751730108746155,27.923800414245456
38.8095225,0.15,35.65751102368742,0.1,47.94684139206844,47.94684139206844,5.78152116222268,17.82875551184369,47.94684138589647
