Time,Probability,RiskPremium,T0,T1,T2,Z,Expected,CVaR
40.7562112,0.15,17.586683448941308,0.1,21.063160295212157,21.063160295212157,4.940615303182723,7.034673379576567,21.06316029503156
12.0177372,0.15,38.786487112909796,0.1,47.40464691809775,47.40464691809775,10.515871437561062,15.51459484516392,47.40464692062593
46.5193841,0.15,15.983220989049247,0.1,17.986502317060573,17.986502317060573,4.952647024701866,6.393288395619695,17.986502317438823
18.4190339,0.15,16.316715154967827,0.1,18.51416986542957,18.51416986542957,4.995035569226723,6.526686061987222,18.51416987137193
52.9428575,0.15,27.72767113212256,0.1,29.2411909307154,29.2411909307154,9.376553688126826,11.091068452849095,29.241190930715717
69.3100639,0.15,45.08701637106458,0.1,48.73840324458485,48.73840324458485,14.770771144217067,18.034806548425703,48.7384032444801
