Time,Probability,RiskPremium,T0,T1,T2,Z,Expected,CVaR
14.9124855,0.1,22.358832573448773,0.1,63.178093761888086,109.79111751075695,9.551341687740482,7.7099422667064745,41.693599726718645
13.9447225,0.1,37.07668413324868,0.1,63.6545343968845,159.2186616820817,16.397186128910338,12.785063494223687,65.414626894988
11.9979812,0.1,18.84127672912269,0.1,36.7901540834119,61.683831872068886,8.448839251901425,6.496991975559554,32.46662865330432
21.4787569,0.1,18.84765848528547,0.1,36.81050410629964,58.73116960119909,8.473929478101807,6.499192581132909,32.32943542147129
15.8511339,0.1,27.62218785609629,0.1,38.121498083200855,75.85949867597274,12.887995832687327,9.524892364171135,44.25355675909002
14.8131916,0.1,45.722632641910415,0.1,63.62646810097078,121.6785427124816,21.016506430029043,15.766425048934627,75.36443280191288
