Time,Probability,RiskPremium,T0,T1,T2,Z,Expected,CVaR
4.4609006,0.05,8.634547333994913,0.1,63.178093761888086,109.79111751075692,1.363349579051829,4.544498596839426,22.722492984197146
4.6830753,0.05,13.1861382935746,0.1,63.6545343968845,119.67234110440711,2.0820218358275753,6.940072786091891,34.700363930459446
4.2515074,0.05,7.511028591477883,0.1,36.7901540834119,61.68383187206887,1.1859518828649298,3.953172942883093,19.765864714415475
4.1355259,0.05,7.514980413310466,0.1,36.81050410629964,58.05967081709798,1.1865758547332383,3.9552528491107646,19.77626424555384
4.84842,0.05,9.7807077949865,0.1,38.12149808320086,75.85949867597273,1.5443222834189247,5.147740944729735,25.738704723648695
4.1721247,0.05,16.084064390234825,0.1,63.6264681009708,121.67854271248154,2.5395891142476144,8.465297047492005,42.32648523746003
