Time,Probability,RiskPremium,T0,T1,T2,Z,Expected,CVaR
24.8057362,0.05,8.375851722847543,0.1,25.368600146861013,25.368600146861013,1.6041142156316515,3.4899382178531355,25.368600146938054
9.870327,0.05,11.84797923714798,0.1,35.650183053067906,35.650183053067906,2.304292466618466,4.936658015478339,35.65018304915293
15.8825835,0.05,8.158778424978804,0.1,24.40909055000326,24.40909055000326,1.6078474836316523,3.3994910104078424,24.40909055000326
22.8329408,0.05,8.232642175545068,0.09999999999999432,24.502594410045557,24.502594410045557,1.6415255774261788,3.4302675731437606,24.5025944063113
13.0891957,0.05,11.105220572500315,0.09999999999999076,32.68675932081587,32.68675932081587,2.2691077221598652,4.627175238541796,32.686759317199574
9.6070655,0.05,18.009118303335132,0.1,53.54457334985348,53.54457334985348,3.5992029026307115,7.503799293056285,53.54457334404379
